"piler_party","party_id","party_code","party_name","Country"
"Agrarian Environmentalist Party",,,,"Albania"
"Agrarian Party",840,"PA","Agrarian Party","Albania"
"Albanian National Front Party",674,"BKS","Albanian National Front Party","Albania"
"Aleanca Kuq e Zi (AK)",8354,"AK","Red and Black Alliance","Albania"
"Christian Democratic Party",4715,"PKDSH","Christian Democratic Party of Albania","Albania"
"Communist Party of Albania",4711,"PPSH","Party of Labour / Albanian Workers' Party","Albania"
"Democratic Alliance Party",594,"PAD","Democratic Alliance Party","Albania"
"Democratic Party",190,"PDS","Democratic Party of Albania","Albania"
"Democratic Party of Albania",190,"PDS","Democratic Party of Albania","Albania"
"Democratic Party, PD",190,"PDS","Democratic Party of Albania","Albania"
"Environmental Party",,,,"Albania"
"Equal List, LIBRA",8491,"LIBRA","Libra Party","Albania"
"Fryma e Re Demokratike (FRD)",3697,"FRD","New Democratic Spirit","Albania"
"Green Party",,,,"Albania"
"Human Rights Union Party",1636,"PBDN","Unity for Human Rights Party","Albania"
"Justice, Integration and Unity Party",3270,"PDIU","Party for Justice, Integration and Unity","Albania"
"Levizja per Demokraci (PLD)",717,"BLD","Liberal Democratic Union","Albania"
"Libra Party",8491,"LIBRA","Libra Party","Albania"
"Lëvizja Socialiste për Integrim (LSI)",2297,"LSI","Socialist Movement for Integration","Albania"
"Movement for Legality Party - PLL",732,"PLL","Movement of Legality Party","Albania"
"Movement of Legality Party",732,"PLL","Movement of Legality Party","Albania"
"Movement of Leka Zogu I",732,"PLL","Movement of Legality Party","Albania"
"National Front Party",674,"BKS","Albanian National Front Party","Albania"
"National Front Party - PBK",674,"BKS","Albanian National Front Party","Albania"
"New Democrat Party",1558,"PDR","New Democratic Party","Albania"
"New Democratic Party",1558,"PDR","New Democratic Party","Albania"
"New Democratic Spirit",3697,"FRD","New Democratic Spirit","Albania"
"Partia Agrare The Agricultural Party",840,"PA","Agrarian Party","Albania"
"Partia Bashkimi për të Drejtat e Njeriut (PBDNJ)",1636,"PBDN","Unity for Human Rights Party","Albania"
"Partia Demokratike - Democratic Party",190,"PDS","Democratic Party of Albania","Albania"
"Partia Demokratike e Shqipërisë (PD)",190,"PDS","Democratic Party of Albania","Albania"
"Partia DjathtA Demokratike - The Right (wing) Democratic Party",,,,"Albania"
"Partia Drejtësi, Integrim dhe Unitet (PDIU)",3270,"PDIU","Party for Justice, Integration and Unity","Albania"
"Partia Komuniste - The Communist Party",4711,"PPSH","Party of Labour / Albanian Workers' Party","Albania"
"Partia Republikane - The Republican Party",819,"PRS","Republican Party of Albania","Albania"
"Partia Republikane e Shqipërisë (PR)",819,"PRS","Republican Party of Albania","Albania"
"Partia Social Demokrate - The Social Democrat Party",838,"PSD","Social Democratic Party of Albania","Albania"
"Partia Socialiste - Socialist Party",1729,"PSS","Socialist Party of Albania","Albania"
"Partia Socialiste e Shqipërisë (PS)",1729,"PSS","Socialist Party of Albania","Albania"
"Partia e AlencAs Demokratike - The Democratic Alliance Party",594,"PAD","Democratic Alliance Party","Albania"
"Partia e Ballit -The Front Party",8377,"BK","National Front","Albania"
"Partia e Demokristiane -The Demochristian Party",7013,"PDK","Demochristian Party of Albania","Albania"
"Partia e Legalitetit - The Legalization Party",732,"PLL","Movement of Legality Party","Albania"
"Partia e tA Drejtave tA Njeriut - The Human Rights Party",1636,"PBDN","Unity for Human Rights Party","Albania"
"Party for Justice, Integration and Unity",3270,"PDIU","Party for Justice, Integration and Unity","Albania"
"Party for the Future of the Greek Minority",,,,"Albania"
"Party of Labour / Albanian Workers' Party",4711,"PPSH","Party of Labour / Albanian Workers' Party","Albania"
"Party of National Unity",,,,"Albania"
"Party of Union for Democracy (PUD)",,,,"Albania"
"Reformed Democratic Party",,,,"Albania"
"Republican Party",819,"PRS","Republican Party of Albania","Albania"
"Republican Party of Albania",819,"PRS","Republican Party of Albania","Albania"
"Republican Party of Albania - PR",819,"PRS","Republican Party of Albania","Albania"
"SFIDA",,,,"Albania"
"Social Democratic Party",838,"PSD","Social Democratic Party of Albania","Albania"
"Social Democratic Party of Albania",838,"PSD","Social Democratic Party of Albania","Albania"
"Socialist Movement for Integration",2297,"LSI","Socialist Movement for Integration","Albania"
"Socialist Party",1729,"PSS","Socialist Party of Albania","Albania"
"Socialist Party of Albania",1729,"PSS","Socialist Party of Albania","Albania"
"The Christian Democratic Party of Albania - PDK",7013,"PDK","Demochristian Party of Albania","Albania"
"The Communist Party of Albania",4711,"PPSH","Party of Labour / Albanian Workers' Party","Albania"
"The Democratic Alliance Party",594,"PAD","Democratic Alliance Party","Albania"
"The Democratic Alliance Party - PAD",594,"PAD","Democratic Alliance Party","Albania"
"The Democratic Party of Albania - PD",190,"PDS","Democratic Party of Albania","Albania"
"The Environmentalist Agrarian Party - PAA",,,,"Albania"
"The Human Rights Union Party",1636,"PBDN","Unity for Human Rights Party","Albania"
"The Legality Movement Party",732,"PLL","Movement of Legality Party","Albania"
"The Liberal Democracy Party - PDL",717,"BLD","Liberal Democratic Union","Albania"
"The New Democratic Party - PDR",1558,"PDR","New Democratic Party","Albania"
"The People's Alliance Party",,,,"Albania"
"The Reformed Democratic Party",,,,"Albania"
"The Social Democracy Party of Albania - PDSSH",,,,"Albania"
"The Social Democratic Party of Albania - PSD",838,"PSD","Social Democratic Party of Albania","Albania"
"The Socialist Movement for Integration - LSI",2297,"LSI","Socialist Movement for Integration","Albania"
"The Socialist Party of Albania - PSSH",1729,"PSS","Socialist Party of Albania","Albania"
"Union for Human Rights Party - PBDNJ",1636,"PBDN","Unity for Human Rights Party","Albania"
"Unity for Human Rights Party",1636,"PBDN","Unity for Human Rights Party","Albania"
"Age 54",,,,"Algeria"
"Al-Moustakbal (Future) Front",,,,"Algeria"
"Algerian National Front",4098,"FNA","Algerian National Front","Algeria"
"Algerian National Front (FNA)",4098,"FNA","Algerian National Front","Algeria"
"Algerian National Party",,,,"Algeria"
"Algerian Popular Movement (MPA)",,,,"Algeria"
"Algerian Renewal Party",8868,"PRA","Party of Algerian Renewal","Algeria"
"Amal Algeria Group",,,,"Algeria"
"Democratic National Rally",4113,"RND","National Rally for Democracy","Algeria"
"EL ADALA",,,,"Algeria"
"El Binaa (National Construction Movement)",,,,"Algeria"
"El-Infitah",,,,"Algeria"
"Ennahda (MN)",6219,"MRI","Movement of the Islamic Renaissance","Algeria"
"FAN",,,,"Algeria"
"FFS",4114,"FFS","Socialist Forces Front","Algeria"
"FJD",,,,"Algeria"
"FLN",4111,"FLN","National Liberation Front","Algeria"
"Freedom and Justice Party",,,,"Algeria"
"Front national algérien",4098,"FNA","Algerian National Front","Algeria"
"Front of Socialist Forces",4114,"FFS","Socialist Forces Front","Algeria"
"Front of Socialist Forces (FFS)",4114,"FFS","Socialist Forces Front","Algeria"
"Future Front",,,,"Algeria"
"Generation of  54",,,,"Algeria"
"Islamic Renaissance Movement (MN)",6219,"MRI","Movement of the Islamic Renaissance","Algeria"
"Islamic Renaissance Movement (Nahda)",6219,"MRI","Movement of the Islamic Renaissance","Algeria"
"Jil Jadid",,,,"Algeria"
"Justice and Development Front",,,,"Algeria"
"MSP/Hamas",5221,"MSPP","Movement for the Society of Peace","Algeria"
"Mouvement de la société pour la paix / Hamas",5221,"MSPP","Movement for the Society of Peace","Algeria"
"Movement for National Reform",5222,"MPRN","Movement for National Reform","Algeria"
"Movement for National Reform  (Islah)",5222,"MPRN","Movement for National Reform","Algeria"
"Movement for Youth and Democracy",,,,"Algeria"
"Movement of Free Nationalists",,,,"Algeria"
"Movement of Society for Peace",5221,"MSPP","Movement for the Society of Peace","Algeria"
"Movement of Society for Peace (HMS)",5221,"MSPP","Movement for the Society of Peace","Algeria"
"Movement of Society for Peace (Hamas)",5221,"MSPP","Movement for the Society of Peace","Algeria"
"Movement of the Islamic Renaissance",6219,"MRI","Movement of the Islamic Renaissance","Algeria"
"National Construction Mvt",,,,"Algeria"
"National Democratic Front",,,,"Algeria"
"National Direction",,,,"Algeria"
"National Fidelity Party",,,,"Algeria"
"National Front of Independents for Harmony",,,,"Algeria"
"National Liberation Front",4111,"FLN","National Liberation Front","Algeria"
"National Liberation Front (FLN)",4111,"FLN","National Liberation Front","Algeria"
"National Party for Solidarity and Development",,,,"Algeria"
"National Rally for Democracy",4113,"RND","National Rally for Democracy","Algeria"
"National Rally for Democracy (RND)",4113,"RND","National Rally for Democracy","Algeria"
"National Republican Alliance",,,,"Algeria"
"National Republican Rally",,,,"Algeria"
"New Dawn (PFJ)",,,,"Algeria"
"New Dawn Party",,,,"Algeria"
"New Generation (Jil Jadid)",,,,"Algeria"
"Party of Algerian Renewal",8868,"PRA","Party of Algerian Renewal","Algeria"
"Party of the Algerian Renewal (PRA)",8868,"PRA","Party of Algerian Renewal","Algeria"
"RCD",6120,"RCD","Rally for Culture and Democracy","Algeria"
"RND",4113,"RND","National Rally for Democracy","Algeria"
"Rally For Culture and Democracy",6120,"RCD","Rally for Culture and Democracy","Algeria"
"Rally for Culture and Democracy",6120,"RCD","Rally for Culture and Democracy","Algeria"
"Rally for Culture and Democracy (RCD)",6120,"RCD","Rally for Culture and Democracy","Algeria"
"Renaissance Movement",6219,"MRI","Movement of the Islamic Renaissance","Algeria"
"Socialist Forces Front",4114,"FFS","Socialist Forces Front","Algeria"
"Socialist Forces Front (FFS)",4114,"FFS","Socialist Forces Front","Algeria"
"Socialist Labor Party",,,,"Algeria"
"TAJ",8734,"TAJ","Rally for Hope for Algeria","Algeria"
"Taj",8734,"TAJ","Rally for Hope for Algeria","Algeria"
"The National Rally for Democracy (RND)",4113,"RND","National Rally for Democracy","Algeria"
"The Rally of Algerian Hope (TAJ)",8734,"TAJ","Rally for Hope for Algeria","Algeria"
"Worker's Party",5622,"PT","Workers' Party","Algeria"
"Workers Party (PT)",5622,"PT","Workers' Party","Algeria"
"Workers' Party",5622,"PT","Workers' Party","Algeria"
"Workers' Party",5622,"PT","Workers' Party","Algeria"
"Workers' Party",5622,"PT","Workers' Party","Algeria"
"Workers' Party (PT)",5622,"PT","Workers' Party","Algeria"
"Youth Party",,,,"Algeria"
"Centre Democratic Andorra",,,,"Andorra"
"Democrats for Andorra",3713,"DA","Democrats for Andorra","Andorra"
"Els Verds dAndorra",3676,"VA","Greens of Andorra","Andorra"
"Greens of Andorra",3676,"VA","Greens of Andorra","Andorra"
"Liberal Party of Andorra",3673,"UL / PLA","Liberal Union / Liberal Party of Andorra","Andorra"
"Partit Liberal",,,,"Andorra"
"Partit Socialdemocrata",3675,"PS","Social Democratic Party","Andorra"
"Renovacio democratica",3674,"RD","Democratic Renewal","Andorra"
"Segle XXI",,,,"Andorra"
"Social Democracy and Progress",5875,"SDP","Social Democracy and Progress","Andorra"
"Social Democratic Party",3675,"PS","Social Democratic Party","Andorra"
"We can of Andorra",,,,"Andorra"
"CASA-CE - Manuel Fernandes",3556,"CASA — CE","Broad Convergence for the Salvation of Angola — Electoral Coalition","Angola"
"CASA-CE/ Andre Mendes de Carvalho ""Miau""",3556,"CASA — CE","Broad Convergence for the Salvation of Angola — Electoral Coalition","Angola"
"FNLA/Lucas Ngonda",5131,"FNLA","National Liberation Front of Angola","Angola"
"FNLA/Nimi a Simbi",5131,"FNLA","National Liberation Front of Angola","Angola"
"MPLA/ João Lourenço",2298,"MPLA","People's Movement for the Liberation of Angola — Labour Party","Angola"
"MPLA/ João Loureço",2298,"MPLA","People's Movement for the Liberation of Angola — Labour Party","Angola"
"PDP-ANA/Simão Makazu",,,,"Angola"
"PRA-JÁ - Abel Chivukuvuku",,,,"Angola"
"PRA-JÁ Servir Angola /Abel Chivukuvuku",,,,"Angola"
"PRS - Benedito Daniel",2342,"PRS","Social Renewal Party","Angola"
"PRS/Benedito Daniel",2342,"PRS","Social Renewal Party","Angola"
"UNITA - Adalberto da Costa Junior",2343,"UNITA","National Union for the Total Independence of Angola","Angola"
"UNITA/ Adalberto da Costa Junior",2343,"UNITA","National Union for the Total Independence of Angola","Angola"
"AR: Acción por la República",6112,"AR","Action for the Republic","Argentina"
"AR: Afirmación para una República Igualitaria (ARI)",1215,"ARI","Support for an Egalitarian Republic","Argentina"
"AR: Alternativa por una República de Iguales (Elisa Carrió)",1215,"ARI","Support for an Egalitarian Republic","Argentina"
"AR: Autodeterminación y Libertad (A y L)",,,,"Argentina"
"AR: Avanza Libertad",,,,"Argentina"
"AR: Coalicion Civica (CC)",6159,"CC","Civic Coalition ARI","Argentina"
"AR: Coalición Cívica (CC)",6159,"CC","Civic Coalition ARI","Argentina"
"AR: Frente Amplio Progresista (FAP)",6161,"FAP","Broad Progressive Front","Argentina"
"AR: Frente País Solidario (FREPASO)",5553,"FREPASO","Front for a Country in Solidarity","Argentina"
"AR: Frente Renovador (FR)",6160,"RF","Renewal Front","Argentina"
"AR: Frente de Izquierda y los Trabajadores (FIT)",6649,"FIT","Workers' Left Front","Argentina"
"AR: Frente de Todos (TODOS)",,,,"Argentina"
"AR: Frente para la Victoria (FPV)",2530,"FPV-PJ","Front for Victory","Argentina"
"AR: Fuerza Republicana",,,,"Argentina"
"AR: Izquierda Unida (IU)",8128,"IU","United Left","Argentina"
"AR: Juntos por el Cambio (Alianza UCR/PRO/CC)",,,,"Argentina"
"AR: La Alianza (UCR-FREPASO)",6116,"ALIANZA","Aliance for Work, Justice, and Education","Argentina"
"AR: Mov. Federal Recrear (López Murphy)",1116,"Recrear","Recreate for Growth","Argentina"
"AR: Movimiento Socialista de los Trabajadores (MST)",1210,"MST","Workers' Socialist Movement","Argentina"
"AR: Nueva Dirigencia",,,,"Argentina"
"AR: Nuevo Encuentro (EDE)",6088,"NE","New Encounter","Argentina"
"AR: Nuevo Movimiento al Socialismo (MAS)",,,,"Argentina"
"AR: Partido Coalición Cívica; Afirmación para una República",6159,"CC","Civic Coalition ARI","Argentina"
"AR: Partido Compromiso para el Cambio (CPC)",2529,"CPC","Commitment to Change","Argentina"
"AR: Partido Comunista (PC)",832,"PC","Communist Party of Argentina","Argentina"
"AR: Partido Demócrata Cristiano (PDC)",5188,"PDC","Christian Democratic Party","Argentina"
"AR: Partido Demócrata Progresista (PDP)",5112,"PDP","Democratic Progressive Party","Argentina"
"AR: Partido Humanista",4180,"PH","Humanist Party","Argentina"
"AR: Partido Humanista / Izquierda Unida (PH/ IU)",,,,"Argentina"
"AR: Partido Independencia",6297,"PI","Independent Party","Argentina"
"AR: Partido Justicialista (PJ)",623,"PJ","Justicialist [Peronist] Party","Argentina"
"AR: Partido Nueva Mayoría (Patricia Bullrich)",,,,"Argentina"
"AR: Partido Obrero (PO)",8082,"PO","Workers' Party","Argentina"
"AR: Partido Peronismo Federal",6648,"PF-PJ","Federal Peronism / Dissident Peronism","Argentina"
"AR: Partido Proyecto Sur",8083,"PS","Project South","Argentina"
"AR: Partido Socialista (PS)",1365,"PS","Socialist Party","Argentina"
"AR: Partido de Rico Modín",4181,"MODIN","Movement for Dignity and Independence","Argentina"
"AR: Partido para una República con Oportunidades (PRO)",1790,"PRO","Republican Proposal","Argentina"
"AR: Propuesta Republicana (PRO)",1790,"PRO","Republican Proposal","Argentina"
"AR: Recrear Argentina (RECREAR)",1116,"Recrear","Recreate for Growth","Argentina"
"AR: Union Civica Radical (UCR)",1724,"UCR","Radical Civic Union","Argentina"
"AR: Unión Cívica Radical (UCR)",1724,"UCR","Radical Civic Union","Argentina"
"AR: Unión del Centro Democrático (UCD)",4182,"UCD","Union of the Democratic Centre","Argentina"
"AR:Cambiemos (Alianza UCR/PRO/CC)",7049,"C","Let's change","Argentina"
"Action for the Republic, Domingo Cavallo",6112,"AR","Action for the Republic","Argentina"
"Alianza UCR Frepaso",6116,"ALIANZA","Aliance for Work, Justice, and Education","Argentina"
"Broad Progressive Front - FAP",6161,"FAP","Broad Progressive Front","Argentina"
"Citizen's Unity, Cristina Fernandez de Kirchner",7664,"CU","Citizen's Unity","Argentina"
"Civic Coalition",6159,"CC","Civic Coalition ARI","Argentina"
"Coalici",,,,"Argentina"
"Coalición Cívica (Carrio coalition)",6159,"CC","Civic Coalition ARI","Argentina"
"Coalición Cívica ARI (CC ARI)",6159,"CC","Civic Coalition ARI","Argentina"
"Coalición Cívica ARI (CC ARI) (Civic Coalition ARI)",6159,"CC","Civic Coalition ARI","Argentina"
"Compromise for change, Macri Party",2529,"CPC","Commitment to Change","Argentina"
"Cristina Fernandez Kirchner",,,,"Argentina"
"Eliza Carrio Party (ARI)",1215,"ARI","Support for an Egalitarian Republic","Argentina"
"Federal Commitment - Alianza Compromiso Federal",7747,"FC","Federal Commitment","Argentina"
"Frente Popular (Popular Front)",,,,"Argentina"
"Frente Renovador (Renovation Front)",6160,"RF","Renewal Front","Argentina"
"Frente de Todos/Peronismo",,,,"Argentina"
"Frente para la Victoria (Front for Victory)",2530,"FPV-PJ","Front for Victory","Argentina"
"Frepaso",5553,"FREPASO","Front for a Country in Solidarity","Argentina"
"Front for Victory",2530,"FPV-PJ","Front for Victory","Argentina"
"Front for Victory - FVP",2530,"FPV-PJ","Front for Victory","Argentina"
"Front for the Victory",2530,"FPV-PJ","Front for Victory","Argentina"
"GEN",8045,"GEN","Generation for a National Encounter","Argentina"
"Generacion para un encuentro nacional (GEN) (Generation for a national encounter)",8045,"GEN","Generation for a National Encounter","Argentina"
"Izquierda Socialista (IS) (Left Socialist)",,,,"Argentina"
"Izquierda Unida",8128,"IU","United Left","Argentina"
"Juntos por el cambio",,,,"Argentina"
"Justicialismo / Peronismo opposition of the Kirchner's",,,,"Argentina"
"Justicialismo / Peronismo pro Kirchnerista",,,,"Argentina"
"Justicialismo oposition of the Kirchner's",,,,"Argentina"
"Justicialismo oposition of the Kirchner's",,,,"Argentina"
"Justicialismo oposition of the Kirchner's",,,,"Argentina"
"Justicialismo oposition of the Kirchners",,,,"Argentina"
"Justicialismo pro Kirchnerista",,,,"Argentina"
"Justicialist Party",623,"PJ","Justicialist [Peronist] Party","Argentina"
"Justicialist [Peronist] Party, Daniel Scioli, Florencio",623,"PJ","Justicialist [Peronist] Party","Argentina"
"Justicialist [Peronist] Party, Daniel Scioli, Florencio Randazzo",623,"PJ","Justicialist [Peronist] Party","Argentina"
"Justicialista Party",623,"PJ","Justicialist [Peronist] Party","Argentina"
"Kirchnerismo - Unidad Cuidadana/Frente para la Victoria",,,,"Argentina"
"La Libertad Avanza/Libertarios/Javier Milei",,,,"Argentina"
"Lavagna group",,,,"Argentina"
"Left Front - Frente de Izquierda",6649,"FIT","Workers' Left Front","Argentina"
"Lopez Murphy Party (Recrear)",1116,"Recrear","Recreate for Growth","Argentina"
"Modin",4181,"MODIN","Movement for Dignity and Independence","Argentina"
"Movimiento Libres del Sur (Freemen of the South Movement)",,,,"Argentina"
"Movimiento Popular Neuquino",868,"MPN","Neuquén People's Movement","Argentina"
"Movimiento al Socialismo (MAS) (Movement to Socialism)",,,,"Argentina"
"PRO (Macri Political Party)",1790,"PRO","Republican Proposal","Argentina"
"PRO (Propuesta Republicana)",1790,"PRO","Republican Proposal","Argentina"
"PTS-Partido de los Trabajadores Socialistas",,,,"Argentina"
"Partido Humanista",4180,"PH","Humanist Party","Argentina"
"Partido Obrero (PO) (Worker's Party)",8082,"PO","Workers' Party","Argentina"
"Partido Obrero (PO) (Worker's Party)",8082,"PO","Workers' Party","Argentina"
"Partido Obrero (PO) (Worker's Party)",8082,"PO","Workers' Party","Argentina"
"Partido Socialista (Socialist Party)",1365,"PS","Socialist Party","Argentina"
"Partido Socialista Autentico (Authentic Socialist Party)",6435,"SA","Argentine Socialist","Argentina"
"Partido de los Trabajadores Socialistas (PTS) (Socialist Workers Party)",,,,"Argentina"
"Peronismo / Justicialismo",623,"PJ","Justicialist [Peronist] Party","Argentina"
"Peronismo/justicialismo no Kirchnerista",,,,"Argentina"
"Popular Front - Frente Popular",,,,"Argentina"
"Progressives",,,,"Argentina"
"Propuesta Republicana - PRO (Republican Proposal)",1790,"PRO","Republican Proposal","Argentina"
"Propuesta Republicana – PRO (Republican Proposal)",1790,"PRO","Republican Proposal","Argentina"
"Radical Civic Union",1724,"UCR","Radical Civic Union","Argentina"
"Radical Civic Union, Ricardo Alfonsin",1724,"UCR","Radical Civic Union","Argentina"
"Radicalismo",1724,"UCR","Radical Civic Union","Argentina"
"Republican Proposal",1790,"PRO","Republican Proposal","Argentina"
"Republican Proposal, Maria Eugenia Vidal",1790,"PRO","Republican Proposal","Argentina"
"Ricardo Alfonsin",,,,"Argentina"
"Socialismo",1365,"PS","Socialist Party","Argentina"
"Socialist Party, Hermes Binner",1365,"PS","Socialist Party","Argentina"
"Together for Change, Macri",,,,"Argentina"
"UCR (Union Civica Radical)",1724,"UCR","Radical Civic Union","Argentina"
"UCR Frepaso Alliance",6116,"ALIANZA","Aliance for Work, Justice, and Education","Argentina"
"UNEN (CABA) / Coalición Cívica + Radicales mas + Socialistas + Proyecto Sur (Resto del pais)",,,,"Argentina"
"Union Civica Radical (Radical Civic Union)",1724,"UCR","Radical Civic Union","Argentina"
"Union for Social Development - EDUSO",,,,"Argentina"
"United for a New Alternative",,,,"Argentina"
"'Apricot`s country' Party",,,,"Armenia"
"'Exit' (Way out) Party Union",,,,"Armenia"
"Amenian National Congress",4539,"HAK","Armenian National Congress","Armenia"
"Armenian Alliance",,,,"Armenia"
"Armenian Communist Party",2018,"HKK","Armenian Communist Party","Armenia"
"Armenian Communist Party - Hayastani Komunistakan Kusaktsutyun (HKK)",2018,"HKK","Armenian Communist Party","Armenia"
"Armenian Democratic Liberal Party - Hayastani Ramkavar Azatakan Kusaktsutyun (HRAK)",,,,"Armenia"
"Armenian National Congress (former All-Armenian Movement)",4539,"HAK","Armenian National Congress","Armenia"
"Armenian Renaissance Party (Former Rule of Law)",2007,"OEK/HV","Rule of Law / Armenian Renaissance","Armenia"
"Armenian Revolutionary Federation",2020,"HHD","Armenian Revolutionary Federation","Armenia"
"Armenian Revolutionary Federation - Hay Heghapokhakan Dashnaktsutyun (HHD)",2020,"HHD","Armenian Revolutionary Federation","Armenia"
"Artsakh-Hayastan Hasarakakan-Kaghakakan Kazmakerputyun AHKK",,,,"Armenia"
"Azgayin Inknoroshum Miavorum",2010,"AIM","National Self-Determination Union","Armenia"
"Bright Armenia",7507,"BA","Bright Armenia","Armenia"
"Christian-Democratic Rebirth Party",,,,"Armenia"
"Citizen's Decision",,,,"Armenia"
"Civil Contract",7754,"KP","Civil Contract","Armenia"
"Communist Party of Armenia",8012,"CPA","Communist Party of Armenia","Armenia"
"Dashink' Party",4206,"DP","Dashinq Party/Union Party","Armenia"
"Democratic Party of Armenia",6237,"DPA","Democratic Party of Armenia","Armenia"
"Democratic Party of Armenia - Hayastani Demokratakan Kusaktsutyun (HDK)",6237,"DPA","Democratic Party of Armenia","Armenia"
"Free Democrats Party",,,,"Armenia"
"Gita-ardyunaberakan ev Kaghakatsiakan Miutyun (GKM)",,,,"Armenia"
"Heritage Party",3783,"HePa","Heritage Party","Armenia"
"Impeachment Alliance",,,,"Armenia"
"Kristonya-Demokratakan Miutyun (KDM)",,,,"Armenia"
"Mighty Homeland",,,,"Armenia"
"National Agenda Party",,,,"Armenia"
"National Democratic Union",2009,"AZhM","National Democratic Union","Armenia"
"National Unity",2011,"AM","National Unity","Armenia"
"National Unity - Azgayin Gzoghovrdakan Miutyun (AGzM)",2011,"AM","National Unity","Armenia"
"New Times",,,,"Armenia"
"Pan-Armenian National Movement",4365,"HHS","Pan-Armenian National Movement","Armenia"
"Pan-Armenian National Movement - Hayots Hamazgayin Shargzum (HHSh)",4365,"HHS","Pan-Armenian National Movement","Armenia"
"People's Party",8367,"ZK","People's Party","Armenia"
"People's Party of Armenia",8367,"ZK","People's Party","Armenia"
"Peoples Party of Armenia",8367,"ZK","People's Party","Armenia"
"Prosperous Armenia",4205,"BHK","Prosperous Armenia Party","Armenia"
"Republic",2012,"HA","Republic","Armenia"
"Republic Party",2012,"HA","Republic","Armenia"
"Republican Party of Armenia",2013,"HHK","Republican Party of Armenia","Armenia"
"Republican Party of Armenia - Hayastani Hanrapetakan Kusaksutyun (HHK)",2013,"HHK","Republican Party of Armenia","Armenia"
"Rule of Law",2007,"OEK/HV","Rule of Law / Armenian Renaissance","Armenia"
"Rule of Law / Armenian Renaissance",2007,"OEK/HV","Rule of Law / Armenian Renaissance","Armenia"
"Sahmanadrakan Iravunk Miutyun (SIM)",,,,"Armenia"
"Sasna Tsrer Pan-Armenian Party",,,,"Armenia"
"Shamiram Women's Movement (SWM)",2015,"Sha","Semiramis (Women's Movement)","Armenia"
"Social Democrat Hunchakian Party",,,,"Armenia"
"Sotsial-Demokratakan Hnchakyan Kusaktsutyun",,,,"Armenia"
"Tagavorakan Kusaktsutyun (TaK)",,,,"Armenia"
"Tsarukyan Block (Prosperous Armenia Party)",8804,"TD","Tsarukyan Alliance","Armenia"
"United Labour Party",2016,"MAK","United Labour Party","Armenia"
"Animal Justice Party",,,,"Australia"
"Austral. Democrats",990,"AD","Australian Democrats","Australia"
"Austral. labour p",424,"ALP","Australian Labor Party","Australia"
"Australia First Party",,,,"Australia"
"Australia Greens",1209,"AG","Australian Greens","Australia"
"Australian Christians",,,,"Australia"
"Australian Conservatives",,,,"Australia"
"Australian Cyclists Party",,,,"Australia"
"Australian Democrat",990,"AD","Australian Democrats","Australia"
"Australian Democrats",990,"AD","Australian Democrats","Australia"
"Australian Greens",1209,"AG","Australian Greens","Australia"
"Australian Labor Party",424,"ALP","Australian Labor Party","Australia"
"Australian Labor Party (ALP)",424,"ALP","Australian Labor Party","Australia"
"Australian Labor Party - ALP",424,"ALP","Australian Labor Party","Australia"
"Australian Labour Party",424,"ALP","Australian Labor Party","Australia"
"Australian Labour party",424,"ALP","Australian Labor Party","Australia"
"Australian Liberty Alliance",,,,"Australia"
"Australian Motoring Enthusiast Party",,,,"Australia"
"Australian Sex Party",,,,"Australia"
"Australian Shooters Party",,,,"Australia"
"Centre Alliance",,,,"Australia"
"Centre Alliance formerly known as Nick Xenophon Team (NXT)",5453,"NXT","Nick Xenophon Team","Australia"
"Christian Democratic Party",323,"CDP","Christian Democratic Party","Australia"
"Christian Democratic Party (CDP)",323,"CDP","Christian Democratic Party","Australia"
"Christian Democratic Party (Fred Nile Group)",323,"CDP","Christian Democratic Party","Australia"
"Citizens Electoral Council",,,,"Australia"
"Country Liberal Party (Nor.Terr)",143,"CLP","Country Liberal Party","Australia"
"Democratic Labor Party",1540,"DLP","Democratic Labour Party","Australia"
"Democratic Labour Party",1540,"DLP","Democratic Labour Party","Australia"
"Democratic Labour Party (DLP)",1540,"DLP","Democratic Labour Party","Australia"
"Democratic Labour Party - DLP",1540,"DLP","Democratic Labour Party","Australia"
"Democrats",990,"AD","Australian Democrats","Australia"
"Derryn Hinch's Justice Party",,,,"Australia"
"Derryn Hinch's Justice Party (Justice Party)",,,,"Australia"
"Family First",1263,"FFP","Family First Party","Australia"
"Family First Party",1263,"FFP","Family First Party","Australia"
"Fraser Anning's Conservative National Party",,,,"Australia"
"Greens",1209,"AG","Australian Greens","Australia"
"Health Australia Party",,,,"Australia"
"Help End Marijuana Prohibition (HEMP) Party",,,,"Australia"
"Information insufficient",,,,"Australia"
"Jacqui Lambie Network",,,,"Australia"
"Jacqui Lambie Network (JLN)",,,,"Australia"
"Katter's Australia Party",1997,"Katter","Katter's Australian Party","Australia"
"Katter's Australian Party",1997,"Katter","Katter's Australian Party","Australia"
"Katter's Australian Party",1997,"Katter","Katter's Australian Party","Australia"
"Katter's Australian Party",1997,"Katter","Katter's Australian Party","Australia"
"Labor",424,"ALP","Australian Labor Party","Australia"
"Labor Party",424,"ALP","Australian Labor Party","Australia"
"Labor Party (ALP)",424,"ALP","Australian Labor Party","Australia"
"Labor Party - ALP",424,"ALP","Australian Labor Party","Australia"
"Labour Party",424,"ALP","Australian Labor Party","Australia"
"Labour Party (ALP)",424,"ALP","Australian Labor Party","Australia"
"Labour Party - ALP",424,"ALP","Australian Labor Party","Australia"
"Labour Party,ALP",424,"ALP","Australian Labor Party","Australia"
"Labour Party-ALP",424,"ALP","Australian Labor Party","Australia"
"Liberal",486,"LPA","Liberal Party of Australia","Australia"
"Liberal Democratic Party",9149,"LDP","Liberal Democratic Party","Australia"
"Liberal Democratic Party (LDP)",9149,"LDP","Liberal Democratic Party","Australia"
"Liberal Democrats",9149,"LDP","Liberal Democratic Party","Australia"
"Liberal Democrats (LDP)",9149,"LDP","Liberal Democratic Party","Australia"
"Liberal National Party (LNP)",285,"LNPQ","Liberal National Party of Queensland","Australia"
"Liberal National Party / Country Liberal Party",,,,"Australia"
"Liberal National Party of Queensland",285,"LNPQ","Liberal National Party of Queensland","Australia"
"Liberal Party",486,"LPA","Liberal Party of Australia","Australia"
"Liberal Party (Liberal National Party (LNP) / Country Liberal Party)",,,,"Australia"
"Liberal Party of Australia",486,"LPA","Liberal Party of Australia","Australia"
"Liberal party",486,"LPA","Liberal Party of Australia","Australia"
"Liberal-National Party/Country Liberal Party/Liberal",,,,"Australia"
"Motoring Enthusiasts Party",,,,"Australia"
"National",338,"NAT","Nationalist Party of Australia","Australia"
"National (Country) Party",1743,"ACP-NPA","Australian Country Party / National Party of Australia","Australia"
"National Party",1743,"ACP-NPA","Australian Country Party / National Party of Australia","Australia"
"National Party of Australia",1743,"ACP-NPA","Australian Country Party / National Party of Australia","Australia"
"National Party of Australia - NPA",1743,"ACP-NPA","Australian Country Party / National Party of Australia","Australia"
"National party",1743,"ACP-NPA","Australian Country Party / National Party of Australia","Australia"
"Nationalist Party of Australia",338,"NAT","Nationalist Party of Australia","Australia"
"Nationals",1743,"ACP-NPA","Australian Country Party / National Party of Australia","Australia"
"Nick Xenophon Team",5453,"NXT","Nick Xenophon Team","Australia"
"Nick Xenophon Team (NXT)",5453,"NXT","Nick Xenophon Team","Australia"
"Nuclear Disarmament",,,,"Australia"
"Nuclear Disarmament Party",,,,"Australia"
"Nuclear Disarmanent",,,,"Australia"
"One Nation",1162,"ONP","One Nation Party","Australia"
"One Nation Party",1162,"ONP","One Nation Party","Australia"
"One nation",1162,"ONP","One Nation Party","Australia"
"Palmer United Party",1996,"PUP","Palmer United Party","Australia"
"Palmer United Party (PUP)",1996,"PUP","Palmer United Party","Australia"
"Palmer United Pary",1996,"PUP","Palmer United Party","Australia"
"Palmer United Pary (PUP)",1996,"PUP","Palmer United Party","Australia"
"Pauline Hanson's One Nation",1162,"ONP","One Nation Party","Australia"
"Pirate Party Australia",,,,"Australia"
"Reason Australia",,,,"Australia"
"Renewable Energy Party",,,,"Australia"
"Science Party",,,,"Australia"
"Shooters and Fishers Party",,,,"Australia"
"Shooters, Fishers and Farmers",,,,"Australia"
"Shooters, Fishers and Farmers Party",,,,"Australia"
"Shooters, Fishers, and Farmers Party",,,,"Australia"
"Socialist Alliance",,,,"Australia"
"Sustainable Australia",,,,"Australia"
"The Australian Sex Party",,,,"Australia"
"The Greens",1209,"AG","Australian Greens","Australia"
"The Nationals",1743,"ACP-NPA","Australian Country Party / National Party of Australia","Australia"
"United Australia Party",566,"UAP","United Australia Party","Australia"
"United Australia Party (UAP) formerly known as Palmer United Party (PUP)",566,"UAP","United Australia Party","Australia"
"VOTEFLUX.ORG | Upgrade Democracy!",,,,"Australia"
"Victorian Socialists",,,,"Australia"
"Wikileaks Party",,,,"Australia"
"A different/ other party",,,,"Austria"
"Alexander Van der Bellen - Green Party",1659,"GRUENE","The Greens — The Green Alternative","Austria"
"Alliance for the Future of Austria",599,"BZO","Alliance for the Future of Austria","Austria"
"Alliance for the Future of Austria - BZÖ",599,"BZO","Alliance for the Future of Austria","Austria"
"Alternative List of Austria",666,"ALO","Alternative List Austria","Austria"
"Alternative Liste Oesterreichs (ALOE)",666,"ALO","Alternative List Austria","Austria"
"Andreas Kohl - Peoples Party - ÖVP",1329,"OVP","Austrian People's Party","Austria"
"Austrian Communist Party - KPOE",996,"KPO","Communist Party of Austria","Austria"
"Austrian Freedom Party - FPOE",463,"FPO","Freedom Party of Austria","Austria"
"Austrian Freedom Party - FPÖ",463,"FPO","Freedom Party of Austria","Austria"
"Austrian People's Party",1329,"OVP","Austrian People's Party","Austria"
"Austrian People's Party - OEVP",1329,"OVP","Austrian People's Party","Austria"
"Austrian People's Party - ÖVP",1329,"OVP","Austrian People's Party","Austria"
"Austrian Peoples Party",1329,"OVP","Austrian People's Party","Austria"
"Austrian Peoples's Party - OEVP",1329,"OVP","Austrian People's Party","Austria"
"Austrian Social Democratic Party - SPOE",1384,"SPO","Social Democratic Party of Austria","Austria"
"Austrian freedom party - FPOE",463,"FPO","Freedom Party of Austria","Austria"
"Austrian freedom party - Freiheitliche Partei Oesterreichs (FPOE)",463,"FPO","Freedom Party of Austria","Austria"
"Austrian peoples party - OEVP",1329,"OVP","Austrian People's Party","Austria"
"Austrian peoples party - Oesterreichische Volkspartei (OEVP)",1329,"OVP","Austrian People's Party","Austria"
"Austrian social democratic party - SPOE",1384,"SPO","Social Democratic Party of Austria","Austria"
"Austrian social democratic party - Sozialdemokratische Partei Oesterreichs (SPOE)",1384,"SPO","Social Democratic Party of Austria","Austria"
"BZOE (Far right))",599,"BZO","Alliance for the Future of Austria","Austria"
"BZÖ",599,"BZO","Alliance for the Future of Austria","Austria"
"Buergerinitiative Parlament (BIP)",,,,"Austria"
"Communist Party",996,"KPO","Communist Party of Austria","Austria"
"Communist Party of Austria",996,"KPO","Communist Party of Austria","Austria"
"Communist Party of Austria - KPÖ",996,"KPO","Communist Party of Austria","Austria"
"Communist Party of Austria and Platform PLUS - Open List",,,,"Austria"
"Communist party - KPOE",996,"KPO","Communist Party of Austria","Austria"
"Communist party - Kommunistische Partei Oesterreichs (KPOE)",996,"KPO","Communist Party of Austria","Austria"
"Confederation for the Future of Austria - BZOE",599,"BZO","Alliance for the Future of Austria","Austria"
"Conferederation for the Future of Austria - BZOE",599,"BZO","Alliance for the Future of Austria","Austria"
"DU - Lugner",1500,"DU","The Independents — Lugner's List","Austria"
"Die Grünen",1659,"GRUENE","The Greens — The Green Alternative","Austria"
"Dinkhauser List",439,"Fritz","The Citizens`Forum Austria","Austria"
"Dr. Martins List - For Democracy, Control, Justice",1708,"MARTIN","Hans-Peter Martin's List","Austria"
"FPOE (Far-right)",463,"FPO","Freedom Party of Austria","Austria"
"FPOE (Liberal Party)",463,"FPO","Freedom Party of Austria","Austria"
"FPOE (Liberal)",463,"FPO","Freedom Party of Austria","Austria"
"FPOE (Right Liberal)",463,"FPO","Freedom Party of Austria","Austria"
"FPOE (Right liberal)",463,"FPO","Freedom Party of Austria","Austria"
"FPOE Liberal",463,"FPO","Freedom Party of Austria","Austria"
"FPÖ",463,"FPO","Freedom Party of Austria","Austria"
"Free Austria List and FPS Dr. Karl Schnell List",,,,"Austria"
"Freedom Party",463,"FPO","Freedom Party of Austria","Austria"
"Freedom Party of Austria",463,"FPO","Freedom Party of Austria","Austria"
"Freedom Party of Austria - FPÖ",463,"FPO","Freedom Party of Austria","Austria"
"Freiheitliche Partei Oesterreichs (FPOE)",463,"FPO","Freedom Party of Austria","Austria"
"G (Left Green)",1659,"GRUENE","The Greens — The Green Alternative","Austria"
"GA (Left Green)",1659,"GRUENE","The Greens — The Green Alternative","Austria"
"GA (left-wing Green Party)",1659,"GRUENE","The Greens — The Green Alternative","Austria"
"GA left-wing Greens",1659,"GRUENE","The Greens — The Green Alternative","Austria"
"GILT",6138,"GILT","My Vote Counts!","Austria"
"GRUENE (Green)",1659,"GRUENE","The Greens — The Green Alternative","Austria"
"GRUENE (Greens)",1659,"GRUENE","The Greens — The Green Alternative","Austria"
"GRÜNE",1659,"GRUENE","The Greens — The Green Alternative","Austria"
"Green Party - GRUENE",1659,"GRUENE","The Greens — The Green Alternative","Austria"
"Green party - Die Gruenen-die Gruene Alternative (GRUENE)",1659,"GRUENE","The Greens — The Green Alternative","Austria"
"Green party - GRUENE",1659,"GRUENE","The Greens — The Green Alternative","Austria"
"Gruene",1659,"GRUENE","The Greens — The Green Alternative","Austria"
"Grüne",1659,"GRUENE","The Greens — The Green Alternative","Austria"
"Irmgard Griss - Independent",,,,"Austria"
"JETZT - Jetzt -Liste Pilz (JETZT)",6137,"PILZ","Peter Pilz List","Austria"
"JETZT-Liste Pilz",6137,"PILZ","Peter Pilz List","Austria"
"KPOE (Communist Party)",996,"KPO","Communist Party of Austria","Austria"
"KPOE (Communist)",996,"KPO","Communist Party of Austria","Austria"
"KPOE Communist",996,"KPO","Communist Party of Austria","Austria"
"KPÖ",996,"KPO","Communist Party of Austria","Austria"
"Kommunistische Partei Oesterreichs (KPOE)",996,"KPO","Communist Party of Austria","Austria"
"LF (Liberal)",605,"LIF","Liberal Forum","Austria"
"LIF",605,"LIF","Liberal Forum","Austria"
"LIF (liberal)",605,"LIF","Liberal Forum","Austria"
"Liberal Forum",605,"LIF","Liberal Forum","Austria"
"Liberal Forum",605,"LIF","Liberal Forum","Austria"
"Liberal Forum - LIF",605,"LIF","Liberal Forum","Austria"
"Liberales Forum",605,"LIF","Liberal Forum","Austria"
"Liberales Forum",605,"LIF","Liberal Forum","Austria"
"List Kurz / Austrian People's Party - ÖVP",1329,"OVP","Austrian People's Party","Austria"
"List Peter Pilz",6137,"PILZ","Peter Pilz List","Austria"
"Liste Hans Peter Martin",1708,"MARTIN","Hans-Peter Martin's List","Austria"
"Liste Pilz",6137,"PILZ","Peter Pilz List","Austria"
"NEOS",1970,"NEOS","NEOS — The New Austria","Austria"
"NEOS - Das Neue Oesterreich und Liberales Forum (NEOS)",1970,"NEOS","NEOS — The New Austria","Austria"
"NEOS - The New Austria together with Irmgard Griss, Citizens for Freedom and Responsibility",1970,"NEOS","NEOS — The New Austria","Austria"
"Norbert Hofer - Freedom Party - FPÖ",463,"FPO","Freedom Party of Austria","Austria"
"OEVP (Cons)",1329,"OVP","Austrian People's Party","Austria"
"OEVP (Conservative Party)",1329,"OVP","Austrian People's Party","Austria"
"OEVP (Conservative)",1329,"OVP","Austrian People's Party","Austria"
"OEVP Conservative",1329,"OVP","Austrian People's Party","Austria"
"Oesterreichische Volkspartei (OEVP)",1329,"OVP","Austrian People's Party","Austria"
"PILZ",6137,"PILZ","Peter Pilz List","Austria"
"Peter Pilz List",6137,"PILZ","Peter Pilz List","Austria"
"Pirate Party",,,,"Austria"
"Piratenpartei Österreich",,,,"Austria"
"Richard Lugner - Independent",,,,"Austria"
"Rudolf Hundstorfer - Social Democrats - SPÖ",1384,"SPO","Social Democratic Party of Austria","Austria"
"SPOE (Soc-Democr)",1384,"SPO","Social Democratic Party of Austria","Austria"
"SPOE (Social democrats, Centre left)",1384,"SPO","Social Democratic Party of Austria","Austria"
"SPOE (Social-Democrats)",1384,"SPO","Social Democratic Party of Austria","Austria"
"SPOE Social Dem",1384,"SPO","Social Democratic Party of Austria","Austria"
"SPÖ",1384,"SPO","Social Democratic Party of Austria","Austria"
"Sebastian Kurz List - The New People's Party",1329,"OVP","Austrian People's Party","Austria"
"Social Democratic Party of Austria",1384,"SPO","Social Democratic Party of Austria","Austria"
"Social Democratic Party of Austria - SPÖ",1384,"SPO","Social Democratic Party of Austria","Austria"
"Social Democratic Party of Austria- SPÖ",1384,"SPO","Social Democratic Party of Austria","Austria"
"Socialist Party of Austria",1384,"SPO","Social Democratic Party of Austria","Austria"
"Sozialistische Partei Oesterreichs (SPOE)",1384,"SPO","Social Democratic Party of Austria","Austria"
"Team Frank Stronach",1971,"TS","Team Stronach","Austria"
"Team Stronach",1971,"TS","Team Stronach","Austria"
"The Austrian Greens",1659,"GRUENE","The Greens — The Green Alternative","Austria"
"The Greens - The Green Alternative",1659,"GRUENE","The Greens — The Green Alternative","Austria"
"The New Austria",1970,"NEOS","NEOS — The New Austria","Austria"
"The new Austria - NEOS",1970,"NEOS","NEOS — The New Austria","Austria"
"United Ecologists of Austria",1170,"VGO","United Greens Austria","Austria"
"VGOE (conservative Green Party)",1170,"VGO","United Greens Austria","Austria"
"VGOE conservat Greens",1170,"VGO","United Greens Austria","Austria"
"Vereinte Gruene Oesterreichs (VGOE)",1170,"VGO","United Greens Austria","Austria"
"WEISSE",,,,"Austria"
"bzö",599,"BZO","Alliance for the Future of Austria","Austria"
"fpö",463,"FPO","Freedom Party of Austria","Austria"
"grüne",1659,"GRUENE","The Greens — The Green Alternative","Austria"
"lif",605,"LIF","Liberal Forum","Austria"
"spö",1384,"SPO","Social Democratic Party of Austria","Austria"
"ÖVP",1329,"OVP","Austrian People's Party","Austria"
"övp",1329,"OVP","Austrian People's Party","Austria"
"Azerbaijan Democratic Party",,,,"Azerbaijan"
"Azerbaijan Demokratik Sakhibkarlar Partyasi (ADSP)",,,,"Azerbaijan"
"Azerbaijan Liberal Party",,,,"Azerbaijan"
"Azerbaijan Milli Dovletchilik Partyasi (AMDP)",1990,"AMDP","Azerbaijan Independence Democrat Party","Azerbaijan"
"Azerbaijan Milli Istiglal Partyasi (AMIP)",1991,"AMIP","Azerbaijan National Independence Party","Azerbaijan"
"Azerbaijan Namine Alyans",,,,"Azerbaijan"
"Azerbaijan National Independence Party",1991,"AMIP","Azerbaijan National Independence Party","Azerbaijan"
"Azerbaijan Party of Hope",5877,"AUP","Azerbaijan Hope Party","Azerbaijan"
"Azerbaijan Popular Front",1992,"AXC","Azerbaijan Popular Front","Azerbaijan"
"Civic Solidarity Party",1994,"VHP","Civil Solidarity Party","Azerbaijan"
"Communist Party",6223,"AKP","Communist Party of Azerbaijan (1921)","Azerbaijan"
"Justice Party",,,,"Azerbaijan"
"Khalg Jabkhesi Partyasi (AKhCh)",,,,"Azerbaijan"
"Modern Musavat Party",,,,"Azerbaijan"
"Motherland Party",,,,"Azerbaijan"
"Musavat - Equality Party",7050,"Mu","Equality Party / New Musavat","Azerbaijan"
"Musavat Party",3628,"MP","Musavat Party (1911)","Azerbaijan"
"Musavat/Equality Party",7050,"Mu","Equality Party / New Musavat","Azerbaijan"
"New Azerbaijan Party",1995,"YAP","New Azerbaijan Party","Azerbaijan"
"Popular Front Party",1992,"AXC","Azerbaijan Popular Front","Azerbaijan"
"Social-Democratic Party",,,,"Azerbaijan"
"The Azerbaijan Communist Party",1993,"ACP","Azerbaijan Communist Party (1993)","Azerbaijan"
"The Azerbaijan Democratic Party",,,,"Azerbaijan"
"The Azerbaijan Liberal Party",,,,"Azerbaijan"
"Whole Azerbaijan Popular Front Party",,,,"Azerbaijan"
"Yeni Azerbaijan (YAP)",1995,"YAP","New Azerbaijan Party","Azerbaijan"
"Affiliated with Bangladesh Awami League",,,,"Bangladesh"
"Affiliated with Bangladesh Nationalist Party",,,,"Bangladesh"
"Affiliated with Communist Party Bangladesh",,,,"Bangladesh"
"Affiliated with Jamat-e-Islami",,,,"Bangladesh"
"Affiliated with Jatiyo Party",,,,"Bangladesh"
"Affiliated with Left Alliance",,,,"Bangladesh"
"Awami League",2299,"BAL","Bangladesh People's League","Bangladesh"
"Bangladesh Awami League",2299,"BAL","Bangladesh People's League","Bangladesh"
"Bangladesh Awami League (BAL)",2299,"BAL","Bangladesh People's League","Bangladesh"
"Bangladesh Communist Party (CPB)",8680,"CPB","Communist Party of Bangladesh","Bangladesh"
"Bangladesh Jamaat-e-Islami",2340,"JEB","Islam Conference Bangladesh","Bangladesh"
"Bangladesh National Party (BNP)",3782,"BNP","Bangladesh Nationalist Party","Bangladesh"
"Bangladesh Nationalist Party",3782,"BNP","Bangladesh Nationalist Party","Bangladesh"
"Bangladesh Nationalist Party (BNP)",3782,"BNP","Bangladesh Nationalist Party","Bangladesh"
"Bikolpa Dhara Bangladesh",,,,"Bangladesh"
"Islami Oikya Jote",6300,"OIJ","Islamic Unity Front","Bangladesh"
"Islamic Unity Front",6300,"OIJ","Islamic Unity Front","Bangladesh"
"Jamat",2340,"JEB","Islam Conference Bangladesh","Bangladesh"
"Jamat-e- Islami Bangladesh",2340,"JEB","Islam Conference Bangladesh","Bangladesh"
"Jatiya Party",2341,"JD","National Party (Ershad)","Bangladesh"
"Jatiya Party (Ershad)",2341,"JD","National Party (Ershad)","Bangladesh"
"Jatiya Party (Manju)",7673,"JP","Jatiya Party (Manju)","Bangladesh"
"Jatya Party (Monju)",7673,"JP","Jatiya Party (Manju)","Bangladesh"
"Jatya Party (Zafar)",,,,"Bangladesh"
"Jatya Samajtantrik Dal (Inu)",3777,"JSD","National Socialist Party","Bangladesh"
"Jatya Samajtantrik Dal (Rab)",,,,"Bangladesh"
"Workers Party",7519,"WPB","Workers Party of Bangladesh","Bangladesh"
"Agrarian Party",2037,"AP","Agrarian Party","Belarus"
"Agrarnaja Partyja Belarusi (AP) - Agrarian Party",2037,"AP","Agrarian Party","Belarus"
"Avadnanaja Gramadzjanskaka Partyja",2033,"AHPB","United Civic Party of Belarus","Belarus"
"Belarusian Party 'The Greens' ['Zyalyoniya']",,,,"Belarus"
"Belarusian Patriotic Party",2036,"BPP","Belarusian Patriotic Party","Belarus"
"Belarusian People's Front Party",3275,"PBNF","Belarusian People's Front","Belarus"
"Belarusian Social Sports Party",,,,"Belarus"
"Belarusian Social-Democratic Party (People's Assembly) [Nardonaya Hramada]",7406,"BSDP-NH","Belarusian Social Democratic Party (People's Assembly)","Belarus"
"Belaruskaja Chryscijanska Demokratycnaja zlucnasc(BCD)",,,,"Belarus"
"Belaruskaja Partyja Pracy (PP)",,,,"Belarus"
"Belaruskaja Partyja zancyn Nazeja (BPZN)",,,,"Belarus"
"Belaruskaja Sacyjal-Demakratycnaja Gramada (BSDH) - Belarussian Social-Democratic Gramada",2035,"BSDP-H","Belarusian Social Democratic Party (Assembly)","Belarus"
"Belaruski patryjatycny Ruch (BPR) - Belarussian Patriotic Movement",,,,"Belarus"
"Common Sense Party (PZS)",,,,"Belarus"
"Communist Party of Belarus",7418,"KPB","Communist Party of Belarus","Belarus"
"Conservative Christian Party of the Belarusian People's Front",,,,"Belarus"
"Liberal Democratic Party",3646,"LDPB","Liberal Democratic Party","Belarus"
"Liberalana-Demakratycnaja Partyja Belarusi (LDP) - Liberal-Democratic Party",3646,"LDPB","Liberal Democratic Party","Belarus"
"Narodnaja Partyja Adradzenne (NFB-A)",,,,"Belarus"
"Party Belarusian Social-Democratic Assembly [Hramada]",2035,"BSDP-H","Belarusian Social Democratic Party (Assembly)","Belarus"
"Partyja Amatarau Piva (PAP)",,,,"Belarus"
"Partyja Kamunistau Belaruskaja (KPB) - Communistic Party of Belarus",7418,"KPB","Communist Party of Belarus","Belarus"
"Partyja Usebelaruskaga Adzinstva Izgody (UAZ)",,,,"Belarus"
"President Lukashenko",,,,"Belarus"
"Republican Party",,,,"Belarus"
"Republican Party of Labor and Justice",7407,"RPTS","Republican Party of Labour and Justice","Belarus"
"Republikanskaja Partyja Pracy i Spravjadlivasci (RPPSDEU)",7407,"RPTS","Republican Party of Labour and Justice","Belarus"
"Slavjanski Sabor Belaja Rus",,,,"Belarus"
"Social-Democratic Party of People's Concord [Narodnai Zgody]",,,,"Belarus"
"Supporters of the political policy of the President of the Republic of Belarus A.G. Lukashenko",,,,"Belarus"
"United Civic Party",2033,"AHPB","United Civic Party of Belarus","Belarus"
"AGIR",,,,"Belgium"
"Agalev",528,"AGL — Gr","Agalev — Green","Belgium"
"Agalev/Groen!",528,"AGL — Gr","Agalev — Green","Belgium"
"Alive",76,"V","Alive","Belgium"
"CD&V",604,"CD&V","Christian Democrats and Flemish","Belgium"
"CD&V / N-VA - Christian Democrats - National Flemish Alliance",,,,"Belgium"
"CDH",633,"PSC — CDH","Francophone Christian Social Party — Humanist Democratic Centre","Belgium"
"CDH (PSC)",633,"PSC — CDH","Francophone Christian Social Party — Humanist Democratic Centre","Belgium"
"CVP",622,"CVP","Flemish Christian Peoples Party","Belgium"
"Cdh",633,"PSC — CDH","Francophone Christian Social Party — Humanist Democratic Centre","Belgium"
"Centre Démocrate Humaniste - CDH",633,"PSC — CDH","Francophone Christian Social Party — Humanist Democratic Centre","Belgium"
"Christen-Democratisch en Vlaams - CD&V",604,"CD&V","Christian Democrats and Flemish","Belgium"
"Christian Democratic & Flemish",604,"CD&V","Christian Democrats and Flemish","Belgium"
"Christian Democrats - National Flemish Alliance - CD and V/ N-VA",,,,"Belgium"
"Christian Democrats Flemish - CD and V",604,"CD&V","Christian Democrats and Flemish","Belgium"
"Christian Democrats Flemish - CD&V",604,"CD&V","Christian Democrats and Flemish","Belgium"
"Christian Democrats Francophone - CDH",633,"PSC — CDH","Francophone Christian Social Party — Humanist Democratic Centre","Belgium"
"Christian Democrats Francophone - cdH",633,"PSC — CDH","Francophone Christian Social Party — Humanist Democratic Centre","Belgium"
"Christian Democrats Wallonia",633,"PSC — CDH","Francophone Christian Social Party — Humanist Democratic Centre","Belgium"
"Christian Democrats-CD&V",604,"CD&V","Christian Democrats and Flemish","Belgium"
"Confederated Ecologists",1563,"Ecolo","Confederated ecologists for the organisation of original struggles","Belgium"
"Democratic Federalist Independent (DéFI)",,,,"Belgium"
"Democratic Federalist Independent - DeFI",,,,"Belgium"
"DéFI",,,,"Belgium"
"ECOLO",1563,"Ecolo","Confederated ecologists for the organisation of original struggles","Belgium"
"Ecolo",1563,"Ecolo","Confederated ecologists for the organisation of original struggles","Belgium"
"Ecolo Ecolo",1563,"Ecolo","Confederated ecologists for the organisation of original struggles","Belgium"
"Ecologists (Ecolo)",1563,"Ecolo","Confederated ecologists for the organisation of original struggles","Belgium"
"FRONT NATIONAL",191,"FN","National Front","Belgium"
"Federal Democratic Francophones - FDF",698,"FDF","Democratic Front of Francophones","Belgium"
"Flemish Block",553,"VB","Flemish Block / Interest","Belgium"
"Flemish Christian Democrats (CD&V)",604,"CD&V","Christian Democrats and Flemish","Belgium"
"Flemish Importance",1968,"VB","Flemish Interest","Belgium"
"Flemish Interest (VB)",1968,"VB","Flemish Interest","Belgium"
"Flemish Interest - Vlaams Belang",1968,"VB","Flemish Interest","Belgium"
"Flemish Interest, Vlaams Belang",1968,"VB","Flemish Interest","Belgium"
"Flemish Interest-Vlaams Belang",1968,"VB","Flemish Interest","Belgium"
"Flemish Liberals and Democrats",49,"PVV — OVLD","Party of Liberty and Progress — Open Flemish Liberals and Democrats","Belgium"
"Flemish Liberals and Democrats - Open VLD",49,"PVV — OVLD","Party of Liberty and Progress — Open Flemish Liberals and Democrats","Belgium"
"Flemish Liberals and Democrats-Open VLD",49,"PVV — OVLD","Party of Liberty and Progress — Open Flemish Liberals and Democrats","Belgium"
"Flemish Party of Labor in Belgium  PVDA+",1753,"PVDA — PTB","Workers' Party of Belgium","Belgium"
"Flemish Party of Labor in Belgium - PVDA+",1753,"PVDA — PTB","Workers' Party of Belgium","Belgium"
"Francophone Party of Labor in Belgium  PTB-GO",1753,"PVDA — PTB","Workers' Party of Belgium","Belgium"
"Francophone Party of Labor in Belgium - PTB-GO",1753,"PVDA — PTB","Workers' Party of Belgium","Belgium"
"Front National",191,"FN","National Front","Belgium"
"Front National  FN",191,"FN","National Front","Belgium"
"Front National - FN",191,"FN","National Front","Belgium"
"Front national Francophone party - FN",191,"FN","National Front","Belgium"
"Green",528,"AGL — Gr","Agalev — Green","Belgium"
"Green (Groen)",528,"AGL — Gr","Agalev — Green","Belgium"
"Green Party Flemish - Groen",528,"AGL — Gr","Agalev — Green","Belgium"
"Green Party Flemish- Groen",528,"AGL — Gr","Agalev — Green","Belgium"
"Green Party Francophone - Ecolo",1563,"Ecolo","Confederated ecologists for the organisation of original struggles","Belgium"
"Green Party Francophone - Ecolov",1563,"Ecolo","Confederated ecologists for the organisation of original struggles","Belgium"
"Green Party, Groen!",528,"AGL — Gr","Agalev — Green","Belgium"
"Green Party-Groen",528,"AGL — Gr","Agalev — Green","Belgium"
"Groen!",528,"AGL — Gr","Agalev — Green","Belgium"
"Groen! - Green Party",528,"AGL — Gr","Agalev — Green","Belgium"
"Humanist Democratic Centre",633,"PSC — CDH","Francophone Christian Social Party — Humanist Democratic Centre","Belgium"
"Humanistic and Democratic Centre (cdH)",633,"PSC — CDH","Francophone Christian Social Party — Humanist Democratic Centre","Belgium"
"Labour Party (PVDA/PTB)",1753,"PVDA — PTB","Workers' Party of Belgium","Belgium"
"Left Party/ Workers Party of Belgium - PVDA / Committee for Another Policy - CAP",,,,"Belgium"
"Left Party/ Workers Party of Belgium - PVDA/ CAP",,,,"Belgium"
"Left party / Workers Party - PVDA, SLP",,,,"Belgium"
"Left party/pvda/cap",,,,"Belgium"
"Libéral Démocrate - LiDé",,,,"Belgium"
"Lijst Dedecker",43,"LD/LDD","List Dedecker / Libertarian, Direct, Democratic","Belgium"
"Lijst Dedecker - Liberal Party",43,"LD/LDD","List Dedecker / Libertarian, Direct, Democratic","Belgium"
"List Dedecker - LDD, Lijst Dedecker",43,"LD/LDD","List Dedecker / Libertarian, Direct, Democratic","Belgium"
"List Dedecker - LDD, Ljist Dedecker",43,"LD/LDD","List Dedecker / Libertarian, Direct, Democratic","Belgium"
"List Dedecker - Lijst Dedecker",43,"LD/LDD","List Dedecker / Libertarian, Direct, Democratic","Belgium"
"List Dedecker - Ljst Dedecker",43,"LD/LDD","List Dedecker / Libertarian, Direct, Democratic","Belgium"
"List Dedecker-Lijst Dedecker",43,"LD/LDD","List Dedecker / Libertarian, Direct, Democratic","Belgium"
"Live Differently - Flemish Ecologists",,,,"Belgium"
"MR",789,"MR","Reformist Movement","Belgium"
"Mouvement Réformateur (MR)",789,"MR","Reformist Movement","Belgium"
"Mouvement Réformateur - MR",789,"MR","Reformist Movement","Belgium"
"N-VA",36,"N-VA","New Flemish Alliance","Belgium"
"National Flemish Alliance - N-VA",36,"N-VA","New Flemish Alliance","Belgium"
"National Flemish Alliance N-VA",36,"N-VA","New Flemish Alliance","Belgium"
"National Front",191,"FN","National Front","Belgium"
"New Flemish Alliance",36,"N-VA","New Flemish Alliance","Belgium"
"New Flemish Alliance (N-VA)",36,"N-VA","New Flemish Alliance","Belgium"
"Nieuw-Vlaamse Alliantie - N-VA",36,"N-VA","New Flemish Alliance","Belgium"
"Open Flemish Liberals and Democrats",49,"PVV — OVLD","Party of Liberty and Progress — Open Flemish Liberals and Democrats","Belgium"
"Open Flemish Liberals and Democrats (Open Vld)",49,"PVV — OVLD","Party of Liberty and Progress — Open Flemish Liberals and Democrats","Belgium"
"Open VLD",49,"PVV — OVLD","Party of Liberty and Progress — Open Flemish Liberals and Democrats","Belgium"
"Open VLD - Liberal Party",49,"PVV — OVLD","Party of Liberty and Progress — Open Flemish Liberals and Democrats","Belgium"
"PNPb",,,,"Belgium"
"PRL - FDF - MCC",,,,"Belgium"
"PS",500,"PS","Socialist Party [Francophone]","Belgium"
"PSC",405,"PSC-CVP","Christian Social Party","Belgium"
"PTB",1753,"PVDA — PTB","Workers' Party of Belgium","Belgium"
"PVDA",1753,"PVDA — PTB","Workers' Party of Belgium","Belgium"
"PVDA - AE",,,,"Belgium"
"PVDA+",1753,"PVDA — PTB","Workers' Party of Belgium","Belgium"
"PVV",49,"PVV — OVLD","Party of Liberty and Progress — Open Flemish Liberals and Democrats","Belgium"
"Parti Populaire",639,"Pp","People's Party","Belgium"
"Parti Socialiste - PS",500,"PS","Socialist Party [Francophone]","Belgium"
"Parti du Travail de Belgique - Unité Antifasciste - PTB-UA",,,,"Belgium"
"Party active in German speaking community - Pro Deutschsprachige Gemeinschaft  - ProDG",,,,"Belgium"
"Party active in German speaking community - ProDG",,,,"Belgium"
"Party on the left-PVDA/CAP",,,,"Belgium"
"People's Party",639,"Pp","People's Party","Belgium"
"Peoples Party (PP)",639,"Pp","People's Party","Belgium"
"Popular Party - Parti Populaire",639,"Pp","People's Party","Belgium"
"RW",281,"RW","Walloon Rally","Belgium"
"Reformist Movement",789,"MR","Reformist Movement","Belgium"
"Reformist Movement (MR)",789,"MR","Reformist Movement","Belgium"
"Reformist Movement - MR",789,"MR","Reformist Movement","Belgium"
"Reformist Movement Francophone - MR",789,"MR","Reformist Movement","Belgium"
"Reformist Movement-MR",789,"MR","Reformist Movement","Belgium"
"SLP",,,,"Belgium"
"SP",480,"BSP-PSB","Belgian Socialist Party","Belgium"
"SP.A",1680,"SPA — V","Socialist Party Differently — Forward","Belgium"
"SP.A.",1680,"SPA — V","Socialist Party Differently — Forward","Belgium"
"SP.a / Spirit - Socialist Party",,,,"Belgium"
"Sociaal Liberale Partij - SLP",,,,"Belgium"
"Socialist Party",500,"PS","Socialist Party [Francophone]","Belgium"
"Socialist Party (Francophone)",500,"PS","Socialist Party [Francophone]","Belgium"
"Socialist Party (PS)",500,"PS","Socialist Party [Francophone]","Belgium"
"Socialist Party - SPa/ Spirit",,,,"Belgium"
"Socialist Party Different (sp.a)",1680,"SPA — V","Socialist Party Differently — Forward","Belgium"
"Socialist Party Differently",1680,"SPA — V","Socialist Party Differently — Forward","Belgium"
"Socialist Party Flemish - SP.a",1680,"SPA — V","Socialist Party Differently — Forward","Belgium"
"Socialist Party Flemish- SP.a",1680,"SPA — V","Socialist Party Differently — Forward","Belgium"
"Socialist Party Francophone - PS",500,"PS","Socialist Party [Francophone]","Belgium"
"Socialist Party-SP.a",1680,"SPA — V","Socialist Party Differently — Forward","Belgium"
"Socialisten en Progressieven Anders - SP.A",1680,"SPA — V","Socialist Party Differently — Forward","Belgium"
"Sp.a (Vooruit)",1680,"SPA — V","Socialist Party Differently — Forward","Belgium"
"Spirit",7015,"SPIRIT","Social Liberal Party","Belgium"
"Union of Francophone - UF",,,,"Belgium"
"Unitarian progressive liberal party - Vivant",76,"V","Alive","Belgium"
"VIVANT",76,"V","Alive","Belgium"
"VLD",49,"PVV — OVLD","Party of Liberty and Progress — Open Flemish Liberals and Democrats","Belgium"
"VU - ID 21",1424,"VU","People's Union [Flemish Concentration]","Belgium"
"Vivant",76,"V","Alive","Belgium"
"Vlaams - Progressieven (Spirit)",7015,"SPIRIT","Social Liberal Party","Belgium"
"Vlaams Belang",1968,"VB","Flemish Interest","Belgium"
"Vlaams Belang - Extreme right wing party",1968,"VB","Flemish Interest","Belgium"
"Vlaams Blok",553,"VB","Flemish Block / Interest","Belgium"
"Vlaamse Liberalen en Democraten Open - VLD",49,"PVV — OVLD","Party of Liberty and Progress — Open Flemish Liberals and Democrats","Belgium"
"Vooruit",1680,"SPA — V","Socialist Party Differently — Forward","Belgium"
"WOW",1544,"WOW","Growing Old in Dignity","Belgium"
"Workers Party of Belgium",1753,"PVDA — PTB","Workers' Party of Belgium","Belgium"
"Workers' Party of Belgium",1753,"PVDA — PTB","Workers' Party of Belgium","Belgium"
"cdH (Les Engagés)",633,"PSC — CDH","Francophone Christian Social Party — Humanist Democratic Centre","Belgium"
"AFP",8871,"AFP","Alliance of the Forces of Progress","Benin"
"Adrien HOUNGBEDJI",,,,"Benin"
"Alliance ABT",,,,"Benin"
"Alliance ABT (Abdoulaye Bio Tchané)",,,,"Benin"
"Alliance ABT 2011 (Abdoulaye Bio Tchané)",,,,"Benin"
"Alliance G13",2366,"G-13","G13 Baobab Alliance","Benin"
"Alliance UBF",5826,"UBF","Union for Future Benin","Benin"
"Bloc Républicain (BR)",,,,"Benin"
"Bruno AMOUSSOU",,,,"Benin"
"CAPP SURU",,,,"Benin"
"CTCC",,,,"Benin"
"Daniel TAWEMA",,,,"Benin"
"EDD",,,,"Benin"
"FADES",,,,"Benin"
"FARD ALAFIA",4089,"FARD","Action Front for Renewal and Development","Benin"
"FORCE ESPOIR",7061,"FE","Hope Force","Benin"
"Force Cauris pour le Développement du Bénin (FCDB)",,,,"Benin"
"Force Cauris pour un Benin Emergent [FCBE]",2300,"FCBE","Cowry Forces for an Emerging Benin","Benin"
"Force Cauris pour un Bénin Emergent (FCBE de Yayi Boni)",2300,"FCBE","Cowry Forces for an Emerging Benin","Benin"
"Force Cauris pour un Bénin Emergent (FCBE)",2300,"FCBE","Cowry Forces for an Emerging Benin","Benin"
"Force Cauris pour un bénin Emergent (FCBE de Yayi Boni)",2300,"FCBE","Cowry Forces for an Emerging Benin","Benin"
"Force Cle",6190,"FC","Key Force","Benin"
"General AMOUSSOU Fernand",,,,"Benin"
"Général GBIAN Robert (GGR)",,,,"Benin"
"IPD",8870,"IPD","Impulse for Democracy and Progress","Benin"
"Joêl Aïvo",,,,"Benin"
"KEREKOU",,,,"Benin"
"Les démocrates",,,,"Benin"
"Lionel AGBO",,,,"Benin"
"MAP",,,,"Benin"
"Mouv. Africain pour le Developpement et le Progres [MADEP]",5900,"MADEP","African Movement for Development and Progress","Benin"
"Mouvement des Elites Engagés pour le Développement du Bénin (MOEL-BENIN)",,,,"Benin"
"Nicéphore SOGLO",,,,"Benin"
"Nouveau Départ",,,,"Benin"
"PDB",5920,"PDB","Democratic Party of Benin","Benin"
"PIK-Nouvelle conscience",,,,"Benin"
"PRD",2365,"PRD","Democratic Renewal Party","Benin"
"Parti Communiste du Benin [PCB]",3828,"PCB","Communist Party of Benin","Benin"
"Parti Social Democrate [PSD]",2368,"PSD","Social Democratic Party","Benin"
"Parti du Renouveau Democratique [PRD]",2365,"PRD","Democratic Renewal Party","Benin"
"Parti du Renouveau Démocratique (PRD)",2365,"PRD","Democratic Renewal Party","Benin"
"Parti pour le Renouveau Démocratique (PRD)",2365,"PRD","Democratic Renewal Party","Benin"
"Pascal FANTODJI",,,,"Benin"
"Pascal Irené KOUKPAKI (PIK)",,,,"Benin"
"Patrice Talon",,,,"Benin"
"RB (Lehady Soglo)",3831,"RB","Benin Rebirth Party","Benin"
"RDL",,,,"Benin"
"RDL VIVOTIN",3839,"RDLPN","Liberal Democrats' Rally for National Reconstruction-Vivotene","Benin"
"Renaissance du Benin [RB]",3831,"RB","Benin Rebirth Party","Benin"
"Renaissance du Bénin (RB)",3831,"RB","Benin Rebirth Party","Benin"
"Réveil Patriotique (RP de Janvier Yahouédehou)",,,,"Benin"
"Sacca LAFIA",,,,"Benin"
"Sebastien Ajavon",,,,"Benin"
"Séfou FAGBOHOUN",,,,"Benin"
"UPR",7060,"UPR","Union for Relief","Benin"
"Union Démocratique pour un Bénin Nouveau (UDBN)",8869,"UDBN","Union for the Development of a New Benin","Benin"
"Union Progressiste (UP)",,,,"Benin"
"Union fait la Nation",6569,"UN","Union Makes the Nation","Benin"
"Union fait la Nation (UN)",6569,"UN","Union Makes the Nation","Benin"
"Union fait la Nation (UN: Adrien Houngbedji)",6569,"UN","Union Makes the Nation","Benin"
"Union pour la relève (UPR de Issa Salifou)",7060,"UPR","Union for Relief","Benin"
"Yayi Boni",,,,"Benin"
"BO: Accion Democratica Nacionalista (ADN)",4393,"ADN","Nationalist Democratic Action","Bolivia"
"BO: Acción Democratica Nacionalista (ADN)",4393,"ADN","Nationalist Democratic Action","Bolivia"
"BO: Alianza Andrés Ibáñez (AAI)",,,,"Bolivia"
"BO: Alianza Social (AS)",715,"AS","Social Alliance","Bolivia"
"BO: Autonomias Para Bolivia (APB)",,,,"Bolivia"
"BO: Autonomías Para Bolivia (APB)",,,,"Bolivia"
"BO: CREEMOS",,,,"Bolivia"
"BO: Camino al Cambio (CC)",8126,"CC","Civic Community","Bolivia"
"BO: Carlos Mesa G.",,,,"Bolivia"
"BO: Comunidad Ciudadana (CC)",8126,"CC","Civic Community","Bolivia"
"BO: Concertacion Nacional (CN)",,,,"Bolivia"
"BO: Concertación Nacional (CN)",,,,"Bolivia"
"BO: Conciencia de Patria (CONDEPA)",4396,"CONDEPA","Conscience of Fatherland","Bolivia"
"BO: Eje Pachakuti",,,,"Bolivia"
"BO: Frente para la Victoria (FPV)",,,,"Bolivia"
"BO: Izquierda Unida (IU)",4856,"IU","United Left","Bolivia"
"BO: JUNTOS",,,,"Bolivia"
"BO: Jorge Tuto Quiroga",,,,"Bolivia"
"BO: Libre21-Libertad y Democracia",,,,"Bolivia"
"BO: Movimiento Bolivia Libre (MBL)",4398,"MBL","Free Bolivia Movement","Bolivia"
"BO: Movimiento Indígena Pachakuti (MIP)",4392,"MIP","Indigenous Pachakuti Movement","Bolivia"
"BO: Movimiento Nacionalista Revolucionario (MNR)",568,"MNR","Revolutionary Nationalist Movement","Bolivia"
"BO: Movimiento Originario Popular (MOP)",,,,"Bolivia"
"BO: Movimiento al Socialismo (MAS)",442,"MAS","Movement for Socialism","Bolivia"
"BO: Movimiento de Izquierda Revolucionaria (MIR)",4387,"MIR","Revolutionary Left Movement - New Majority","Bolivia"
"BO: Movimiento sin Miedo (MSM)",5143,"MSM","Movement without Fear","Bolivia"
"BO: Nueva Fuerza Republicana (NFR)",4386,"NFR","New Republic Force","Bolivia"
"BO: Partido Demócrata Boliviano (PDB)",,,,"Bolivia"
"BO: Partido Socialista (PS)",4401,"PS","Socialist Party","Bolivia"
"BO: Partido Verde de Bolivia-Instrumento de la Ecologia Politica",5138,"PVB","Green Party of Bolivia","Bolivia"
"BO: Partido Verde de Bolivia-Instrumento de la Ecología Polí",5138,"PVB","Green Party of Bolivia","Bolivia"
"BO: Poder Democratico Social (PODEMOS)",1238,"Podemos","Social and Democratic Power","Bolivia"
"BO: Poder Democrático Social (PODEMOS)",1238,"Podemos","Social and Democratic Power","Bolivia"
"BO: Poder autonomico nacional (PAN)",,,,"Bolivia"
"BO: Primero el Beni",,,,"Bolivia"
"BO: René Joaquino",,,,"Bolivia"
"BO: SUMATE",,,,"Bolivia"
"BO: Soberania y Libertad (SL)",,,,"Bolivia"
"BO: Soberanía y Libertad (SL)",,,,"Bolivia"
"BO: Todos por Cochabamba (TC)",,,,"Bolivia"
"BO: UN - Samuel Doria Medina",170,"UN","National Unity Front","Bolivia"
"BO: Unidad Civica Solidaridad (UCS)",4395,"UCS","Civic Solidarity Union","Bolivia"
"BO: Unidad Democrata (UD)",8858,"CUD","Democrat Unity Coalition","Bolivia"
"BO: Unidad Demócrata (UD)",8858,"CUD","Democrat Unity Coalition","Bolivia"
"BO: Unidad Nacional (UN)",170,"UN","National Unity Front","Bolivia"
"BO: Vanguardia Socialista de Bolivia (VS)",8129,"VS","Socialist Vanguard of Bolivia","Bolivia"
"BO: Verdes",,,,"Bolivia"
"Democrat Social Movement",8312,"MDS","Democrat Social Movement","Bolivia"
"Movement for Socialism",442,"MAS","Movement for Socialism","Bolivia"
"Movimiento Nacionalista Revolucionario (MNR)",568,"MNR","Revolutionary Nationalist Movement","Bolivia"
"Movimiento Sin Miedo (MSM)",5143,"MSM","Movement without Fear","Bolivia"
"Movimiento al Socialismo (MAS)",442,"MAS","Movement for Socialism","Bolivia"
"National Unity Front",170,"UN","National Unity Front","Bolivia"
"Poder Democrático y Social (PODEMOS)",1238,"Podemos","Social and Democratic Power","Bolivia"
"Revolutionary Nationalist Movement",568,"MNR","Revolutionary Nationalist Movement","Bolivia"
"Sovereignty and freedom",,,,"Bolivia"
"Unidad Nacional (UN)",170,"UN","National Unity Front","Bolivia"
"Verdes",,,,"Bolivia"
"Alliance of Independent Social Democrats",292,"SNSD","Alliance of Independent Social Democrats","Bosnia & Herzegovina"
"Bosanska Stranka (BOSS)",,,,"Bosnia & Herzegovina"
"Bosanskohercegovacka patriotska stranka (BPS)",3683,"BPS","Bosnian-Herzegovinian Patriotic Party-Sefer Halilović","Bosnia & Herzegovina"
"Bosnia-Herzegovina Party of Rights - BSP",,,,"Bosnia & Herzegovina"
"Bosnia-Herzegovina Patriotic Party-Sefer Halilovic - BPS",3683,"BPS","Bosnian-Herzegovinian Patriotic Party-Sefer Halilović","Bosnia & Herzegovina"
"Bosnia-Podrinje People's - Party",,,,"Bosnia & Herzegovina"
"Bosnian Party",,,,"Bosnia & Herzegovina"
"Bosnian Party - Mirnes Ajanovic - BOSS",,,,"Bosnia & Herzegovina"
"Croatian Christian Democratic Union of BiH - HKDU",7804,"HKDUBiH","Croatian Christian Democratic Union of Bosnia and Herzegovina","Bosnia & Herzegovina"
"Croatian Democratic Union",1760,"HDZ-BiH","Croatian Democratic Union of Bosnia and Herzegovina","Bosnia & Herzegovina"
"Croatian Democratic Union - 1990",3168,"HDZ90","Croatian Democratic Union 1990","Bosnia & Herzegovina"
"Croatian Democratic Union - HDZ",1760,"HDZ-BiH","Croatian Democratic Union of Bosnia and Herzegovina","Bosnia & Herzegovina"
"Croatian Democratic Union 1990 Croatian Unity - HDZ 1990",3168,"HDZ90","Croatian Democratic Union 1990","Bosnia & Herzegovina"
"Croatian Democratic Union of Bosnia and Herzegovina",1760,"HDZ-BiH","Croatian Democratic Union of Bosnia and Herzegovina","Bosnia & Herzegovina"
"Croatian Party of Rights",1128,"HSP-BIH","Croatian Party of Right","Bosnia & Herzegovina"
"Croatian Party of Rights - HSP",1128,"HSP-BIH","Croatian Party of Right","Bosnia & Herzegovina"
"Croatian Party of Rights Dr. Jurisic Djapic",,,,"Bosnia & Herzegovina"
"Croatian Peasant Party of Bosnia and Herzegovina",7801,"HSS","Croatian Peasant Party of Bosnia and Herzegovina","Bosnia & Herzegovina"
"Croatian Peasants Party - HSS",7801,"HSS","Croatian Peasant Party of Bosnia and Herzegovina","Bosnia & Herzegovina"
"Croatian republican party",,,,"Bosnia & Herzegovina"
"Democratic Front",4717,"DF","Democratic Front","Bosnia & Herzegovina"
"Democratic Movement of the Srpska - DEPOS",,,,"Bosnia & Herzegovina"
"Democratic People's Alliance",3170,"DNS","Democratic People's Alliance","Bosnia & Herzegovina"
"Democratic Peoples' Community of Bosnia and Herzegovina",1159,"DNZ-BiH","Democratic Peoples' Community of Bosnia and Herzegovina","Bosnia & Herzegovina"
"Democratic Socialist Party - Nebojsa Radmanovic",,,,"Bosnia & Herzegovina"
"Demokratski patriotski blok Republike Srpske (DPBRS)",,,,"Bosnia & Herzegovina"
"Gradanska demokratska stranka (GDS)",5464,"GDS","Civic Democratic Party","Bosnia & Herzegovina"
"Hrvatska demokratska zajednica (HDZ)",1760,"HDZ-BiH","Croatian Democratic Union of Bosnia and Herzegovina","Bosnia & Herzegovina"
"Hrvatska stranka prava (HSP)",1128,"HSP-BIH","Croatian Party of Right","Bosnia & Herzegovina"
"Independent Bloc",8806,"NB","Independent Bloc","Bosnia & Herzegovina"
"Liberal Democratic Party - LDS",6618,"LDS","Liberal Democratic Party of Bosnia and Herzegovina","Bosnia & Herzegovina"
"Liberalna b. organizacija (LBO)",,,,"Bosnia & Herzegovina"
"Liberalna stranka Bosne i Hercegovine (LS BiH)",,,,"Bosnia & Herzegovina"
"Movement of Democratic Action",9217,"PDA","Movement of Democratic Action","Bosnia & Herzegovina"
"National Democratic Union",,,,"Bosnia & Herzegovina"
"New Croatian Initiative",1721,"NHI","New Croatian Initiative","Bosnia & Herzegovina"
"New Croatian Initiative - NHI",1721,"NHI","New Croatian Initiative","Bosnia & Herzegovina"
"Our Party",8624,"NS","Our Party","Bosnia & Herzegovina"
"Party for BiH - SBiH",357,"SBiH","Party for Bosnia and Herzegovina","Bosnia & Herzegovina"
"Party for Bosnia and Herzegovina",357,"SBiH","Party for Bosnia and Herzegovina","Bosnia & Herzegovina"
"Party of Democratic Action",1454,"SDA","Party of Democratic Action","Bosnia & Herzegovina"
"Party of Democratic Action - SDA",1454,"SDA","Party of Democratic Action","Bosnia & Herzegovina"
"Party of Democratic Progress",1673,"PDP","Party of Democratic Progress","Bosnia & Herzegovina"
"Party of Democratic Progress - PDP",1673,"PDP","Party of Democratic Progress","Bosnia & Herzegovina"
"Party of Pensioners of BiH",5471,"SP/UBIH","Pensioners' Party of Bosnia and Herzegovina","Bosnia & Herzegovina"
"Party of Rights of Bosnia and Herzegovina",,,,"Bosnia & Herzegovina"
"Party of the New Social Democrats",,,,"Bosnia & Herzegovina"
"People and Justice",,,,"Bosnia & Herzegovina"
"People's Party for Work and Betterment",3240,"NSRB","People's Party for Work and Betterment","Bosnia & Herzegovina"
"People`s Party Work for Progress - NSRzB",3240,"NSRB","People's Party for Work and Betterment","Bosnia & Herzegovina"
"Serbian Democratic Party",1166,"SDS","Serbian Democratic Party","Bosnia & Herzegovina"
"Serbian Democratic Party - SDS",1166,"SDS","Serbian Democratic Party","Bosnia & Herzegovina"
"Serbian National Union of Biliana Plavsic",,,,"Bosnia & Herzegovina"
"Serbian People's Alliance of Republika Srpska",6619,"SNSRS","Serbian People's Alliance of Republika Srpska","Bosnia & Herzegovina"
"Serbian Radical Party of RS - SRS RS",1222,"SRS-RS","Serbian Radical Party of the Republika Srpska","Bosnia & Herzegovina"
"Serbian Radical Party of the Republika Srpska",1222,"SRS-RS","Serbian Radical Party of the Republika Srpska","Bosnia & Herzegovina"
"Social Democratic Party of Bosnia and Hercegovina",537,"SDP-BiH","Social Democratic Party of Bosnia and Hercegovina","Bosnia & Herzegovina"
"Social-Democratic Party",537,"SDP-BiH","Social Democratic Party of Bosnia and Hercegovina","Bosnia & Herzegovina"
"Social-Democratic Party - SDP",537,"SDP-BiH","Social Democratic Party of Bosnia and Hercegovina","Bosnia & Herzegovina"
"Socialist Party of the Republika Srpska",998,"SPRS","Socialist Party of the Republika Srpska","Bosnia & Herzegovina"
"Socialistic Party - SP",,,,"Bosnia & Herzegovina"
"Socijal-demokratska partija (SDP)",537,"SDP-BiH","Social Democratic Party of Bosnia and Hercegovina","Bosnia & Herzegovina"
"Socijalistia partija Republike Srpska (SPRS)",998,"SPRS","Socialist Party of the Republika Srpska","Bosnia & Herzegovina"
"Srpska demokratska stranka (SDS)",1166,"SDS","Serbian Democratic Party","Bosnia & Herzegovina"
"Srpska patriotskia stranka (SPAS)",,,,"Bosnia & Herzegovina"
"Srpska radikalna stranka Nicola Pasic (SRPNP)",,,,"Bosnia & Herzegovina"
"Srpska radikalna stranka Republike Srpske (SRS RS)",1222,"SRS-RS","Serbian Radical Party of the Republika Srpska","Bosnia & Herzegovina"
"Stranka Demokratske Akcije (SDA)",1454,"SDA","Party of Democratic Action","Bosnia & Herzegovina"
"Stranka privednog prosperiteta (SPP)",,,,"Bosnia & Herzegovina"
"Stranka za Bosnu i Hercegovinu (SB&H)",357,"SBiH","Party for Bosnia and Herzegovina","Bosnia & Herzegovina"
"Strnka srpskog jedinstva (SSJ)",,,,"Bosnia & Herzegovina"
"The Alliance of Independent Social Democrats",292,"SNSD","Alliance of Independent Social Democrats","Bosnia & Herzegovina"
"The Alliance of Independent Social Democrats - SNSD",292,"SNSD","Alliance of Independent Social Democrats","Bosnia & Herzegovina"
"Union for a better future of BiH",3171,"SBBBIH","Union for a Better Future","Bosnia & Herzegovina"
"United List for Bosnia and Herzegovina",,,,"Bosnia & Herzegovina"
"Woman Bosnia and Hercegovina",,,,"Bosnia & Herzegovina"
"Women's Party",,,,"Bosnia & Herzegovina"
"Alliance for Progressives (AP)",,,,"Botswana"
"Botswana Alliance Movement",3633,"BAM","Botswana Alliance Movement","Botswana"
"Botswana Alliance Movement (BAM)",3633,"BAM","Botswana Alliance Movement","Botswana"
"Botswana Congress Party",2337,"BCP","Botswana Congress Party","Botswana"
"Botswana Congress Party (BCP)",2337,"BCP","Botswana Congress Party","Botswana"
"Botswana Congress Party(BCP)",2337,"BCP","Botswana Congress Party","Botswana"
"Botswana Democratic Party",2301,"BDP","Botswana Democratic Party","Botswana"
"Botswana Democratic Party (BDP)",2301,"BDP","Botswana Democratic Party","Botswana"
"Botswana Democratic Party(BDP)",2301,"BDP","Botswana Democratic Party","Botswana"
"Botswana Independence Party (BIP)",3631,"BIP","Botswana Independence Party","Botswana"
"Botswana Labour Party",,,,"Botswana"
"Botswana Movement For Democracy (BMD)",,,,"Botswana"
"Botswana Movement for Democracy (BMD)",,,,"Botswana"
"Botswana National Front",2336,"BNF","Botswana National Front","Botswana"
"Botswana National Front (BNF)",2336,"BNF","Botswana National Front","Botswana"
"Botswana National Front(BNF)",2336,"BNF","Botswana National Front","Botswana"
"Botswana Patriotic Front (BPF)",,,,"Botswana"
"Botswana People's Party",3632,"BPP","Botswana People's Party","Botswana"
"Botswana People's Party (BPP)",3632,"BPP","Botswana People's Party","Botswana"
"Botswana People's Party (BPP)",3632,"BPP","Botswana People's Party","Botswana"
"Botswana People's Party (BPP)",3632,"BPP","Botswana People's Party","Botswana"
"Botswana Peoples Party (BPP)",3632,"BPP","Botswana People's Party","Botswana"
"Botswana Peoples Party(BPP)",3632,"BPP","Botswana People's Party","Botswana"
"Botswana Progressive Union",,,,"Botswana"
"Congress of Democrats",,,,"Botswana"
"DCN",,,,"Botswana"
"Democratic Party",,,,"Botswana"
"Front for Popular Democracy",,,,"Botswana"
"Independent Freedom Party (IFP)",,,,"Botswana"
"Labour Party",,,,"Botswana"
"MELS_Botswana",,,,"Botswana"
"Marx Engels Lenin Stalin (MELS)",,,,"Botswana"
"New Democratic Front (NDF)",,,,"Botswana"
"New Democratic Front(UDF)",,,,"Botswana"
"Real Alternative Party (RAP)",,,,"Botswana"
"Transparency Front",,,,"Botswana"
"Umbrella Party",,,,"Botswana"
"Umbrella for Democratic Change (UDC)",4832,"UDC","Umbrella for Democratic Change","Botswana"
"Umbrella for Democratic Change (UDC+)",,,,"Botswana"
"United Socialist Party(USP)",,,,"Botswana"
"United Socialist Party_Botswana",,,,"Botswana"
"BR: Ciudadania-Partido Popular Socialista (PPS)",267,"PPS","Socialist People's Party","Brazil"
"BR: Ciudadanía-Partido Popular Socialista (PPS)",267,"PPS","Socialist People's Party","Brazil"
"BR: Democratas (DEM) (ex-PFL)",1536,"PFL","Liberal Front / Democrats","Brazil"
"BR: Democratas - DEM",1536,"PFL","Liberal Front / Democrats","Brazil"
"BR: Movimiento Democratico Brasileiro (MDB)",4615,"MDB","Brazilian Democratic Movement","Brazil"
"BR: Partido Comunista do Brasil (PC do B)",565,"PCdoB","Communist Party of Brazil","Brazil"
"BR: Partido Da Frente Liberal (PFL)",1536,"PFL","Liberal Front / Democrats","Brazil"
"BR: Partido Democratico Trabalhista (PDT)",1009,"PDT","Democratic Labour Party","Brazil"
"BR: Partido Democrático Trabalhista (PDT)",1009,"PDT","Democratic Labour Party","Brazil"
"BR: Partido Humanista da Solidariedade (PHS)",7078,"PHS","Humanist Party of Solidarity","Brazil"
"BR: Partido Liberal (PL)",1823,"PL","Liberal Party","Brazil"
"BR: Partido Novo - NOVO",,,,"Brazil"
"BR: Partido Popular Socialista (PPS)",267,"PPS","Socialist People's Party","Brazil"
"BR: Partido Progressista (PP)",781,"PPB","Progressive Party / Brazilian Progressive Party (PPB)","Brazil"
"BR: Partido Progressista Brasileiro (PPB)",781,"PPB","Progressive Party / Brazilian Progressive Party (PPB)","Brazil"
"BR: Partido Progressista Renovador (PPR)",4402,"PPR","Reform Progressive Party","Brazil"
"BR: Partido Progressita (PP)",781,"PPB","Progressive Party / Brazilian Progressive Party (PPB)","Brazil"
"BR: Partido Renovador Trabalhista Brasileiro (PRTB)",8290,"PRTB","Brazilian Labour Renewal Party","Brazil"
"BR: Partido Republicano Brasileiro (PRB)",7079,"PRB","Brazilian Republican Party","Brazil"
"BR: Partido Republicano Progresista (PRP)",4859,"PRP","Party of Popular Representation","Brazil"
"BR: Partido Social Cristiano (PSC)",861,"PSC","Social Christian Party","Brazil"
"BR: Partido Social Democratico (PSD)",4613,"PSD","Social Democratic Party","Brazil"
"BR: Partido Social Democrático (PSD)",4613,"PSD","Social Democratic Party","Brazil"
"BR: Partido Social Demócrata Cristão (PSDC)",,,,"Brazil"
"BR: Partido Social Liberal (PSL)",6920,"PSL","Social Liberal Party","Brazil"
"BR: Partido Socialismo e Liberdade",501,"PSOL","Socialism and Freedom Party","Brazil"
"BR: Partido Socialismo e Liberdade (PSOL)",501,"PSOL","Socialism and Freedom Party","Brazil"
"BR: Partido Socialista Brasileiro (PSB)",723,"PSB","Brazilian Socialist Party","Brazil"
"BR: Partido Socialista de los Trabajadores Unificado (PSTU)",,,,"Brazil"
"BR: Partido Socialista dos Trabalhadores Unificado (PSTU)",,,,"Brazil"
"BR: Partido Trabalhista Brasileiro (PTB)",458,"PTB","Brazilian Labour Party","Brazil"
"BR: Partido Trabalhista Cristão (PTC)",4410,"PRN/PTC","National Reconstruction Party / Christian Labour Party","Brazil"
"BR: Partido Trabalhista do Brasil (PT do B)",,,,"Brazil"
"BR: Partido Verde (PV)",547,"PV","Green Party","Brazil"
"BR: Partido da Mobilização Nacional (PMN)",,,,"Brazil"
"BR: Partido da República (PR)",4405,"PR/PL","Party of the Republic / Liberal Party","Brazil"
"BR: Partido da Social Democracia Brasileira (PSDB)",225,"PSDB","Brazilian Social Democracy Party","Brazil"
"BR: Partido de Reedificação da Ordem Nacional",4404,"PRONA","Party of the Reconstruction of the National Order","Brazil"
"BR: Partido de la Reconstrucción Nacional (PRN)",4410,"PRN/PTC","National Reconstruction Party / Christian Labour Party","Brazil"
"BR: Partido de la Reconstrucción del Orden Nacional (PRONA)",4404,"PRONA","Party of the Reconstruction of the National Order","Brazil"
"BR: Partido do Movimento Democratico Brasileiro (PMDB)",654,"PMDB","Brazilian Democratic Movement Party","Brazil"
"BR: Partido do Movimento Democrático Brasileiro (PMDB)",654,"PMDB","Brazilian Democratic Movement Party","Brazil"
"BR: Partido dos Democratas - DEM",1536,"PFL","Liberal Front / Democrats","Brazil"
"BR: Partido dos Trabalhadores (PT)",356,"PT","Workers' Party","Brazil"
"BR: Patriotas",,,,"Brazil"
"BR: Podemos",,,,"Brazil"
"BR: Rede Sustentabilidade (REDE)",,,,"Brazil"
"BR: Solidariedade",6959,"SD","Solidarity","Brazil"
"BR: Uniao Brasil (UNIAO)",,,,"Brazil"
"Brazilian Communist Party",2489,"PCB","Brazilian Communist Party","Brazil"
"Brazilian Democratic Movement",4615,"MDB","Brazilian Democratic Movement","Brazil"
"Brazilian Labor Party",458,"PTB","Brazilian Labour Party","Brazil"
"Brazilian Labour Party",458,"PTB","Brazilian Labour Party","Brazil"
"Brazilian Progressive Party",781,"PPB","Progressive Party / Brazilian Progressive Party (PPB)","Brazil"
"Brazilian Republican Party",7079,"PRB","Brazilian Republican Party","Brazil"
"Brazilian Social Democracy Party",225,"PSDB","Brazilian Social Democracy Party","Brazil"
"Brazilian Social Dmeocratic Party",225,"PSDB","Brazilian Social Democracy Party","Brazil"
"Brazilian Socialist Party",723,"PSB","Brazilian Socialist Party","Brazil"
"Christian Democracy",4403,"PDC","Christian Democratic Party","Brazil"
"Christian Labour Party",4410,"PRN/PTC","National Reconstruction Party / Christian Labour Party","Brazil"
"Christian Social Democratic Party",,,,"Brazil"
"Communist Party of Brazil",565,"PCdoB","Communist Party of Brazil","Brazil"
"DC - Democracia Cristã formally known as PSDC Partido Social Democrata Cristao (Christian Social Democratic Party)",,,,"Brazil"
"DEM - Democratas",1536,"PFL","Liberal Front / Democrats","Brazil"
"DEM Democratas (Democrats)",1536,"PFL","Liberal Front / Democrats","Brazil"
"Democratic Labour Party",1009,"PDT","Democratic Labour Party","Brazil"
"Democratic Social Party",1163,"PDS","Democratic Social Party","Brazil"
"Democrats",1536,"PFL","Liberal Front / Democrats","Brazil"
"Forward",,,,"Brazil"
"Green Party",547,"PV","Green Party","Brazil"
"Humanist Party of Solidarity",7078,"PHS","Humanist Party of Solidarity","Brazil"
"Labor Democratic Party",1009,"PDT","Democratic Labour Party","Brazil"
"Labour Party of Brazil",,,,"Brazil"
"Liberal Party",1823,"PL","Liberal Party","Brazil"
"MDB Movimento Democratico Brasileiro formally known as PMDB Partido do Movimento Democratico Brasileiro (Brazilian D",4615,"MDB","Brazilian Democratic Movement","Brazil"
"NOVO Partido Novo (New Party)",,,,"Brazil"
"National Ecologic Party",,,,"Brazil"
"National Order Reconstruction Party",4404,"PRONA","Party of the Reconstruction of the National Order","Brazil"
"New Party",,,,"Brazil"
"PC",8386,"PC","Conservative Party","Brazil"
"PC do B",565,"PCdoB","Communist Party of Brazil","Brazil"
"PCB - Partido Comunista Brasileiro",2489,"PCB","Brazilian Communist Party","Brazil"
"PCO - Partido da Causa Oper ria",,,,"Brazil"
"PCO - Partido da Causa Operária",,,,"Brazil"
"PCO Partido da Causa Operaria (Workers' Cause Party)",,,,"Brazil"
"PCdoB - Partido Comunista do Brasil",565,"PCdoB","Communist Party of Brazil","Brazil"
"PCdoB Partido Comunista do Brasil (Communist Party of Brazil)",565,"PCdoB","Communist Party of Brazil","Brazil"
"PDC",4403,"PDC","Christian Democratic Party","Brazil"
"PDS- Social Democratic Party",1163,"PDS","Democratic Social Party","Brazil"
"PDT - Democratic Labor Party",1009,"PDT","Democratic Labour Party","Brazil"
"PDT - Partido Democr tico Trabalhista",1009,"PDT","Democratic Labour Party","Brazil"
"PDT - Partido Democrático Trabalhista",1009,"PDT","Democratic Labour Party","Brazil"
"PDT Partido Democratico Trabalhista (Democratic Labour Party)",1009,"PDT","Democratic Labour Party","Brazil"
"PEN Partido Ecologico Nacional (National Ecologic Party)",,,,"Brazil"
"PEN – Partido Ecológico Nacional",,,,"Brazil"
"PEP Republicanos, formerly Brazilian Republican Party",7079,"PRB","Brazilian Republican Party","Brazil"
"PFL - Liberal Front",1536,"PFL","Liberal Front / Democrats","Brazil"
"PHS - Partido Humanista da Solidariedade",7078,"PHS","Humanist Party of Solidarity","Brazil"
"PHS Partido Humanista da Soliedariedade (Humanist Party of Solidarity)",7078,"PHS","Humanist Party of Solidarity","Brazil"
"PL",1823,"PL","Liberal Party","Brazil"
"PL Liberal Party",1823,"PL","Liberal Party","Brazil"
"PMDB - Partido do Movimento Democr tico Brasileiro",654,"PMDB","Brazilian Democratic Movement Party","Brazil"
"PMDB - Partido do Movimento Democrático Brasileiro",654,"PMDB","Brazilian Democratic Movement Party","Brazil"
"PMDB - Party of Brazilian Democratic Movement",654,"PMDB","Brazilian Democratic Movement Party","Brazil"
"PMDB Partido do Movimento Democratico Brasileiro",654,"PMDB","Brazilian Democratic Movement Party","Brazil"
"PMDB Partido do Movimento Democratico Brasileiro (Brazilian Democratic Movement Party)",654,"PMDB","Brazilian Democratic Movement Party","Brazil"
"PMN",,,,"Brazil"
"PMN - Partido da Mobilização Nacional",,,,"Brazil"
"PMN Partido da Mobilizacao Nacional (Party of National Mobilization)",,,,"Brazil"
"PP - Partido Progressista",781,"PPB","Progressive Party / Brazilian Progressive Party (PPB)","Brazil"
"PP Partido Progressista (Progressive Party)",781,"PPB","Progressive Party / Brazilian Progressive Party (PPB)","Brazil"
"PPB",781,"PPB","Progressive Party / Brazilian Progressive Party (PPB)","Brazil"
"PPL Partido Patria Livre (Free Homeland Party)",,,,"Brazil"
"PPR",4402,"PPR","Reform Progressive Party","Brazil"
"PPS",267,"PPS","Socialist People's Party","Brazil"
"PPS - Partido Popular Socialista",267,"PPS","Socialist People's Party","Brazil"
"PR - Partido da Rep£blica",4405,"PR/PL","Party of the Republic / Liberal Party","Brazil"
"PR - Partido da República",4405,"PR/PL","Party of the Republic / Liberal Party","Brazil"
"PR Partido da Republica (Party of the Republic)",4405,"PR/PL","Party of the Republic / Liberal Party","Brazil"
"PRB - Partido Republicano Brasileiro",7079,"PRB","Brazilian Republican Party","Brazil"
"PRB Partido Republicano Brasileiro (Brazilian Republican Party)",7079,"PRB","Brazilian Republican Party","Brazil"
"PRN - National Reconstruction Party",4410,"PRN/PTC","National Reconstruction Party / Christian Labour Party","Brazil"
"PROS - Partido Republicano da Ordem Social",6958,"PROS","Republican Party of the Social Order","Brazil"
"PROS Partido Republicano da Ordem Social (Republican Party of the Social Order)",6958,"PROS","Republican Party of the Social Order","Brazil"
"PRP - Partido Republicano Progressista",4859,"PRP","Party of Popular Representation","Brazil"
"PRP Partido Republicano Progressista (Progressive Republican Party)",4859,"PRP","Party of Popular Representation","Brazil"
"PRTB - Partido Renovador Trabalhista Brasileiro",8290,"PRTB","Brazilian Labour Renewal Party","Brazil"
"PSB",723,"PSB","Brazilian Socialist Party","Brazil"
"PSB - Partido Socialista Brasileiro",723,"PSB","Brazilian Socialist Party","Brazil"
"PSB Partido Socialista Brasileiro (Brazilian Socialist Party)",723,"PSB","Brazilian Socialist Party","Brazil"
"PSC - Partido Social Cristao",861,"PSC","Social Christian Party","Brazil"
"PSC - Partido Social Cristão",861,"PSC","Social Christian Party","Brazil"
"PSC Partido Social Cristao (Social Christian Party)",861,"PSC","Social Christian Party","Brazil"
"PSD - Partido Social Democr tico",4613,"PSD","Social Democratic Party","Brazil"
"PSD - Partido Social Democrático",4613,"PSD","Social Democratic Party","Brazil"
"PSD Partido Social Democratico (Social Democratic Party)",4613,"PSD","Social Democratic Party","Brazil"
"PSDB - Brazilian Social Democracy",225,"PSDB","Brazilian Social Democracy Party","Brazil"
"PSDB - Partido da Social Democracia Brasileira",225,"PSDB","Brazilian Social Democracy Party","Brazil"
"PSDB Partido da Social Democracia Brasileira",225,"PSDB","Brazilian Social Democracy Party","Brazil"
"PSDB Partido da Social Democracia Brasileira (Brazilian Social Democracy Party)",225,"PSDB","Brazilian Social Democracy Party","Brazil"
"PSDC - Partido Social Democrata Cristao",,,,"Brazil"
"PSDC - Partido Social Democrata Cristão",,,,"Brazil"
"PSDC Partido Social Democrata Cristao",,,,"Brazil"
"PSDC Partido Social Democrata Cristao (Christian Social Democratic Party)",,,,"Brazil"
"PSL - Partido Social Liberal",6920,"PSL","Social Liberal Party","Brazil"
"PSL Partido Social Liberal (Social Liberal Party)",6920,"PSL","Social Liberal Party","Brazil"
"PSOL",501,"PSOL","Socialism and Freedom Party","Brazil"
"PSOL - Partido Socialismo e Liberdade",501,"PSOL","Socialism and Freedom Party","Brazil"
"PSOL Partido Socialismo e Liberdade (Socialilsm and Liberty Party)",501,"PSOL","Socialism and Freedom Party","Brazil"
"PSTU - Partido Socialista dos Trabalhadores Unificado",,,,"Brazil"
"PSTU Partido Socialista dos Trabalhadores Unificado (United Socialist Workers' Party)",,,,"Brazil"
"PT - Partido dos Trabalhadores",356,"PT","Workers' Party","Brazil"
"PT - WorkersParty",356,"PT","Workers' Party","Brazil"
"PT Partido dos Trabalhadores (Workers Party)",356,"PT","Workers' Party","Brazil"
"PT Partido dos Trabalhadores (Workers' Party)",356,"PT","Workers' Party","Brazil"
"PT Partido dos Trabalhadores (Workers' Party)",356,"PT","Workers' Party","Brazil"
"PT Partido dos Trabalhadores (Workers' Party)",356,"PT","Workers' Party","Brazil"
"PTB - Brazilian Labor Party",458,"PTB","Brazilian Labour Party","Brazil"
"PTB - Partido Trabalhista Brasileiro",458,"PTB","Brazilian Labour Party","Brazil"
"PTB Partido Trabalhista Brasileiro (Brazilian Labour Party)",458,"PTB","Brazilian Labour Party","Brazil"
"PTC Partido Trabalhista Cristao (Christina Workers Party)",4410,"PRN/PTC","National Reconstruction Party / Christian Labour Party","Brazil"
"PTC-Cartido Trabalhista Cristão",4410,"PRN/PTC","National Reconstruction Party / Christian Labour Party","Brazil"
"PTC-Partido Trabalhista Cristão",4410,"PRN/PTC","National Reconstruction Party / Christian Labour Party","Brazil"
"PTN - Partido Trabalhista Nacional",4650,"PTN","National Labour Party","Brazil"
"PTdoB - Partido Trabalhista do Brasil",,,,"Brazil"
"PTdoB Partido Trabalhista do Brasil (Labour Party of Brazil)",,,,"Brazil"
"PV",547,"PV","Green Party","Brazil"
"PV - Partido Verde",547,"PV","Green Party","Brazil"
"PV Partido Verde (Green Party)",547,"PV","Green Party","Brazil"
"Party of Brazilian Women",,,,"Brazil"
"Party of National Mobilization",,,,"Brazil"
"Party of the Brazilian Democratic Movement",654,"PMDB","Brazilian Democratic Movement Party","Brazil"
"Patriot",,,,"Brazil"
"Popular Socialist Party",267,"PPS","Socialist People's Party","Brazil"
"Progressive Party",781,"PPB","Progressive Party / Brazilian Progressive Party (PPB)","Brazil"
"Progressive Party / Brazilian Progressive Party (PPB)",781,"PPB","Progressive Party / Brazilian Progressive Party (PPB)","Brazil"
"Progressive Republican Party",4402,"PPR","Reform Progressive Party","Brazil"
"Progressives",,,,"Brazil"
"REDE Rede Sustentabilidade (Sustainability Network)",,,,"Brazil"
"Republic Party",4408,"PR","Republican Party","Brazil"
"Republican Party of the Social Order",6958,"PROS","Republican Party of the Social Order","Brazil"
"SDD - Solidariedade",6959,"SD","Solidarity","Brazil"
"Social Christian Party",861,"PSC","Social Christian Party","Brazil"
"Social Democratic Party",4613,"PSD","Social Democratic Party","Brazil"
"Social Liberal Party",6920,"PSL","Social Liberal Party","Brazil"
"Socialism and Freedom Party",501,"PSOL","Socialism and Freedom Party","Brazil"
"Socialism and Liberty Party",501,"PSOL","Socialism and Freedom Party","Brazil"
"Socialist People's Party",267,"PPS","Socialist People's Party","Brazil"
"Solidarity",6959,"SD","Solidarity","Brazil"
"Sustainability Network",,,,"Brazil"
"Unified Socialist Workers' Party",,,,"Brazil"
"United Socialist Workers' Party",,,,"Brazil"
"We can",,,,"Brazil"
"Workers Cause Party",,,,"Brazil"
"Workers Party",356,"PT","Workers' Party","Brazil"
"Workers' Cause Party",,,,"Brazil"
"Workers' Party",356,"PT","Workers' Party","Brazil"
"""Red, zakonnost i spravedlivost"" (RZS)",272,"RZS","Order, Law and Justice","Bulgaria"
"""Sinyata koalitsiya"" (SDS; DSB)",58,"BC","Blue Coalition","Bulgaria"
"ABV",3187,"ABV","Alternative for Bulgarian Revival","Bulgaria"
"ATAKA",1793,"ATA","National Union Attack","Bulgaria"
"Agrarian Union",7809,"ZS-AS","Agrarian Union ""Aleksandar Stamboliyski""","Bulgaria"
"Alternativa za bulgarsko vuzrazhdane (ABV)",3187,"ABV","Alternative for Bulgarian Revival","Bulgaria"
"Alternative for Bulgarian Revival",3187,"ABV","Alternative for Bulgarian Revival","Bulgaria"
"Ataka",1793,"ATA","National Union Attack","Bulgaria"
"Attack",1793,"ATA","National Union Attack","Bulgaria"
"Attack Party",1793,"ATA","National Union Attack","Bulgaria"
"BAP: Bulgarian Agrarian Party",2060,"BZNS","Bulgarian Agrarian National Union","Bulgaria"
"BBB J. Ganchev",1027,"BBB","Bulgarian Business Bloc","Bulgaria"
"BG SDParty",661,"PBSD","Party of Bulgarian Social Democrats","Bulgaria"
"BG SDParty + GOR",,,,"Bulgaria"
"BND",8355,"BND","Bulgarian New Democracy","Bulgaria"
"BNS-SSD, VMRO, NS",,,,"Bulgaria"
"BNS-SSD,VMRO,NS",,,,"Bulgaria"
"BSP",757,"BSP","Bulgarian Socialist Party","Bulgaria"
"BSP Left Bulgaria - Coalition for Bulgaria",1665,"KzB — BSP","Coalition for Bulgaria — BSP for Bulgaria","Bulgaria"
"BSP Socialist Party",757,"BSP","Bulgarian Socialist Party","Bulgaria"
"BZNS",2060,"BZNS","Bulgarian Agrarian National Union","Bulgaria"
"BZNS-NS",,,,"Bulgaria"
"Balgarska Socialisticheska Partiya (BSP) - Bulgarian Socialist Party",757,"BSP","Bulgarian Socialist Party","Bulgaria"
"Balgarska sotsialisticheska partia (BSP)",757,"BSP","Bulgarian Socialist Party","Bulgaria"
"Balgarska sotsialisticheska partiya (BSP)",757,"BSP","Bulgarian Socialist Party","Bulgaria"
"Balgarski Natsionalen Sayuz - ND",8260,"BNU — ND","Bulgarian National Union — New Democracy","Bulgaria"
"Balgarski Zemedelski Naroden Sajuz (BZNS) - Bulgarian Agrarian National Union",2060,"BZNS","Bulgarian Agrarian National Union","Bulgaria"
"Blue Coalition - SDS, DSB",58,"BC","Blue Coalition","Bulgaria"
"Blue Coalition - SDS, DSB 'Sinyata Koalitsiya'",58,"BC","Blue Coalition","Bulgaria"
"Bulg Business Block",1027,"BBB","Bulgarian Business Bloc","Bulgaria"
"Bulg Democr Center",,,,"Bulgaria"
"Bulg Soc-Dem Party",661,"PBSD","Party of Bulgarian Social Democrats","Bulgaria"
"Bulg Socialist Party",757,"BSP","Bulgarian Socialist Party","Bulgaria"
"Bulg. Business Block",1027,"BBB","Bulgarian Business Bloc","Bulgaria"
"Bulgaria without Censorship",3188,"BBZ","Bulgaria without Censorship","Bulgaria"
"Bulgarian Agrarian People's Union",2060,"BZNS","Bulgarian Agrarian National Union","Bulgaria"
"Bulgarian Agrarian People's Union Alexander Stambolijski",7809,"ZS-AS","Agrarian Union ""Aleksandar Stamboliyski""","Bulgaria"
"Bulgarian Agricultural National Forces - 'Al. Stamboliski'",7809,"ZS-AS","Agrarian Union ""Aleksandar Stamboliyski""","Bulgaria"
"Bulgarian Agricultural National Forces - 'N. Petkov'",,,,"Bulgaria"
"Bulgarian Agricultural National Forces - United",,,,"Bulgaria"
"Bulgarian Agricultural National Forces, A. Mauser, National Union",,,,"Bulgaria"
"Bulgarian Business Block",1027,"BBB","Bulgarian Business Bloc","Bulgaria"
"Bulgarian Communist Party",6754,"BCP","Bulgarian Communist Party","Bulgaria"
"Bulgarian National Movement (IMRO)",2056,"IMRO","IMRO — Bulgarian National Movement","Bulgaria"
"Bulgarian Social Democratic Party",661,"PBSD","Party of Bulgarian Social Democrats","Bulgaria"
"Bulgarian Social-Democratic Party",661,"PBSD","Party of Bulgarian Social Democrats","Bulgaria"
"Bulgarian Social-Democratic Party  (BSDP)",6750,"BRSDP","Bulgarian Workers' Social Democratic Party","Bulgaria"
"Bulgarian Socialist Party",757,"BSP","Bulgarian Socialist Party","Bulgaria"
"Bulgarian Socialist Party (BSP)",757,"BSP","Bulgarian Socialist Party","Bulgaria"
"Bulgarian Women's Party",,,,"Bulgaria"
"Bulgarian left coalition",,,,"Bulgaria"
"Bulgarska Evrolevitza (BEL) - The Euro-Left",149,"BEL","Bulgarian Euro-Left Coalition","Bulgaria"
"Bulgarska Hirsianska",,,,"Bulgaria"
"Bulgarska Hrisianska Coalicia",,,,"Bulgaria"
"Bulgarska Hrisianska Koalicija",,,,"Bulgaria"
"Bulgarska biznes blok (BBB) - Bulgarian Business Block",1027,"BBB","Bulgarian Business Bloc","Bulgaria"
"Bulgarska komunisticheska partiya (BKP)",603,"BKP","Communist Party of Bulgaria","Bulgaria"
"Bulgarski natsionalen suyuz - Nova demokratsiya",8260,"BNU — ND","Bulgarian National Union — New Democracy","Bulgaria"
"Business Block",1027,"BBB","Bulgarian Business Bloc","Bulgaria"
"Business Block-BBB",1027,"BBB","Bulgarian Business Bloc","Bulgaria"
"Christian Social Union",,,,"Bulgaria"
"Citizens for European Development of Bulgaria",760,"GERB","Citizens for European Development of Bulgaria","Bulgaria"
"Citizens for European Development of Bulgaria (GERB)",760,"GERB","Citizens for European Development of Bulgaria","Bulgaria"
"Citizens for European Development of Bulgaria - GERB",760,"GERB","Citizens for European Development of Bulgaria","Bulgaria"
"CnF Kingdom Bulgaria",222,"TBF","Kingdom of Bulgaria Confederation","Bulgaria"
"Coalicia na rozata",2054,"KR","Coalition of the Rose","Bulgaria"
"Coalicia za Bulgaria",1665,"KzB — BSP","Coalition for Bulgaria — BSP for Bulgaria","Bulgaria"
"Coalicia za Bulgaria - BSP,PBS,PD",,,,"Bulgaria"
"Coalition For Bulgaria",1665,"KzB — BSP","Coalition for Bulgaria — BSP for Bulgaria","Bulgaria"
"Coalition United Agricultural Forces",,,,"Bulgaria"
"Coalition f Bulgaria,BSP,PBS,PD",,,,"Bulgaria"
"Coalition for Bulgaria",1665,"KzB — BSP","Coalition for Bulgaria — BSP for Bulgaria","Bulgaria"
"Coalition for Bulgaria - BSP, PBS",1665,"KzB — BSP","Coalition for Bulgaria — BSP for Bulgaria","Bulgaria"
"Coalition for Bulgaria - BSP, PBS 'Koalitsiya za Balgariya', 'Zemedelski Sayuz'",1665,"KzB — BSP","Coalition for Bulgaria — BSP for Bulgaria","Bulgaria"
"Coalition: Georgievden, Inner Macedonian Revolutionary Organization",,,,"Bulgaria"
"Communist Party of Bulgaria",603,"BKP","Communist Party of Bulgaria","Bulgaria"
"DA jivei Balgarija.",,,,"Bulgaria"
"DB",9083,"DB","Democratic Bulgaria","Bulgaria"
"DOST Democrats for Responsibility, Freedom, Tolerance",5860,"DOST","Democrats for Responsibility, Solidarity and Tolerance","Bulgaria"
"DPS",982,"DPS","Movement for Rights and Freedoms","Bulgaria"
"DPS ""Dvizhenie za prava i svobodi""",982,"DPS","Movement for Rights and Freedoms","Bulgaria"
"DPS Movement for rights and freedom",982,"DPS","Movement for Rights and Freedoms","Bulgaria"
"DSB",1195,"DSB","Democrats for a Strong Bulgaria","Bulgaria"
"Da jivei Bulgaria!",,,,"Bulgaria"
"Democratic Party",6749,"DP","Democratic Party","Bulgaria"
"Democrats for Strong Bulgaria",1195,"DSB","Democrats for a Strong Bulgaria","Bulgaria"
"Democrats for a Strong Bulgaria",1195,"DSB","Democrats for a Strong Bulgaria","Bulgaria"
"Demokrati za otgovornost svoboda i tolerantnost (DOST)",5860,"DOST","Democrats for Responsibility, Solidarity and Tolerance","Bulgaria"
"Demokrati za silna Bulgaria (DSB)",1195,"DSB","Democrats for a Strong Bulgaria","Bulgaria"
"Demokratichna Balgariya",9083,"DB","Democratic Bulgaria","Bulgaria"
"Dostonia Bulgaria",,,,"Bulgaria"
"Druga partia/koalitsia",,,,"Bulgaria"
"Dvijenie 'Gergiovden'",1820,"DG","George's Day Movement","Bulgaria"
"Dvijenie za Prava i Svobodi (DPS) - Movement for Rights and Freedom",982,"DPS","Movement for Rights and Freedoms","Bulgaria"
"Dvizhenie za prava i svobodi (DPS)",982,"DPS","Movement for Rights and Freedoms","Bulgaria"
"Euro Left",149,"BEL","Bulgarian Euro-Left Coalition","Bulgaria"
"Euro-Left",149,"BEL","Bulgarian Euro-Left Coalition","Bulgaria"
"Euro-Roma party",2055,"ER","Euroroma","Bulgaria"
"Euro-left",149,"BEL","Bulgarian Euro-Left Coalition","Bulgaria"
"Euroleft",149,"BEL","Bulgarian Euro-Left Coalition","Bulgaria"
"Eurorama",2055,"ER","Euroroma","Bulgaria"
"Euroroma - Tzvetelin Kanchev",2055,"ER","Euroroma","Bulgaria"
"Evroroma",2055,"ER","Euroroma","Bulgaria"
"FAGO",,,,"Bulgaria"
"Fatherland Party of Labour",,,,"Bulgaria"
"GERB",760,"GERB","Citizens for European Development of Bulgaria","Bulgaria"
"GERB-SDS",,,,"Bulgaria"
"George's Day Movement",1820,"DG","George's Day Movement","Bulgaria"
"Georges Day",1820,"DG","George's Day Movement","Bulgaria"
"Georgiovden Movement",1820,"DG","George's Day Movement","Bulgaria"
"Gergiovden",1820,"DG","George's Day Movement","Bulgaria"
"Grajdansko dvijenie ABV",3187,"ABV","Alternative for Bulgarian Revival","Bulgaria"
"Grazhdani za evropeĭsko razvitie na Bulgariya (GERB)",760,"GERB","Citizens for European Development of Bulgaria","Bulgaria"
"Grazhdansko obedinenie za realna demokratsia (S.Binev)",,,,"Bulgaria"
"Green Party",659,"ZP","Green Party of Bulgaria","Bulgaria"
"Green Party of Bulgaria",659,"ZP","Green Party of Bulgaria","Bulgaria"
"ISMV (Stand up! Get out!)",8991,"IS","Stand up!","Bulgaria"
"ITN",8992,"ITN","There Is Such a People","Bulgaria"
"Ima takav narod",8992,"ITN","There Is Such a People","Bulgaria"
"Independent Candidate",7731,"GC","Governmental candidates [no-party]","Bulgaria"
"Independent candidate",7731,"GC","Governmental candidates [no-party]","Bulgaria"
"Inner Macedonian Revolutionary Organization",2056,"IMRO","IMRO — Bulgarian National Movement","Bulgaria"
"Internal Macedonian Revolutionary Organization",2056,"IMRO","IMRO — Bulgarian National Movement","Bulgaria"
"Internal Macedonian Revolutionary Organization - Bulgarian National Movement",2056,"IMRO","IMRO — Bulgarian National Movement","Bulgaria"
"Izpravi se! Mutri van!",8991,"IS","Stand up!","Bulgaria"
"Kingd Bulg Confeder",222,"TBF","Kingdom of Bulgaria Confederation","Bulgaria"
"Koalicija na rozata",2054,"KR","Coalition of the Rose","Bulgaria"
"Koalitsiya za Balgariya (BSP; PBS, Zemedelski sayuz ""Al. Sta",1665,"KzB — BSP","Coalition for Bulgaria — BSP for Bulgaria","Bulgaria"
"Liberal Initiative for Democratic European Development",265,"LR","Lider","Bulgaria"
"Liberal Initiative for Democratic European Development - PP 'Lider'",265,"LR","Lider","Bulgaria"
"Liberal-Democratic Union",,,,"Bulgaria"
"MRF Motion f Rights d Freedom",982,"DPS","Movement for Rights and Freedoms","Bulgaria"
"MRF Movmt Civ R+F",982,"DPS","Movement for Rights and Freedoms","Bulgaria"
"MRL",,,,"Bulgaria"
"MSRF: Turkish Movement for Rights and Freedom",982,"DPS","Movement for Rights and Freedoms","Bulgaria"
"Monarchist",,,,"Bulgaria"
"Monarchist  - National Movement Simeon II (2006)",374,"NDSV","National Movement (Simeon II) for Stability and Progress","Bulgaria"
"Motion for rights and liberties",982,"DPS","Movement for Rights and Freedoms","Bulgaria"
"Movement 'Georgievden'",1820,"DG","George's Day Movement","Bulgaria"
"Movement 21",3200,"M21","Movement 21","Bulgaria"
"Movement Bulgaria of the Citizens",2058,"BNG","Bulgaria for Citizens Movement","Bulgaria"
"Movement for Rights and Freedom - DPS",982,"DPS","Movement for Rights and Freedoms","Bulgaria"
"Movement for Rights and Freedom - DPS 'Dvizhenie za Prava i Svobodi'",982,"DPS","Movement for Rights and Freedoms","Bulgaria"
"Movement for Rights and Freedoms",982,"DPS","Movement for Rights and Freedoms","Bulgaria"
"Movement for Rights and Freedoms (DPS)",982,"DPS","Movement for Rights and Freedoms","Bulgaria"
"Movement for Rights and Freedoms (MRF)",982,"DPS","Movement for Rights and Freedoms","Bulgaria"
"Movmt Civ R+F (MRF)",982,"DPS","Movement for Rights and Freedoms","Bulgaria"
"NDSV",374,"NDSV","National Movement (Simeon II) for Stability and Progress","Bulgaria"
"NDSV Simeon II",374,"NDSV","National Movement (Simeon II) for Stability and Progress","Bulgaria"
"NFSB-Volya",,,,"Bulgaria"
"NM Simeon II",374,"NDSV","National Movement (Simeon II) for Stability and Progress","Bulgaria"
"Napred Balgarija",,,,"Bulgaria"
"Napred Bulgaria",,,,"Bulgaria"
"Narodna partia Svoboda i dostoynstvo",4095,"SSD","Center-Freedom and Dignity","Bulgaria"
"National Front for the Salvation of Bulgaria",2057,"NFSB","National Front for the Salvation of Bulgaria","Bulgaria"
"National Front for the Salvation of Bulgaria (NFSB)",2057,"NFSB","National Front for the Salvation of Bulgaria","Bulgaria"
"National Movement for Stability and Progress",374,"NDSV","National Movement (Simeon II) for Stability and Progress","Bulgaria"
"National Movement for Stability and Progress - NDSV",374,"NDSV","National Movement (Simeon II) for Stability and Progress","Bulgaria"
"National Union",263,"BNS","Bulgarian People's Union","Bulgaria"
"National Union Attack",1793,"ATA","National Union Attack","Bulgaria"
"National Union Attack - Partiya 'Ataka'",1793,"ATA","National Union Attack","Bulgaria"
"National Union, Fatherland Left",,,,"Bulgaria"
"Natsionalen front za spasenie na Balgariya (NFSB)",2057,"NFSB","National Front for the Salvation of Bulgaria","Bulgaria"
"New Choice",2021,"SNI","'New Choice' Union","Bulgaria"
"Nikola Petka",,,,"Bulgaria"
"Novo vreme",2022,"HB","New Times","Bulgaria"
"Novoto Vreme",2022,"HB","New Times","Bulgaria"
"Novoto Vreme (New Age) Party",2022,"HB","New Times","Bulgaria"
"Novoto vreme",2022,"HB","New Times","Bulgaria"
"ODS",1183,"ODS","United Democratic Forces","Bulgaria"
"ODS,SDS,BZNS NS,DROM",,,,"Bulgaria"
"Obedinena partia na pensionerite",,,,"Bulgaria"
"Obedinena partija na pensionerite",,,,"Bulgaria"
"Order, Law and Justice - RZS",272,"RZS","Order, Law and Justice","Bulgaria"
"Order, Law and Justice - RZS 'Red, Zakonnost i Spravedlivost'",272,"RZS","Order, Law and Justice","Bulgaria"
"Order,lawfulness and justice",272,"RZS","Order, Law and Justice","Bulgaria"
"PP ""Lider""",265,"LR","Lider","Bulgaria"
"PP Ataka",1793,"ATA","National Union Attack","Bulgaria"
"PP Green",659,"ZP","Green Party of Bulgaria","Bulgaria"
"PP Lider",265,"LR","Lider","Bulgaria"
"PP The Other Bulgaria",,,,"Bulgaria"
"PP VMRO – Balgarsko natsionalno dvizhenie",2056,"IMRO","IMRO — Bulgarian National Movement","Bulgaria"
"PP Zelena partia (Aleksandar Karakachanov)",659,"ZP","Green Party of Bulgaria","Bulgaria"
"PP Zelenite",659,"ZP","Green Party of Bulgaria","Bulgaria"
"PSD",661,"PBSD","Party of Bulgarian Social Democrats","Bulgaria"
"PU (DP-A.Mozer)",,,,"Bulgaria"
"Partia Ataka",1793,"ATA","National Union Attack","Bulgaria"
"Partia Balgarski sotsialdemokrati",661,"PBSD","Party of Bulgarian Social Democrats","Bulgaria"
"Partia Dvizhenie Bulgaria na grazhdanite (M.Kuneva)",2058,"BNG","Bulgaria for Citizens Movement","Bulgaria"
"Partia Roma",,,,"Bulgaria"
"Partiya ""Ataka""",1793,"ATA","National Union Attack","Bulgaria"
"Party The Greens",659,"ZP","Green Party of Bulgaria","Bulgaria"
"Party of Free Democrats",8033,"SSD","Union of Free Democrats","Bulgaria"
"Patriotic Front",5649,"PF","Patriotic Front","Bulgaria"
"Patriotic Union",,,,"Bulgaria"
"Peoples Union",263,"BNS","Bulgarian People's Union","Bulgaria"
"Peoples union",263,"BNS","Bulgarian People's Union","Bulgaria"
"Political Party VOLYA",5863,"Volya","Will","Bulgaria"
"Popular Agrarian Party  A. Mozer",,,,"Bulgaria"
"Popular Agrarian Party  Yane Yanev",,,,"Bulgaria"
"RZS",272,"RZS","Order, Law and Justice","Bulgaria"
"Red, zakonnost i spravedlivost (RZS)",272,"RZS","Order, Law and Justice","Bulgaria"
"Reformist Bloc",3189,"RB","Reformist Bloc","Bulgaria"
"Republic BG",,,,"Bulgaria"
"Republikantsi za Balgariya",8995,"RzB","Republicans for Bulgaria","Bulgaria"
"Revival",5862,"V","Revival","Bulgaria"
"Right organizations",,,,"Bulgaria"
"SDS",482,"SDS","Union of Democratic Forces","Bulgaria"
"SSD",8033,"SSD","Union of Free Democrats","Bulgaria"
"Sajuz Balgarija",,,,"Bulgaria"
"Sajuz Bulgaria",,,,"Bulgaria"
"Sayuz na demokratichnite sili (SDS)",482,"SDS","Union of Democratic Forces","Bulgaria"
"Sayuz na svobodnite demokrati (SSD)",8033,"SSD","Union of Free Democrats","Bulgaria"
"Social Democratic Party",6750,"BRSDP","Bulgarian Workers' Social Democratic Party","Bulgaria"
"Socialdemocratic",6750,"BRSDP","Bulgarian Workers' Social Democratic Party","Bulgaria"
"Socialist Party",757,"BSP","Bulgarian Socialist Party","Bulgaria"
"Suyuz na demokratichnite sili (SDS) - Union of Democratic Forces",482,"SDS","Union of Democratic Forces","Bulgaria"
"The Bloc of G. Ganchev",1027,"BBB","Bulgarian Business Bloc","Bulgaria"
"The Blue coalition",58,"BC","Blue Coalition","Bulgaria"
"The Euro-left",149,"BEL","Bulgarian Euro-Left Coalition","Bulgaria"
"The Greens - PP",659,"ZP","Green Party of Bulgaria","Bulgaria"
"The Greens - PP 'Zelenite'",659,"ZP","Green Party of Bulgaria","Bulgaria"
"The New Time",2022,"HB","New Times","Bulgaria"
"Tsarstvo Bulgaria",222,"TBF","Kingdom of Bulgaria Confederation","Bulgaria"
"UDF",482,"SDS","Union of Democratic Forces","Bulgaria"
"UDF Union Democr Forces",482,"SDS","Union of Democratic Forces","Bulgaria"
"Union Democr Forces",482,"SDS","Union of Democratic Forces","Bulgaria"
"Union of Dem Forces",482,"SDS","Union of Democratic Forces","Bulgaria"
"Union of Democracy",482,"SDS","Union of Democratic Forces","Bulgaria"
"Union of Democracy Forces",482,"SDS","Union of Democratic Forces","Bulgaria"
"Union of Democratic Forces",482,"SDS","Union of Democratic Forces","Bulgaria"
"Union of Free Democrats",8033,"SSD","Union of Free Democrats","Bulgaria"
"United Democratic Forces",1183,"ODS","United Democratic Forces","Bulgaria"
"VMRO",2056,"IMRO","IMRO — Bulgarian National Movement","Bulgaria"
"VMRO - BND",2056,"IMRO","IMRO — Bulgarian National Movement","Bulgaria"
"VMRO – Bulgarian National Movement",2056,"IMRO","IMRO — Bulgarian National Movement","Bulgaria"
"VMRO-BND",2056,"IMRO","IMRO — Bulgarian National Movement","Bulgaria"
"Vazrazhdane",5862,"V","Revival","Bulgaria"
"Vnatrena Makedonska Revol. Org./Dem. Partija (VMRO/DPMNE) Internal Macedonian Revolutionary Organization",6397,"VMRO-DPMNE","Internal Macedonian Revolutionary Organization","Bulgaria"
"Volya - NFSB",,,,"Bulgaria"
"VМRО",2056,"IMRO","IMRO — Bulgarian National Movement","Bulgaria"
"Yes, Bulgaria",5861,"DB","Yes, Bulgaria!","Bulgaria"
"bbb",1027,"BBB","Bulgarian Business Bloc","Bulgaria"
"bsp",757,"BSP","Bulgarian Socialist Party","Bulgaria"
"bzns",2060,"BZNS","Bulgarian Agrarian National Union","Bulgaria"
"dar",2059,"DA","Democratic Alternative for the Republic","Bulgaria"
"dps",982,"DPS","Movement for Rights and Freedoms","Bulgaria"
"dsb",1195,"DSB","Democrats for a Strong Bulgaria","Bulgaria"
"mrf",982,"DPS","Movement for Rights and Freedoms","Bulgaria"
"ns",263,"BNS","Bulgarian People's Union","Bulgaria"
"nud",,,,"Bulgaria"
"sds",482,"SDS","Union of Democratic Forces","Bulgaria"
"udf",482,"SDS","Union of Democratic Forces","Bulgaria"
"vmro",2056,"IMRO","IMRO — Bulgarian National Movement","Bulgaria"
"Аttack",1793,"ATA","National Union Attack","Bulgaria"
"ADF/ RDA",4314,"ADF — RDA","Alliance for Democracy and Federation — African Democratic Rally","Burkina Faso"
"ADF/RDA",4314,"ADF — RDA","Alliance for Democracy and Federation — African Democratic Rally","Burkina Faso"
"ADF/RDA (Alliance pour la d Ámocratie et la f Ád Áration/Ras",4314,"ADF — RDA","Alliance for Democracy and Federation — African Democratic Rally","Burkina Faso"
"ADF/RDA (Alliance pour la démocratie et la fédération/Rassem",4314,"ADF — RDA","Alliance for Democracy and Federation — African Democratic Rally","Burkina Faso"
"ADF/RDA (Alliance pour la démocratie et la fédération/Rassemblement démocratique africain) de Gilbert Noël OUEDRAOG",4314,"ADF — RDA","Alliance for Democracy and Federation — African Democratic Rally","Burkina Faso"
"ADF/RDA de Gilbert Noël OUEDRAOGO",4314,"ADF — RDA","Alliance for Democracy and Federation — African Democratic Rally","Burkina Faso"
"AGIR ENSEMBLE (Mouvement Agir Ensemble pour le Burkina Faso) de Kadré Désiré OUEDRAOGO",,,,"Burkina Faso"
"APR - Tiligré (Alliance Panafricaine pour la Refondation) - Tiligré du Dima de Boussouma",,,,"Burkina Faso"
"Alliance pour la démocratie et la fédération/Rassemblement démocratique africain (ADF/RDA) (Gilbert Noël OUEDRAOGO)",4314,"ADF — RDA","Alliance for Democracy and Federation — African Democratic Rally","Burkina Faso"
"Aucun Parti",,,,"Burkina Faso"
"CDP",4313,"CDP","Congress for Democracy and Progress","Burkina Faso"
"CDP (Congr ás pour la d Ámocratie et le progr ás)",4313,"CDP","Congress for Democracy and Progress","Burkina Faso"
"CDP (Congrès pour la démocratie et le progrès) de Achille TA",4313,"CDP","Congress for Democracy and Progress","Burkina Faso"
"CDP (Congrès pour la démocratie et le progrès) de Eddie KOMBOÏGO",4313,"CDP","Congress for Democracy and Progress","Burkina Faso"
"CDP de Assimi KOUANDA",4313,"CDP","Congress for Democracy and Progress","Burkina Faso"
"CFD/B",8740,"CFD","Convention of Democratic Forces","Burkina Faso"
"CFD/B (Convention de forces d Ámocratiques du Burkina)",8740,"CFD","Convention of Democratic Forces","Burkina Faso"
"CFD/B de Amadou Diemdioda DICKO",8740,"CFD","Convention of Democratic Forces","Burkina Faso"
"CNP (Convention Nationale pour le Progrès) de Rasmané Daniel SAWADOGO",,,,"Burkina Faso"
"CPS / G3 (Convergence pour le Progrès et la Solidarité / Génération 3) de Jérôme ZOMA",,,,"Burkina Faso"
"Capitaine Ibrahim Traoré/MPSR",,,,"Burkina Faso"
"Congrès pour la démocratie et le progrès (CDP) (Blaise COMPAORE)",4313,"CDP","Congress for Democracy and Progress","Burkina Faso"
"Le Faso Autrement (Ablassé Ouedraogo)",8739,"FA","Alternative Faso","Burkina Faso"
"Le Faso Autrement de Ablassé OUEDRAOGO",8739,"FA","Alternative Faso","Burkina Faso"
"Le Faso Autrement de Ablassé Ouedraogo",8739,"FA","Alternative Faso","Burkina Faso"
"MDA (Mouvement pour la Démocratie en Afrique) de Amadou TALL",,,,"Burkina Faso"
"MPP",5769,"MPP","People's Movement for Progress","Burkina Faso"
"MPP (Mouvement du Peuple pour le Progrès) de Roch Marc Chris",5769,"MPP","People's Movement for Progress","Burkina Faso"
"MPP (Mouvement du Peuple pour le Progrès) de Roch Marc Christian KABORÉ",5769,"MPP","People's Movement for Progress","Burkina Faso"
"Michel KAFANDO",,,,"Burkina Faso"
"Mouvement du Peuple pour le Progrès (MPP) Rock Christian KABORE)",5769,"MPP","People's Movement for Progress","Burkina Faso"
"NAFA",5904,"NAFA","New Alliance of Faso","Burkina Faso"
"NAFA (Nouvelle Alliance du Faso) de Rasmané OUEDRAOGO",5904,"NAFA","New Alliance of Faso","Burkina Faso"
"NTD (Nouveau Temps pour la Démocratie) de Vincent DABILGOU",5925,"NTD","New Era for Democracy","Burkina Faso"
"ODT (Organisation pour la Démocratie et le Travail) de Moïse",5923,"ODT","Organization for Democracy and Labor","Burkina Faso"
"PAI",4320,"PAI","African Independence Party","Burkina Faso"
"PAI (Parti africain pour l'ind Ápendance)",4320,"PAI","African Independence Party","Burkina Faso"
"PAREN (Parti de la Renaissance Nationale) de Laurent BADO",,,,"Burkina Faso"
"PAREN (Parti pour la renaissance nationale)",,,,"Burkina Faso"
"PAREN du Pr. Laurent Bado",,,,"Burkina Faso"
"PDC (Parti pour le Développement et le Changement) de Saran SEREME",,,,"Burkina Faso"
"PDP/PS (Parti pour la d Ámocratie et le progr ás/Parti socia",,,,"Burkina Faso"
"PDP/PS de François O. KABORE",5901,"PDP","Party for Democracy and Progress","Burkina Faso"
"PDS",,,,"Burkina Faso"
"PDS (Parti pour la Démocratie et le Socialisme) de Ibrahima KONE",4317,"PDS/Metba","Party for Democracy and Socialism / Metba","Burkina Faso"
"PDS (Parti pour la d Ámocratie et le socialisme)",4317,"PDS/Metba","Party for Democracy and Socialism / Metba","Burkina Faso"
"PDS de Sambo Issouf BA",4317,"PDS/Metba","Party for Democracy and Socialism / Metba","Burkina Faso"
"PDS/METBA",4317,"PDS/Metba","Party for Democracy and Socialism / Metba","Burkina Faso"
"PDS/Metba (Parti pour la Démocratie et le Socialisme) de Phi",4317,"PDS/Metba","Party for Democracy and Socialism / Metba","Burkina Faso"
"PDS/Metba de Arba DIALLO",4317,"PDS/Metba","Party for Democracy and Socialism / Metba","Burkina Faso"
"PUR (Progressistes Unis pour le Renouveau) de Alexandre SANKARA",,,,"Burkina Faso"
"Parti  pour le Développement et le Changement (PDC) Saran SEREME",,,,"Burkina Faso"
"Parti pour la démocratie et le socialisme (PDS/Metba ) (Etienne TRAORE )",4317,"PDS/Metba","Party for Democracy and Socialism / Metba","Burkina Faso"
"Parti pour la renaissance (PAREN) (Tahirou BARRY)",,,,"Burkina Faso"
"RDB (Rassemblement pour le d Áveloppement du Burkina)",,,,"Burkina Faso"
"RDS (Rassemblement pour la Démocratie et le Socialisme) de O",,,,"Burkina Faso"
"RPC (Rassemblement Populaire des Citoyens)",,,,"Burkina Faso"
"RPI (Rassemblement Patriotique pour l'Intégrité) de Inoussa BILGO",,,,"Burkina Faso"
"UDPS (Union pour la D Ámocratie et le Progr ás Social)",,,,"Burkina Faso"
"UNDD",5807,"UNDD","National Union for Democracy and Development","Burkina Faso"
"UNDD de Me.HermannYAMEOGO",5807,"UNDD","National Union for Democracy and Development","Burkina Faso"
"UNIR/MPS (Union pour la renaissance/Mouvement Patriotique Sankariste) de Me Bénéwendé Stanislas SANKARA",4316,"UNIR/PS","Union for Rebirth / Sankarist Movement","Burkina Faso"
"UNIR/MS (Union pour la renaissance/Mouvement sankariste)",4316,"UNIR/PS","Union for Rebirth / Sankarist Movement","Burkina Faso"
"UNIR/PS",5768,"UNIR/PS","Union for Rebirth / Sankarist Party","Burkina Faso"
"UNIR/PS (Union pour la renaissance/Parti sankariste) de Me B",5768,"UNIR/PS","Union for Rebirth / Sankarist Party","Burkina Faso"
"UNIR/PS de Me. Bénéwendé Stanislas SANKARA",5768,"UNIR/PS","Union for Rebirth / Sankarist Party","Burkina Faso"
"UPC (Union pour le Progrès et le Changement) de Zéphirin DIA",4315,"UPC","Union for Progress and Reform","Burkina Faso"
"UPC (Union pour le Progrès et le Changement) de Zéphirin DIABRE",4315,"UPC","Union for Progress and Reform","Burkina Faso"
"UPC de Zéphirin DIABRE",4315,"UPC","Union for Progress and Reform","Burkina Faso"
"UPR",4318,"UPR","Union for the Republic","Burkina Faso"
"UPR (Union pour la R Ápublique)",4318,"UPR","Union for the Republic","Burkina Faso"
"UPR de Toussaint Abel COULIBALY",4318,"UPR","Union for the Republic","Burkina Faso"
"UPS (Union des partis sankaristes)",,,,"Burkina Faso"
"Union pour la renaissance/Parti sankariste (Unir/PS ) (Me Bénéwendé SANKARA)",5768,"UNIR/PS","Union for Rebirth / Sankarist Party","Burkina Faso"
"Union pour le progrès et le changement (UPC ) (Zéphirin DIABRE)",4315,"UPC","Union for Progress and Reform","Burkina Faso"
"CND-FDD",5266,"CNDD — FDD","National Council for the Defense of Democracy — Front for the Defense of Democracy","Burundi"
"CNDD (Léonard Nyangoma)",5266,"CNDD — FDD","National Council for the Defense of Democracy — Front for the Defense of Democracy","Burundi"
"Conseil Natinal pour la Défense de la Démocratie-Forces de D",5266,"CNDD — FDD","National Council for the Defense of Democracy — Front for the Defense of Democracy","Burundi"
"Conseil National pour la Défense de la Démocratie (CNDD) (Lé",5266,"CNDD — FDD","National Council for the Defense of Democracy — Front for the Defense of Democracy","Burundi"
"FNL (Agathon Rwasa)",,,,"Burundi"
"FNL (Jacques Bigirimana)",,,,"Burundi"
"FRODEBU",5265,"FRODEBU","Front for Democracy in Burundi","Burundi"
"Front National de Liibération (FNL)",,,,"Burundi"
"Front pour la Démocratie au Burundi Sahwanya-Frodebu",5265,"FRODEBU","Front for Democracy in Burundi","Burundi"
"MRC Rurenzangemero",,,,"Burundi"
"MSD",,,,"Burundi"
"Mouvement de Rassemblement pour la Réhabilitation du Citoyen",,,,"Burundi"
"Mouvement pour la Solidarité et la Démocratie (MSD)",,,,"Burundi"
"SAHWANYA FRODEBU Iragi rya Ndadaye",5265,"FRODEBU","Front for Democracy in Burundi","Burundi"
"Sahwanya-Frodebu Nyakuri",5265,"FRODEBU","Front for Democracy in Burundi","Burundi"
"UPD-ZIGAMIBANGA",,,,"Burundi"
"UPRONA",5263,"UPRONA","Union for National Progress","Burundi"
"Union pour la Paix et la Démocratie - UPD-Zigamibanga",,,,"Burundi"
"Unité pour le Progrès National",5263,"UPRONA","Union for National Progress","Burundi"
"Cambodian Natioality Party",,,,"Cambodia"
"Cambodian National Rescue Party",5521,"CNRP","Cambodia National Rescue Party","Cambodia"
"Cambodian People's Party",3765,"KPK","Cambodian Peoples' Party / Kampuchean People's Revolutionary Party","Cambodia"
"Democratic Republic Party",,,,"Cambodia"
"FUNCINPEC Party",3764,"FUNC-INPEC","National United Front for an Independent, Neutral, Peaceful, and Cooperative Cambodia","Cambodia"
"Funcinpec",3764,"FUNC-INPEC","National United Front for an Independent, Neutral, Peaceful, and Cooperative Cambodia","Cambodia"
"Hang Dara Democratic Movement Party",,,,"Cambodia"
"Human Rights Party",3763,"HuRiPa","Human Rights' Party","Cambodia"
"Khmer Democratic Party",,,,"Cambodia"
"Khmer Economic Development Party",,,,"Cambodia"
"League for Democracy Party",8737,"LDP","League for Democracy Party","Cambodia"
"Norodom Ranariddh Party",3761,"NRP","Norodom Ranariddh Party","Cambodia"
"Sam Rainsy Party",3762,"SRP","Sam Rainsy Party","Cambodia"
"ADD",,,,"Cameroon"
"Cameroon People's Democratic Movement (CPDM)",3774,"RDPC","Cameroon People's Democratic Movement","Cameroon"
"Cameroon People's Democratic Movement (CPDM)",3774,"RDPC","Cameroon People's Democratic Movement","Cameroon"
"Cameroon People's Democratic Movement (CPDM)",3774,"RDPC","Cameroon People's Democratic Movement","Cameroon"
"FSNC (Front pour le Salut National du Cameroun)",,,,"Cameroon"
"MDR",5878,"MDR","Movement for the Defense of the Republic","Cameroon"
"MRC (Mouvement pour la Renaissance du Cameroun)",8612,"MRC","Cameroon Renaissance Movement","Cameroon"
"Mouvement Progressiste (MP)",,,,"Cameroon"
"Mouvement pour la renaissance du Cameroun (MRC)",8612,"MRC","Cameroon Renaissance Movement","Cameroon"
"National Union For Democracy and Progress (UNDP)",3775,"UNDP","National Union for Democracy and Progress","Cameroon"
"PCRN (Parti Camerounais pour la Reconciliation Nationale)",,,,"Cameroon"
"PCRN (Parti Camerounais pour la Réconciliation Nationale)",,,,"Cameroon"
"RDPC (Rassemblement Démocratique du Peuple Camerounais)",3774,"RDPC","Cameroon People's Democratic Movement","Cameroon"
"SDF (Social Démocratic Front)",3682,"SDF","Social Democratic Front","Cameroon"
"Social Democratic Front (SDF)",3682,"SDF","Social Democratic Front","Cameroon"
"UDC (Union Démocratique du Cameroun)",3773,"UDC","Cameroon Democratic Union","Cameroon"
"UNDP (Union Democratique du Cameroun)",3775,"UNDP","National Union for Democracy and Progress","Cameroon"
"UNDP (Union Nationale Des Populations)",3775,"UNDP","National Union for Democracy and Progress","Cameroon"
"UPC",5411,"UPC","Union of the Peoples of Cameroon","Cameroon"
"UPC (Union des Populations du Cameroun)",5411,"UPC","Union of the Peoples of Cameroon","Cameroon"
"Union Démocratique du Cameroun (UDC)",3773,"UDC","Cameroon Democratic Union","Cameroon"
"Bloc Quebecois",1428,"BQ","Quebec Bloc","Canada"
"Bloc Quebecois (QUEBEC ONLY)",1428,"BQ","Quebec Bloc","Canada"
"Bloq Quebecois",1428,"BQ","Quebec Bloc","Canada"
"Canadian Alliance",1332,"CA","Canadian Alliance","Canada"
"Canadian Alliance,Reform",,,,"Canada"
"Canadian Alliance-Reform",,,,"Canada"
"Christian Heritage Party",,,,"Canada"
"Christian Heritage Party of Canada",,,,"Canada"
"Communist",875,"CPC/LPP","Communist Party of Canada / Labor-Progressive Party","Canada"
"Confederation of Regions",,,,"Canada"
"Confederation of regions",,,,"Canada"
"Conservative",1004,"CPC","Conservative Party of Canada (2003)","Canada"
"Conservative Party",1004,"CPC","Conservative Party of Canada (2003)","Canada"
"Conservatives",1004,"CPC","Conservative Party of Canada (2003)","Canada"
"Dont know",,,,"Canada"
"Green",931,"GPC","Green Party of Canada","Canada"
"Green Party",931,"GPC","Green Party of Canada","Canada"
"Liberal",1739,"LP","Liberal Party of Canada","Canada"
"Liberal Party",1739,"LP","Liberal Party of Canada","Canada"
"Libertarian",,,,"Canada"
"N.D.P.",152,"NDP","New Democratic Party","Canada"
"New Democrat",152,"NDP","New Democratic Party","Canada"
"New Democratic Party",152,"NDP","New Democratic Party","Canada"
"New Democratic Party (NDP)",152,"NDP","New Democratic Party","Canada"
"New Democrats",152,"NDP","New Democratic Party","Canada"
"New democrat",152,"NDP","New Democratic Party","Canada"
"Other Party",,,,"Canada"
"People's Party",8636,"PP","People's Party of Canada","Canada"
"People's Party of Canada",8636,"PP","People's Party of Canada","Canada"
"Progressive Conservative",232,"PCP","Progressive Conservative Party of Canada","Canada"
"Progressive Conservative Party of Canada",232,"PCP","Progressive Conservative Party of Canada","Canada"
"Progressive Conservatives",232,"PCP","Progressive Conservative Party of Canada","Canada"
"Reform",1757,"RPC","Reform Party of Canada","Canada"
"Reform Party",1757,"RPC","Reform Party of Canada","Canada"
"Rhinoceros Party",1940,"RP","Rhinoceros Party","Canada"
"bloc quebecois",1428,"BQ","Quebec Bloc","Canada"
"bp",,,,"Canada"
"liberal",1739,"LP","Liberal Party of Canada","Canada"
"ndp",152,"NDP","New Democratic Party","Canada"
"new democrat",152,"NDP","New Democratic Party","Canada"
"pc",232,"PCP","Progressive Conservative Party of Canada","Canada"
"progressive conservative",232,"PCP","Progressive Conservative Party of Canada","Canada"
"reform",1757,"RPC","Reform Party of Canada","Canada"
"African Party for Independence of Cape Verde (PAICV)",3796,"PAICV","African Party for the Independence of Cape Verde","Cape Verde"
"African Party of Independence of Cape Verde (PAICV)",3796,"PAICV","African Party for the Independence of Cape Verde","Cape Verde"
"Cape Verdean Union Independent and Democratic (UCID)",3792,"UCID","Independent and Democratic Union of Cape Verde","Cape Verde"
"Democratic Socialist Party (PSD)",,,,"Cape Verde"
"GIGA",,,,"Cape Verde"
"MPD",3793,"MPD","Movement for Democracy","Cape Verde"
"Movement for Democracy (MDP)",,,,"Cape Verde"
"Movement for Democracy (MPD)",3793,"MPD","Movement for Democracy","Cape Verde"
"Movimento para Democracia (MpD)",3793,"MPD","Movement for Democracy","Cape Verde"
"PAICV",3796,"PAICV","African Party for the Independence of Cape Verde","Cape Verde"
"PCD",3770,"PCD","Party for Democratic Convergence","Cape Verde"
"PRD",3794,"PRD","Democratic Renovation Party","Cape Verde"
"PSD",,,,"Cape Verde"
"PTS",,,,"Cape Verde"
"Partido Africano para a Independência de Cabo Verde (PAICV)",3796,"PAICV","African Party for the Independence of Cape Verde","Cape Verde"
"Partido Popular (PP)",,,,"Cape Verde"
"Partido do Trabalho e da Solidariedade (PTS",,,,"Cape Verde"
"Partido do Trabalho e da Solidariedade (PTS)",,,,"Cape Verde"
"Party for Democratic Convergence (PCD)",3770,"PCD","Party for Democratic Convergence","Cape Verde"
"Party for Democratic Renewal (PRD)",3794,"PRD","Democratic Renovation Party","Cape Verde"
"Party of Labour and Solidarity (PTS)",,,,"Cape Verde"
"Popular Party (PP)",,,,"Cape Verde"
"UCID",3792,"UCID","Independent and Democratic Union of Cape Verde","Cape Verde"
"União Cabo-verdiana Independente e Democrática (UCID)",3792,"UCID","Independent and Democratic Union of Cape Verde","Cape Verde"
"9999990. OTHER LEFT WING CANDIDATE/PARTY",,,,"Chile"
"9999991. OTHER RIGHT WING CANDIDATE/PARTY",,,,"Chile"
"Alianza por el Cambio - Antes Alianza por Chile (Alliance for Change - Former Alliance for Chile)",6061,"A","Alliance","Chile"
"Amplitude",7020,"A","Amplitude","Chile"
"Broad Social Movement",812,"MAS","Broad Social Movement","Chile"
"CL: Alianza por Chile",6061,"A","Alliance","Chile"
"CL: Amplitud",7020,"A","Amplitude","Chile"
"CL: Chile Vamos",,,,"Chile"
"CL: Concertación",4550,"C","Coalition of Parties for Democracy","Chile"
"CL: Concertación de Partidos por la Democracia",4550,"C","Coalition of Parties for Democracy","Chile"
"CL: Frente Amplio",,,,"Chile"
"CL: Independiente",,,,"Chile"
"CL: Joaquín Lavín",,,,"Chile"
"CL: Juntos Podemos",4549,"PODEMOS","Together we can do more for Chile","Chile"
"CL: Michelle Bachelet",,,,"Chile"
"CL: Partido Comunista (PC)",162,"PC","Communist Party of Chile","Chile"
"CL: Partido Convergencia social",,,,"Chile"
"CL: Partido Democrata Cristiano (PDC)",390,"PDC","Christian Democratic Party","Chile"
"CL: Partido Demócrata Cristiano (PDC)",390,"PDC","Christian Democratic Party","Chile"
"CL: Partido Evolucion Politica (Evopoli)",7021,"EP","Political Evolution","Chile"
"CL: Partido Evolución Política (Evópoli)",7021,"EP","Political Evolution","Chile"
"CL: Partido Humanista (PH)",209,"PH","Humanist Party","Chile"
"CL: Partido Humanista Verde (PHV)",209,"PH","Humanist Party","Chile"
"CL: Partido Liberal",4633,"PL","Liberal Party","Chile"
"CL: Partido Progresista (MEO)",7017,"PRO","Progressive Party","Chile"
"CL: Partido Progresista (PRO)",7017,"PRO","Progressive Party","Chile"
"CL: Partido Radical Social Democrático (PRSD)",437,"PRSD","Social Democrat Radical Party","Chile"
"CL: Partido Radical de Chile (PR)",256,"PR","Radical Party","Chile"
"CL: Partido Regionalista de los Independiente (PRI)",1748,"PRI","Independent Regionalist Party","Chile"
"CL: Partido Republicano de Chile (PLR)",,,,"Chile"
"CL: Partido Socialista (PS)",6,"PS","Socialist Party of Chile","Chile"
"CL: Partido por la Democracia (PPD)",54,"PPD","Party for Democracy","Chile"
"CL: Partido por la dignidad",,,,"Chile"
"CL: Renovacion Nacional (RN)",928,"RN","National Renewal","Chile"
"CL: Renovación Nacional (RN)",928,"RN","National Renewal","Chile"
"CL: Revolucion Democratica (RD)",6911,"DR","Democratic Revolution","Chile"
"CL: Revolución Democrática (RD)",6911,"DR","Democratic Revolution","Chile"
"CL: Sebastián Piñera",,,,"Chile"
"CL: Tomás Hirsch",,,,"Chile"
"CL: Union Democrata Independiente (UDI)",1599,"UDI","Independent Democratic Union","Chile"
"CL: Unión Demócrata Independiente (UDI)",1599,"UDI","Independent Democratic Union","Chile"
"CL: Unión de Centro Centro Progresista (UCCP)",6119,"UCC","Union of the Centrist Center","Chile"
"Chile First, CH1",,,,"Chile"
"Chilean Socialist P",6,"PS","Socialist Party of Chile","Chile"
"Chilean Socialist Party",6,"PS","Socialist Party of Chile","Chile"
"Chilean Socialist Party - PS",6,"PS","Socialist Party of Chile","Chile"
"Christian Democrat Party - PDC",390,"PDC","Christian Democratic Party","Chile"
"Christian Democratic",390,"PDC","Christian Democratic Party","Chile"
"Christian Democratic Party",390,"PDC","Christian Democratic Party","Chile"
"Christian Democratic Party - PDC",390,"PDC","Christian Democratic Party","Chile"
"Citizen Left Party of Chile",7984,"IC","Christian Left Party of Chile / Citizen Left Party of Chile","Chile"
"Coalition for Change",,,,"Chile"
"Communist Party of Chile",162,"PC","Communist Party of Chile","Chile"
"Communist Party of Chile - PC",162,"PC","Communist Party of Chile","Chile"
"Communist Party of Chile - PCCH",162,"PC","Communist Party of Chile","Chile"
"Concertacion",4550,"C","Coalition of Parties for Democracy","Chile"
"Concertation of Parties for Democracy",4550,"C","Coalition of Parties for Democracy","Chile"
"Democracy Party - PPD",54,"PPD","Party for Democracy","Chile"
"Democracy Party PPD",54,"PPD","Party for Democracy","Chile"
"Democratic Independent Union - UDI",1599,"UDI","Independent Democratic Union","Chile"
"Democratic Party - PPD",54,"PPD","Party for Democracy","Chile"
"Democratic Revolution",6911,"DR","Democratic Revolution","Chile"
"Electoral list of Marco Enriquez-Ominamo",,,,"Chile"
"Equality Party",7018,"PI","Equality Party","Chile"
"Green Ecologist Party",7016,"GEP","Green Ecologist Party","Chile"
"Humanist Party",209,"PH","Humanist Party","Chile"
"Humanist Party - PH",209,"PH","Humanist Party","Chile"
"Independent Democrat Union-UDI",1599,"UDI","Independent Democratic Union","Chile"
"Independent Democratic",1599,"UDI","Independent Democratic Union","Chile"
"Independent Democratic Party",1599,"UDI","Independent Democratic Union","Chile"
"Independent Democratic Union",1599,"UDI","Independent Democratic Union","Chile"
"Independent Democratic Union - UDI",1599,"UDI","Independent Democratic Union","Chile"
"Independent National Alliance",,,,"Chile"
"Independent Regionalist Party",1748,"PRI","Independent Regionalist Party","Chile"
"Independent Regionalist Party - PRI",1748,"PRI","Independent Regionalist Party","Chile"
"Liberal Party of Chile",7019,"PLC","Liberal Party of Chile","Chile"
"Nation. Renewal Party",928,"RN","National Renewal","Chile"
"Nation. Renewal Prty",928,"RN","National Renewal","Chile"
"National Renewal",928,"RN","National Renewal","Chile"
"National Renewal Party",928,"RN","National Renewal","Chile"
"National Renewal Party - RN",928,"RN","National Renewal","Chile"
"Partido Comunista, PC",162,"PC","Communist Party of Chile","Chile"
"Partido Comunista, PC (Communist party)",162,"PC","Communist Party of Chile","Chile"
"Partido Democrata Cristiano, PDC",390,"PDC","Christian Democratic Party","Chile"
"Partido Democrata Cristiano, PDC (Christian Democratic Party)",390,"PDC","Christian Democratic Party","Chile"
"Partido Demócrata Cristiano, PDC",390,"PDC","Christian Democratic Party","Chile"
"Partido Humanista Verde - PHV (Green Party)",209,"PH","Humanist Party","Chile"
"Partido Humanista, PH",209,"PH","Humanist Party","Chile"
"Partido Por la Democracia, PPD (Party for Democracy)",54,"PPD","Party for Democracy","Chile"
"Partido Radical Social Democratico, PRSD (Radical Social Democratic Party)",437,"PRSD","Social Democrat Radical Party","Chile"
"Partido Radical Social Demócrata, PSRD",437,"PRSD","Social Democrat Radical Party","Chile"
"Partido Radical Socialdemocratico, PRSD",437,"PRSD","Social Democrat Radical Party","Chile"
"Partido Regionalista de los Independientes, PRI",1748,"PRI","Independent Regionalist Party","Chile"
"Partido Socialista, PS",6,"PS","Socialist Party of Chile","Chile"
"Partido Socialista, PS (Socialist Party)",6,"PS","Socialist Party of Chile","Chile"
"Partido por la Democracia, PPD",54,"PPD","Party for Democracy","Chile"
"Partido por la democracia, PPD",54,"PPD","Party for Democracy","Chile"
"Partidos de derecha (Right parties)",,,,"Chile"
"Partidos de izquierda (Left parties)",,,,"Chile"
"Party for Democracy",54,"PPD","Party for Democracy","Chile"
"Party of Democracy - PPD",54,"PPD","Party for Democracy","Chile"
"Political Evolution",7021,"EP","Political Evolution","Chile"
"Progresist Party - PRO",7017,"PRO","Progressive Party","Chile"
"Progressive Center-Center Union",6119,"UCC","Union of the Centrist Center","Chile"
"Progressive Centre",7017,"PRO","Progressive Party","Chile"
"Progressive Party",7017,"PRO","Progressive Party","Chile"
"Radical Party of Chile",256,"PR","Radical Party","Chile"
"Radical Social Democratic",437,"PRSD","Social Democrat Radical Party","Chile"
"Radical Social Democratic - PRSD",437,"PRSD","Social Democrat Radical Party","Chile"
"Radical Social Democratic Party",437,"PRSD","Social Democrat Radical Party","Chile"
"Radical Social Democratic Party - PRSD",437,"PRSD","Social Democrat Radical Party","Chile"
"Radical Social-democratic Party",437,"PRSD","Social Democrat Radical Party","Chile"
"Regionalist Independent Party - PRI",1748,"PRI","Independent Regionalist Party","Chile"
"Regionalist Independent Party, PRI",1748,"PRI","Independent Regionalist Party","Chile"
"Renovacion Nacional, RN",928,"RN","National Renewal","Chile"
"Renovacion Nacional, RN (National Renovation)",928,"RN","National Renewal","Chile"
"Renovación Nacional, RN",928,"RN","National Renewal","Chile"
"Social Democrat Radical Party",437,"PRSD","Social Democrat Radical Party","Chile"
"Socialist Party",6,"PS","Socialist Party of Chile","Chile"
"Socialist Party - PS",6,"PS","Socialist Party of Chile","Chile"
"Socialist Party of Chile",6,"PS","Socialist Party of Chile","Chile"
"Socialist Party of Chile - PS",6,"PS","Socialist Party of Chile","Chile"
"Together We Can",4549,"PODEMOS","Together we can do more for Chile","Chile"
"Union Democrata Independiente, UDI",1599,"UDI","Independent Democratic Union","Chile"
"Union Democrata Independiente, UDI (Union of Independent Democrats)",1599,"UDI","Independent Democratic Union","Chile"
"Union de Centro Centro Progresista  - UCCP (Progressive Union of the Centrist Center )",6119,"UCC","Union of the Centrist Center","Chile"
"Union of the Centrist Center",6119,"UCC","Union of the Centrist Center","Chile"
"Unión Demócrata Independiente, UDI",1599,"UDI","Independent Democratic Union","Chile"
"Communist Party",5124,"CPC","Communist Party of China","China"
"Communist Youth League",,,,"China"
"Communist party",5124,"CPC","Communist Party of China","China"
"Communist youth league",,,,"China"
"National Party",,,,"China"
"Alianza Verde",5926,"AV","Green Alliance","Colombia"
"Alianza democratica M-19",4852,"AD/M-19","M-19 Democratic Alliance","Colombia"
"Alternative Democratic Pole",218,"PDA","Alternative Democratic Pole","Colombia"
"CO:  Movimiento Alternativo Indigena y Social MAIS",,,,"Colombia"
"CO: Alas Equipo Colombia",569,"AEC","Team Colombia","Colombia"
"CO: Alianza Democrática M19",4852,"AD/M-19","M-19 Democratic Alliance","Colombia"
"CO: Alianza Social Independiente (ASI)",,,,"Colombia"
"CO: Alianza Social Indígena",,,,"Colombia"
"CO: Alianza Verde (PVC)",5926,"AV","Green Alliance","Colombia"
"CO: Centro Democratico",5879,"CD","Democratic Centre — ""Strong Hand, Big Heart""","Colombia"
"CO: Centro Democratico (CD)",5879,"CD","Democratic Centre — ""Strong Hand, Big Heart""","Colombia"
"CO: Centro Democrático (CD)",5879,"CD","Democratic Centre — ""Strong Hand, Big Heart""","Colombia"
"CO: Independiente (IN)",,,,"Colombia"
"CO: Movimiento Alianza Social Afrocolombiana",,,,"Colombia"
"CO: Movimiento Alianza Social Indígena (ASI)",,,,"Colombia"
"CO: Movimiento Alternativo Indigena y Social MAIS",,,,"Colombia"
"CO: Movimiento Apertura Liberal",710,"MAL","Liberal Opening Movement","Colombia"
"CO: Movimiento Autoridades Indigenas de Colombia (AICO)",8761,"AICO","Indigenous Authorities of Colombia","Colombia"
"CO: Movimiento Autoridades Indígenas de Colombia (AICO)",8761,"AICO","Indigenous Authorities of Colombia","Colombia"
"CO: Movimiento Ciudadano",,,,"Colombia"
"CO: Movimiento Colombia Viva",,,,"Colombia"
"CO: Movimiento Corriente de Renovación Socialista",,,,"Colombia"
"CO: Movimiento Cívico Independiente",,,,"Colombia"
"CO: Movimiento Fuerza Progresista",,,,"Colombia"
"CO: Movimiento Independiente Obrero y Revolucionario MOIR",,,,"Colombia"
"CO: Movimiento MIRA",1774,"MIRA","Independent Absolute Renovation Movement","Colombia"
"CO: Movimiento Nacional Afrocolombiano AFRO",,,,"Colombia"
"CO: Movimiento Nacional Conservador",5113,"MNC","National Conservative Movement","Colombia"
"CO: Movimiento Progresista/COLOMBIA HUMANA",,,,"Colombia"
"CO: Movimiento Salvación Nacional",4853,"MSN","National Salvation Movement","Colombia"
"CO: Movimiento Unión Cristiana",5114,"UC","Christian Union","Colombia"
"CO: Movimiento Único de Renovación Conservador MURCO",,,,"Colombia"
"CO: Opción Ciudadana (PIN)",3817,"PIN / OC","National Integration Party / Citizen Option","Colombia"
"CO: Pacto historico",,,,"Colombia"
"CO: Partido Cambio Radical (CR)",561,"CR","Radical Change","Colombia"
"CO: Partido Cambio Radical (PCR)",561,"CR","Radical Change","Colombia"
"CO: Partido Colombia Democrática",3818,"PCD","Democratic Colombia Party","Colombia"
"CO: Partido Conservador Colombiano (PCC)",1577,"PCC","Colombian Conservative Party","Colombia"
"CO: Partido Convergencia Ciudadana",1107,"PCC","Citizens' Convergence","Colombia"
"CO: Partido Cristiano",,,,"Colombia"
"CO: Partido Liberal Colombiano (PLC)",362,"PLC","Colombian Liberal Party","Colombia"
"CO: Partido Polo Democratico Alternativo (PDA)",218,"PDA","Alternative Democratic Pole","Colombia"
"CO: Partido Polo Democrático Alternativo (PDA)",218,"PDA","Alternative Democratic Pole","Colombia"
"CO: Partido Social de Unidad Nacional, Partido de la U",759,"P-U","Social Party of National Unity","Colombia"
"CO: Partido Somos Región Colombia antiguo Alas Equipo Colombia",,,,"Colombia"
"CO: Partido Verde Opción Centro (PVC)",3814,"PVO","Oxygen Green Party","Colombia"
"CO: Partido de Integración Nacional (PIN)",3817,"PIN / OC","National Integration Party / Citizen Option","Colombia"
"CO: Unión Patriótica",5115,"UP","Patriotic Union","Colombia"
"Cambio Radical",561,"CR","Radical Change","Colombia"
"Cambio Radical (Radical Change Party)",561,"CR","Radical Change","Colombia"
"Centro Democratico (Democratic Center)",5879,"CD","Democratic Centre — ""Strong Hand, Big Heart""","Colombia"
"Centro Democrático (Uribe)",5879,"CD","Democratic Centre — ""Strong Hand, Big Heart""","Colombia"
"Colombian Conservative Party",1577,"PCC","Colombian Conservative Party","Colombia"
"Colombian Liberal Party",362,"PLC","Colombian Liberal Party","Colombia"
"Conservador",1577,"PCC","Colombian Conservative Party","Colombia"
"Cristiano",,,,"Colombia"
"Democratic Center Party",5879,"CD","Democratic Centre — ""Strong Hand, Big Heart""","Colombia"
"Green Alliance",5926,"AV","Green Alliance","Colombia"
"La U",759,"P-U","Social Party of National Unity","Colombia"
"Liberal",362,"PLC","Colombian Liberal Party","Colombia"
"Mira",9019,"Mira","Independent Movement of Absolute Renovation","Colombia"
"Movimiento Independiente de Renovacion Absoluta (Mira Movement)",1774,"MIRA","Independent Absolute Renovation Movement","Colombia"
"Movimiento progresistas (Progressists Movement)",,,,"Colombia"
"Opción Ciudadana",3817,"PIN / OC","National Integration Party / Citizen Option","Colombia"
"Partido Conservador Colombiano (Colombian Conservative Party)",1577,"PCC","Colombian Conservative Party","Colombia"
"Partido Independiente de Renovacion Absoluta",1774,"MIRA","Independent Absolute Renovation Movement","Colombia"
"Partido Independiente de Renovacion Absoluta (MIRA)",1774,"MIRA","Independent Absolute Renovation Movement","Colombia"
"Partido Liberal Colombiano (Colombian Liberal Party)",362,"PLC","Colombian Liberal Party","Colombia"
"Partido Opción Ciudadana (Citizen Option Party)",3817,"PIN / OC","National Integration Party / Citizen Option","Colombia"
"Partido Verde Colombiano (Colombian Green Party)",3814,"PVO","Oxygen Green Party","Colombia"
"Partido de Integracion Nacional (PIN)",3817,"PIN / OC","National Integration Party / Citizen Option","Colombia"
"Partido de la U",759,"P-U","Social Party of National Unity","Colombia"
"Partido de la U (Social Party of National Unity – La U)",759,"P-U","Social Party of National Unity","Colombia"
"Polo Democratico Alternativo",218,"PDA","Alternative Democratic Pole","Colombia"
"Polo Democrático Alternativo",218,"PDA","Alternative Democratic Pole","Colombia"
"Polo Democrático Alternativo (Alternative Democratic Pole)",218,"PDA","Alternative Democratic Pole","Colombia"
"Progressive Movement (Colombia)",,,,"Colombia"
"Radical Change",561,"CR","Radical Change","Colombia"
"Social Party of National Unity",759,"P-U","Social Party of National Unity","Colombia"
"Club 2002 Parti pour l'Unité et la République",8401,"PUR","Club 2002 — Party for the Unity of the Republic","Congo - Brazzaville"
"Dynamique Républicaine pour le Développement (DRD)",7640,"DRR","Dynamic for the Republic and Recovery","Congo - Brazzaville"
"La Chaîne",,,,"Congo - Brazzaville"
"Mouvement Action et Renouveau (MAR)",7994,"MAR","Action Movement for Renewal","Congo - Brazzaville"
"Mouvement Congolais pour la Démocratie et le Développement Intégral (MCDDI)",5362,"MCDDI","Congolese Movement for Democracy and Integral Development","Congo - Brazzaville"
"Mouvement pour l'Unité, la Solidarité et le Travail (MUST)",,,,"Congo - Brazzaville"
"Parti Congolais du Travail (PCT)",5365,"PCT","Congolese Party of Labour","Congo - Brazzaville"
"Parti Républicain et Libéral (PRL)",,,,"Congo - Brazzaville"
"Rassemblement Citoyen (RC)",,,,"Congo - Brazzaville"
"Rassemblement pour la Démocratie et le Progrès Social (RDPS)",5589,"RDSP","Rally for Democracy and Social Progress","Congo - Brazzaville"
"Union Panafricaine pour la Démocratie Sociale (UPADS)",5364,"UPADS","Pan-African Union for Social Democracy","Congo - Brazzaville"
"Union Patriotique pour la Démocratie et le Progrès (UPDP)",8941,"UPDP","Patriotic Union for Democracy and Progress","Congo - Brazzaville"
"Union des Démocrates Humanistes-YUKI (UDH-YUKI)",,,,"Congo - Brazzaville"
"Union pour la Restauration du Congo (URC)",,,,"Congo - Brazzaville"
"Broad Front",1252,"FA","Broad Front","Costa Rica"
"CR: Accesibilidad sin Exclusion",504,"PASE","Accessibility without Exclusion","Costa Rica"
"CR: Accesibilidad sin Exclusión",504,"PASE","Accessibility without Exclusion","Costa Rica"
"CR: Alianza Democrata Cristiana",,,,"Costa Rica"
"CR: Alianza Demócrata Cristiana",,,,"Costa Rica"
"CR: Alianza Nacional Cristiana (ANC)",5116,"ANC","National Christian Alliance","Costa Rica"
"CR: Alianza Patriótica (AP)",,,,"Costa Rica"
"CR: Costarricense",,,,"Costa Rica"
"CR: Frente Amplio",1252,"FA","Broad Front","Costa Rica"
"CR: Movimiento Libertario (ML)",842,"PML","Libertarian Movement Party","Costa Rica"
"CR: Partido Accion Ciudadana (PAC)",1247,"PAC","Citizens' Action Party","Costa Rica"
"CR: Partido Acción Ciudadana (PAC)",1247,"PAC","Citizens' Action Party","Costa Rica"
"CR: Partido Costa Rica Justa",,,,"Costa Rica"
"CR: Partido Demócrata",4417,"PD","Democratic Party","Costa Rica"
"CR: Partido Encuentro Nacional",,,,"Costa Rica"
"CR: Partido Fuerza Democrática (FD)",4230,"FD","Democratic Force","Costa Rica"
"CR: Partido Independiente Obrero (PIO)",,,,"Costa Rica"
"CR: Partido Integracion Nacional (PIN)",4418,"PIN","National Integration Party","Costa Rica"
"CR: Partido Integración Nacional (PIN)",4418,"PIN","National Integration Party","Costa Rica"
"CR: Partido Liberal Progresista",7433,"PLP","Progressive Liberal Party","Costa Rica"
"CR: Partido Nacional Independiente",4411,"PNI/PPN","National Independent Party // National Patriotic Party","Costa Rica"
"CR: Partido Nueva Generacion",8744,"PNG","New Generation Party","Costa Rica"
"CR: Partido Nueva Generación",8744,"PNG","New Generation Party","Costa Rica"
"CR: Partido Nueva Republica (PNR)",,,,"Costa Rica"
"CR: Partido Nueva República (PNR)",,,,"Costa Rica"
"CR: Partido Patriótico Nacional (PN)",4411,"PNI/PPN","National Independent Party // National Patriotic Party","Costa Rica"
"CR: Partido Pueblo Unido (PPU)",4881,"PU","United People","Costa Rica"
"CR: Partido Renovación Costarricense (PRC)",864,"PRC","Costa Rican Renovation Party","Costa Rica"
"CR: Partido Republicano Social Cristiano",8745,"PRSC","Social Christian Republican Party","Costa Rica"
"CR: Partido Rescate Nacional (PRN)",,,,"Costa Rica"
"CR: Partido Restauracion Nacional (PRN)",257,"PRN","National Restoration Party","Costa Rica"
"CR: Partido Restauración Nacional (PRN)",257,"PRN","National Restoration Party","Costa Rica"
"CR: Partido Unidad Social Cristiana (PUSC)",1199,"PUSC","Social Christian Unity Party","Costa Rica"
"CR: Partido Unidos Podemos",,,,"Costa Rica"
"CR: Partido de Liberacion Nacional (PLN)",1367,"PLN","National Liberation Party","Costa Rica"
"CR: Partido de Liberación Nacional (PLN)",1367,"PLN","National Liberation Party","Costa Rica"
"CR: Partido de los Trabajadores",,,,"Costa Rica"
"CR: Progreso Social Democratico",,,,"Costa Rica"
"CR: Restauracion Nacional (RN)",257,"PRN","National Restoration Party","Costa Rica"
"CR: Restauración Nacional (RN)",257,"PRN","National Restoration Party","Costa Rica"
"CR: Unión para el Cambio (UPC)",4420,"UPC","Union for Change Party","Costa Rica"
"Citizens' Action Party",1247,"PAC","Citizens' Action Party","Costa Rica"
"Costa Rican Renewal Party",864,"PRC","Costa Rican Renovation Party","Costa Rica"
"Liberal Progressive Party",7433,"PLP","Progressive Liberal Party","Costa Rica"
"Libertarian Movement",842,"PML","Libertarian Movement Party","Costa Rica"
"National Integration Party",4418,"PIN","National Integration Party","Costa Rica"
"National Liberation Party",1367,"PLN","National Liberation Party","Costa Rica"
"National Restoration Party",257,"PRN","National Restoration Party","Costa Rica"
"New Generation Party",8744,"PNG","New Generation Party","Costa Rica"
"New Republic Party",,,,"Costa Rica"
"Party Accesbility without Exclusion",504,"PASE","Accessibility without Exclusion","Costa Rica"
"Social Christian Republican Party",8745,"PRSC","Social Christian Republican Party","Costa Rica"
"Social Christian Unity Party",1199,"PUSC","Social Christian Unity Party","Costa Rica"
"Worker's Party",,,,"Costa Rica"
"ASH",5933,"ASH","Social Democratic Action of Croatia","Croatia"
"Akcija Socijaldemokrata Hrvatske (ASH)",5933,"ASH","Social Democratic Action of Croatia","Croatia"
"Bandiæ Milan 365 - Party of labour and solidarity",5452,"BM 365","Milan Bandic 365 — The Party of Labour and Solidarity","Croatia"
"Bandić Milan 365",5452,"BM 365","Milan Bandic 365 — The Party of Labour and Solidarity","Croatia"
"Bandić Milan 365 - Stranka rada i solidarnosti",5452,"BM 365","Milan Bandic 365 — The Party of Labour and Solidarity","Croatia"
"Bridge of Independent Lists",4865,"Most","Bridge of Independent Lists","Croatia"
"Bridge of Independent Lists - MOST",4865,"Most","Bridge of Independent Lists","Croatia"
"Bridge of independent lists - MOST",4865,"Most","Bridge of Independent Lists","Croatia"
"Bridge of independent lists - MOST (Right / conservative)",4865,"Most","Bridge of Independent Lists","Croatia"
"Bridge of independent lists - Most (Most nezavisnih lista) (MOST)",4865,"Most","Bridge of Independent Lists","Croatia"
"Centar",,,,"Croatia"
"Coalition Party with Name and Surname-Smart-Focus - Koalicija Stranka s imenom i prezimenom-Pametno-Fokus (IP-P-F)",,,,"Croatia"
"Coalition We Can!-Zagreb is Ours-New Left-Workers' Front-For City-ORAH (Left / center left)",,,,"Croatia"
"Coalition We Can!-Zagreb is Ours-New Left-Workers' Front-For City-ORAH - Koalicija Možemo-Zagreb je naš-Nova ljevica-R",,,,"Croatia"
"Croatian Democratic Alliance of Slavonia and Baranja",2347,"HDSSB","Croatian Democratic Alliance of Slavonia and Baranja","Croatia"
"Croatian Democratic Alliance of Slavonia and Baranja HDSSB",2347,"HDSSB","Croatian Democratic Alliance of Slavonia and Baranja","Croatia"
"Croatian Democratic Union",1431,"HDZ","Croatian Democratic Union","Croatia"
"Croatian Democratic Union (Conservative) - HDZ",1431,"HDZ","Croatian Democratic Union","Croatia"
"Croatian Democratic Union (HDZ) & Croatian Social Liberal P. (HSLS) - Hrvatska dem. zajednica (HDZ) & Hrvatska socijalno",,,,"Croatia"
"Croatian Democratic Union - HDZ & Croatian Social Liberal Party - HSLS (Right / conservative)",,,,"Croatia"
"Croatian Democratic Union HDZ",1431,"HDZ","Croatian Democratic Union","Croatia"
"Croatian Democratic Union of Slavonija and Baranja - HDSSB",2347,"HDSSB","Croatian Democratic Alliance of Slavonia and Baranja","Croatia"
"Croatian Independent Democrats",3135,"HND","Croatian Independent Democrats","Croatia"
"Croatian Party of Pensioners",2062,"HSU","Croatian Party of Pensioners","Croatia"
"Croatian Party of Pensioners - HSU",2062,"HSU","Croatian Party of Pensioners","Croatia"
"Croatian Party of Pensioners HSU",2062,"HSU","Croatian Party of Pensioners","Croatia"
"Croatian Party of Rights",253,"HSP","Croatian Party of Rights","Croatia"
"Croatian Party of Rights (Right, Conservative) - HSP",253,"HSP","Croatian Party of Rights","Croatia"
"Croatian Party of Rights HSP",253,"HSP","Croatian Party of Rights","Croatia"
"Croatian Peasant Party",72,"HSS","Croatian Peasant Party","Croatia"
"Croatian Peasant Party (Center) - HSS",72,"HSS","Croatian Peasant Party","Croatia"
"Croatian Peasant Party (Right, Conservative)  HSS",72,"HSS","Croatian Peasant Party","Croatia"
"Croatian Peasant Party HSS",72,"HSS","Croatian Peasant Party","Croatia"
"Croatian People's Party (Center) - HNS",799,"HNS — LD","Croatian People's Party — Liberal Democrats","Croatia"
"Croatian People's Party - HNS (Center / liberal)",799,"HNS — LD","Croatian People's Party — Liberal Democrats","Croatia"
"Croatian People's Party - Hrvatska narodna stranka-liberalni demokrati (HNS)",799,"HNS — LD","Croatian People's Party — Liberal Democrats","Croatia"
"Croatian People's Party - Liberal Democrats",799,"HNS — LD","Croatian People's Party — Liberal Democrats","Croatia"
"Croatian People's Party - Liberal Democrats HNS",799,"HNS — LD","Croatian People's Party — Liberal Democrats","Croatia"
"Croatian Peoples Party (Center) - HNS",799,"HNS — LD","Croatian People's Party — Liberal Democrats","Croatia"
"Croatian Social Liberal Party",214,"HSLS","Croatian Social Liberal Party","Croatia"
"Croatian Social Liberal Party (Liberal) - HSLS",214,"HSLS","Croatian Social Liberal Party","Croatia"
"Croatian Social Liberal Party (Liberal) - HSLS2",214,"HSLS","Croatian Social Liberal Party","Croatia"
"Croatian Social Liberal Party HSLS",214,"HSLS","Croatian Social Liberal Party","Croatia"
"Croatian democratic alliance of Slavonia and Baranja",2347,"HDSSB","Croatian Democratic Alliance of Slavonia and Baranja","Croatia"
"Croatian democratic union",1431,"HDZ","Croatian Democratic Union","Croatia"
"Croatian party of pensioners",2062,"HSU","Croatian Party of Pensioners","Croatia"
"Croatian party of rights",253,"HSP","Croatian Party of Rights","Croatia"
"Croatian peasant party",72,"HSS","Croatian Peasant Party","Croatia"
"Croatian people's party",799,"HNS — LD","Croatian People's Party — Liberal Democrats","Croatia"
"Croatian social liberal party",214,"HSLS","Croatian Social Liberal Party","Croatia"
"DA",8606,"DA","Dalmatian Action","Croatia"
"Dalmatinska Akcija (DA)",8606,"DA","Dalmatian Action","Croatia"
"Domovinski pokret",8981,"DP","Homeland Movement","Croatia"
"Fokus",,,,"Croatia"
"GLAS - Građansko-liberalni savez",8178,"GLAS","Civic Liberal Alliance","Croatia"
"Gorski-Kotar alliance",,,,"Croatia"
"Green Party",,,,"Croatia"
"Greens of Croatia",,,,"Croatia"
"H SP",,,,"Croatia"
"HDSSB - Croatian Democratic Union of Slavonija and Baranja",2347,"HDSSB","Croatian Democratic Alliance of Slavonia and Baranja","Croatia"
"HDZ",1431,"HDZ","Croatian Democratic Union","Croatia"
"HDZ - Croatian Democratic Union (Conservative)",1431,"HDZ","Croatian Democratic Union","Croatia"
"HDZ-Croatian Democratic Union (Conservative)",1431,"HDZ","Croatian Democratic Union","Croatia"
"HKDS",5458,"HKDS","Croatian Christian Democratic Party","Croatia"
"HKDU",8036,"HKDU","Croatian Christian Democratic Union","Croatia"
"HND",3135,"HND","Croatian Independent Democrats","Croatia"
"HNS",799,"HNS — LD","Croatian People's Party — Liberal Democrats","Croatia"
"HNS - Croatian People's Party - Liberal Democrats (Center)",799,"HNS — LD","Croatian People's Party — Liberal Democrats","Croatia"
"HNS - Croatian People´s Party - Liberal Democrats (Center)",799,"HNS — LD","Croatian People's Party — Liberal Democrats","Croatia"
"HNS-Croatian People's Party (Center)",799,"HNS — LD","Croatian People's Party — Liberal Democrats","Croatia"
"HPS",6568,"HPS","Croatian Popular Party","Croatia"
"HSLS",214,"HSLS","Croatian Social Liberal Party","Croatia"
"HSLS - Croatian Social Liberal Party (Liberal)",214,"HSLS","Croatian Social Liberal Party","Croatia"
"HSLS-Croatian Social Liberal Party (Liberal)",214,"HSLS","Croatian Social Liberal Party","Croatia"
"HSP",253,"HSP","Croatian Party of Rights","Croatia"
"HSP - Croatian Party of Rights (Right, Conservative)",253,"HSP","Croatian Party of Rights","Croatia"
"HSP - Croatian Party of Rights (Right, Conservative)",253,"HSP","Croatian Party of Rights","Croatia"
"HSP - Croatian Party of Rights (Right, Conservative)",253,"HSP","Croatian Party of Rights","Croatia"
"HSP 1861",3142,"HSP-1861","Croatian Party of Right of 1861","Croatia"
"HSP-Croatian Party of Rights (Right, Conservative)",253,"HSP","Croatian Party of Rights","Croatia"
"HSS",72,"HSS","Croatian Peasant Party","Croatia"
"HSS - Croatian Peasant Party (Center)",72,"HSS","Croatian Peasant Party","Croatia"
"HSS - Croatian Peasant Party (Center)",72,"HSS","Croatian Peasant Party","Croatia"
"HSS - Croatian Peasant Party (Center)",72,"HSS","Croatian Peasant Party","Croatia"
"HSS-Croatian Peasant Party (Center)",72,"HSS","Croatian Peasant Party","Croatia"
"HSU",2062,"HSU","Croatian Party of Pensioners","Croatia"
"HSU - Croatian Party of Pensioners(Party of retired persons)",2062,"HSU","Croatian Party of Pensioners","Croatia"
"HSU-Croatian Party of Pensioners",2062,"HSU","Croatian Party of Pensioners","Croatia"
"Homeland Movement of M. Skoro and Coalition - Domovinski pokret M. Skore sa koalicijskim partnerima (DPMS)",,,,"Croatia"
"Homeland Movement of Miroslav Skoro and Coalition (Far Right)",,,,"Croatia"
"Hrast - Pokret za modernu Hrvatsku",3138,"Hrast","Croatian Growth","Croatia"
"Hrvatska Demokratska Zajednica (HDZ)",1431,"HDZ","Croatian Democratic Union","Croatia"
"Hrvatska Krscanska Demokratska Unija (HKDU)",8036,"HKDU","Croatian Christian Democratic Union","Croatia"
"Hrvatska Narodna Stranka (HNS)",799,"HNS — LD","Croatian People's Party — Liberal Democrats","Croatia"
"Hrvatska Seljacka Stranka (HSS)",72,"HSS","Croatian Peasant Party","Croatia"
"Hrvatska Socijalno Liberalna Stranka (HSLS)",214,"HSLS","Croatian Social Liberal Party","Croatia"
"Hrvatska Stranka Prava (HSP)",253,"HSP","Croatian Party of Rights","Croatia"
"Hrvatska Stranka Prava - 1861 (HSP 1861)",3142,"HSP-1861","Croatian Party of Right of 1861","Croatia"
"Hrvatska demokratska zajednica (HDZ)",1431,"HDZ","Croatian Democratic Union","Croatia"
"Hrvatska demokrtska zajednica (HDZ)",1431,"HDZ","Croatian Democratic Union","Croatia"
"Hrvatska demokršćanska stranka (HDS)",,,,"Croatia"
"Hrvatska konzervativna stranka (HKS)",9085,"HKS","Croatian Conservative Party","Croatia"
"Hrvatska narodna stranka - Liberalni demokrati (HNS)",799,"HNS — LD","Croatian People's Party — Liberal Democrats","Croatia"
"Hrvatska seljacka stranka (HSS)",72,"HSS","Croatian Peasant Party","Croatia"
"Hrvatska seljačka stranka (HSS)",72,"HSS","Croatian Peasant Party","Croatia"
"Hrvatska socijalno liberalna stranka (HSLS)",214,"HSLS","Croatian Social Liberal Party","Croatia"
"Hrvatska stranka prava (HSP)",253,"HSP","Croatian Party of Rights","Croatia"
"Hrvatska stranka umirovljenika (HSU)",2062,"HSU","Croatian Party of Pensioners","Croatia"
"Hrvatski Nezavisni Demokrati (HND)",3135,"HND","Croatian Independent Democrats","Croatia"
"Hrvatski demokratski savez Slavonije i Baranje (HDSSB)",2347,"HDSSB","Croatian Democratic Alliance of Slavonia and Baranja","Croatia"
"Hrvatski suverenisti",9086,"HS","Croatian Souverainists","Croatia"
"Hrvatsko socijalno-liberalna stranka (HSLS)",214,"HSLS","Croatian Social Liberal Party","Croatia"
"Human shield",4867,"ZiZi","Human Shield","Croatia"
"IDS",513,"IDS","Istrian Democratic Assembly","Croatia"
"IDS - Istrian Democratic Assembly (Regional)",513,"IDS","Istrian Democratic Assembly","Croatia"
"IDS-Istrian Democratic Assembly (Regional)",513,"IDS","Istrian Democratic Assembly","Croatia"
"Independent Democratic Serb Party - SDSS (Center / liberal)",2348,"SDSS","Independent Democratic Serb Party","Croatia"
"Independent Democratic Serb Party - Samostalna demokratska srpska stranka (SDSS)",2348,"SDSS","Independent Democratic Serb Party","Croatia"
"Independent Democratic Serbian Party",2348,"SDSS","Independent Democratic Serb Party","Croatia"
"Independent Democratic Serbian Party SDSS",2348,"SDSS","Independent Democratic Serb Party","Croatia"
"Independent democratic Serbian party",2348,"SDSS","Independent Democratic Serb Party","Croatia"
"Istarski Demokratski Sabor (IDS)",513,"IDS","Istrian Democratic Assembly","Croatia"
"Istarski demokratski sabor (IDS)",513,"IDS","Istrian Democratic Assembly","Croatia"
"Istarski demokrtski sabor (IDS)",513,"IDS","Istrian Democratic Assembly","Croatia"
"Istrian Democratic Assembly",513,"IDS","Istrian Democratic Assembly","Croatia"
"Istrian Democratic Assembly (Regional) - IDS",513,"IDS","Istrian Democratic Assembly","Croatia"
"Istrian Democratic Assembly IDS",513,"IDS","Istrian Democratic Assembly","Croatia"
"Istrian democratic assembly",513,"IDS","Istrian Democratic Assembly","Croatia"
"LS",381,"LS","Liberal Party","Croatia"
"Leftists of Croatia",,,,"Croatia"
"Lista Mislav Kolakušić",,,,"Croatia"
"Living Wall - Z",4867,"ZiZi","Human Shield","Croatia"
"Living Wall - ZZ",4867,"ZiZi","Human Shield","Croatia"
"Living wall - ivi zid",4867,"ZiZi","Human Shield","Croatia"
"Most nezavisnih lista (Most)",4865,"Most","Bridge of Independent Lists","Croatia"
"Možemo! - politička platforma",8980,"M!","We Can! – Political Platform","Croatia"
"Narodna stranka – Reformista",4866,"NS — R","People's Party — Reformists","Croatia"
"Neovisni za Hrvatsku (HNR)",7422,"NHR","Independents for Croatia","Croatia"
"Nova ljevica",,,,"Croatia"
"PGS",,,,"Croatia"
"Party of Labour and Solidarity - BM 365",5452,"BM 365","Milan Bandic 365 — The Party of Labour and Solidarity","Croatia"
"People's Party - Reformists (Center / liberal)",4866,"NS — R","People's Party — Reformists","Croatia"
"People's Party-Reformists - Narodna stranka-Reformisti (NS-R)",4866,"NS — R","People's Party — Reformists","Croatia"
"Primorje - Gorski Kotar Alliance PGS",,,,"Croatia"
"Radnička fronta",,,,"Croatia"
"Restart Coalition - Restart koalicija-SDP-HSS-HSU-GLAS-SNAGA-IDS-PGS (RK)",,,,"Croatia"
"Restart Coalition - SDP-HSS-HSU-GLAS-SNAGA-IDS-PGS (Left / center left)",,,,"Croatia"
"SDP",1475,"SDP","Social Democratic Party of Croatia","Croatia"
"SDP - Social Democratic Party  (Soc-Democr)",1475,"SDP","Social Democratic Party of Croatia","Croatia"
"SDP - Social Democratic Party  (Soc-Democr)",1475,"SDP","Social Democratic Party of Croatia","Croatia"
"SDP - Social Democratic Party  (Soc-Democr)",1475,"SDP","Social Democratic Party of Croatia","Croatia"
"SDP-Social Democratic Party (Soc-Democr)",1475,"SDP","Social Democratic Party of Croatia","Croatia"
"SDU",5934,"SDU/LH","Social Democratic Union / Left of Croatia","Croatia"
"START - Stranka antikorupcije, razvoja i transparentnosti",,,,"Croatia"
"Samostalna demokratska Srpska stranka (SDSS)",2348,"SDSS","Independent Democratic Serb Party","Croatia"
"Samostalna demokratska srpska stranka (SDSS)",2348,"SDSS","Independent Democratic Serb Party","Croatia"
"Slavonsko-Baranjska Hrvatska Stranka (SBHS)",8037,"SBHS","Slavonia-Baranja Croatian Party","Croatia"
"Smart",,,,"Croatia"
"Social Democratic Party (Social-Democrat) - SDP",1475,"SDP","Social Democratic Party of Croatia","Croatia"
"Social Democratic Party of Croatia",1475,"SDP","Social Democratic Party of Croatia","Croatia"
"Social Democratic Party of Croatia SDP",1475,"SDP","Social Democratic Party of Croatia","Croatia"
"Social democratic party of Croatia",1475,"SDP","Social Democratic Party of Croatia","Croatia"
"Socialist Labour Party of Croatia",,,,"Croatia"
"Socijaldemokratska Partija Hrvatske (SDP/SDPH)",1475,"SDP","Social Democratic Party of Croatia","Croatia"
"Socijaldemokratska partija Hrvatske (SDP)",1475,"SDP","Social Democratic Party of Croatia","Croatia"
"Socijalno-demokratska Unija Hrvatske (SDU)",5934,"SDU/LH","Social Democratic Union / Left of Croatia","Croatia"
"Živi zid",4867,"ZiZi","Human Shield","Croatia"
"Animal Party Cyprus",4884,"KGTZTK","Animal Party Cyprus","Cyprus"
"BDH",6332,"BDH","Peace and Democracy Movement","Cyprus"
"Citizens' Alliance",3117,"SYM","Citizen's Alliance","Cyprus"
"Communal Democracy Party - TDP",6198,"TDP","Communal Democracy Party","Cyprus"
"Communal FreedomParty (TKP) - Social Democrats",6201,"TKP","Communal Liberation Party","Cyprus"
"Cyprus Socialist Party - KSP",,,,"Cyprus"
"Democrat Party (DP) - Liberal conservative",6199,"DP","Democratic Party","Cyprus"
"Democratic Alert (DHSY)",563,"DISY","Democratic Rally","Cyprus"
"Democratic Alert, DHSY",563,"DISY","Democratic Rally","Cyprus"
"Democratic Alert, DISY",563,"DISY","Democratic Rally","Cyprus"
"Democratic Alignment",9074,"DiPa","Democratic Alignment","Cyprus"
"Democratic Party (DHKO)",635,"DIKO","Democratic Party","Cyprus"
"Democratic Party - DIKO",635,"DIKO","Democratic Party","Cyprus"
"Democratic Party - DP",6199,"DP","Democratic Party","Cyprus"
"Democratic Party, DHKO",635,"DIKO","Democratic Party","Cyprus"
"Democratic Rally",563,"DISY","Democratic Rally","Cyprus"
"Democratic Rally (DISY) - Liberal conservatives",563,"DISY","Democratic Rally","Cyprus"
"Democratic Rally - DISI",563,"DISY","Democratic Rally","Cyprus"
"Democratic Rally - DISY",563,"DISY","Democratic Rally","Cyprus"
"Democratic Renewal Party (ADHK)",108,"ADISOK","Democratic Socialist Renewal Movement","Cyprus"
"Democratic Renewal Party, ADHK",108,"ADISOK","Democratic Socialist Renewal Movement","Cyprus"
"Democratic party (DIKO) - Centrist",635,"DIKO","Democratic Party","Cyprus"
"Ecological and Environmental Movement",858,"KOP","Ecological and Environmental Movement","Cyprus"
"Ecological and Environmental Movement - ECOGREEN",858,"KOP","Ecological and Environmental Movement","Cyprus"
"Ecologists",858,"KOP","Ecological and Environmental Movement","Cyprus"
"Environmentalists",858,"KOP","Ecological and Environmental Movement","Cyprus"
"European Democracy",697,"EvroDi / GTE","European Democracy / For Europe","Cyprus"
"European Democracy, EYRODH",697,"EvroDi / GTE","European Democracy / For Europe","Cyprus"
"European Party",1817,"EK","European Party","Cyprus"
"European Party - EYROKO",1817,"EK","European Party","Cyprus"
"European Party, EYROKO",1817,"EK","European Party","Cyprus"
"Fighting Democratic Movement - ADIK",1625,"ADIK","Fighting Democratic Movement","Cyprus"
"Fighting Democrats (ADIK) - Center-right",1625,"ADIK","Fighting Democratic Movement","Cyprus"
"Free Democrats (EDH)",321,"ED","United Democrats","Cyprus"
"Free Democrats, EDH",321,"ED","United Democrats","Cyprus"
"Free Democrats, KED",321,"ED","United Democrats","Cyprus"
"Freedom and Reform Party",6197,"ÖRP","Freedom and Reform Party","Cyprus"
"Freedom and Reform Party - ORP",6197,"ÖRP","Freedom and Reform Party","Cyprus"
"MAP",,,,"Cyprus"
"Movement for Social Democracy (KISOS/EDEK) - Social Democrats",1028,"EDEK","Movement for Social Democracy EDEK","Cyprus"
"Movement for Social Democracy - EDEK",1028,"EDEK","Movement for Social Democracy EDEK","Cyprus"
"Movement of Social Democrats",1028,"EDEK","Movement for Social Democracy EDEK","Cyprus"
"National Unity Party",6108,"UBP","Ulusal Birlik Partisi","Cyprus"
"National Unity Party (UBP): Center right",6108,"UBP","Ulusal Birlik Partisi","Cyprus"
"National Unity Party - UBP",6108,"UBP","Ulusal Birlik Partisi","Cyprus"
"New Horizon, NEOI ORIZONTES",1191,"NO","New Horizons","Cyprus"
"New Horizons",1191,"NO","New Horizons","Cyprus"
"Peoples Party - HP",,,,"Cyprus"
"Politics for People Party - HIS",,,,"Cyprus"
"Politics for the People Party",,,,"Cyprus"
"Popular Socialist Movement",,,,"Cyprus"
"Progressive Labor Party (AKEL)",1076,"AKEL","Progressive Party of Working People","Cyprus"
"Progressive Labour Party, AKEL",1076,"AKEL","Progressive Party of Working People","Cyprus"
"Progressive Party for Working People - AKEA",1076,"AKEL","Progressive Party of Working People","Cyprus"
"Progressive Party of Working People",1076,"AKEL","Progressive Party of Working People","Cyprus"
"Progressive Party of Working People (AKEL) - Communist",1076,"AKEL","Progressive Party of Working People","Cyprus"
"Progressive Party of Working People - AKEL",1076,"AKEL","Progressive Party of Working People","Cyprus"
"Rebirth Party",,,,"Cyprus"
"Republican Turkish Party",6109,"CTP","Republican Turkish Party","Cyprus"
"Republican Turkish Party (CTP/BG) - Communist",6109,"CTP","Republican Turkish Party","Cyprus"
"Republican Turkish Party - CTP",6109,"CTP","Republican Turkish Party","Cyprus"
"Socialist Party (KISOS)",1028,"EDEK","Movement for Social Democracy EDEK","Cyprus"
"Socialist Party, EDEK",1028,"EDEK","Movement for Social Democracy EDEK","Cyprus"
"The Communal Democracy Party",6198,"TDP","Communal Democracy Party","Cyprus"
"The Democratic Party",635,"DIKO","Democratic Party","Cyprus"
"The National Popular Front",1013,"ELAM","National Popular Front","Cyprus"
"The People's Party",,,,"Cyprus"
"The Solidarity Movement",4883,"KINHMA","Solidarity Movement","Cyprus"
"United Cyprus Party",,,,"Cyprus"
"United Cyprus Party - BKP",,,,"Cyprus"
"United Democrats",321,"ED","United Democrats","Cyprus"
"United Democrats (EDI) - Centrist",321,"ED","United Democrats","Cyprus"
"United Democrats - EDI",321,"ED","United Democrats","Cyprus"
"YP",6107,"YDP","Yeni Doğuş Partisi","Cyprus"
"4 Visions",,,,"Czechia"
"ANO",2141,"ANO","Action of Dissatisfied Citizens","Czechia"
"ANO 2011",2141,"ANO","Action of Dissatisfied Citizens","Czechia"
"ANO 2011 - ANO",2141,"ANO","Action of Dissatisfied Citizens","Czechia"
"ANO 2011 Yes",2141,"ANO","Action of Dissatisfied Citizens","Czechia"
"ANO Yes",2141,"ANO","Action of Dissatisfied Citizens","Czechia"
"Action of Dissastified Citizens (ANO)",2141,"ANO","Action of Dissatisfied Citizens","Czechia"
"Action of Dissatisfied Citizens",2141,"ANO","Action of Dissatisfied Citizens","Czechia"
"Alternative 2000 (Alternativa 2000)",,,,"Czechia"
"Anti-islamization block",,,,"Czechia"
"Association for Moravia and Silesia",,,,"Czechia"
"Association for the Republic - Czech Republican Party",1657,"SPR — RSČ","Coalition for Republic — Republican Party of Czechoslovakia","Czechia"
"Association of Farmers & Countryside",138,"SZV","Alliance of Farmers and the Countryside","Czechia"
"Association of Independens",884,"Sn","Association of Independents","Czechia"
"Association of Independents",884,"Sn","Association of Independents","Czechia"
"BPS Balbin Poetical Party",,,,"Czechia"
"BPS, Balbin Poetical Party",,,,"Czechia"
"Balbin Poetic Party",,,,"Czechia"
"Balbin Poetical Party - BPS",,,,"Czechia"
"Balbin's Poetic Party",,,,"Czechia"
"CAO National Ciizens Initiative",,,,"Czechia"
"CMSS Czech,Moravian P",,,,"Czechia"
"CP Czech Right",,,,"Czechia"
"CP, Czech Right-wing",,,,"Czechia"
"CSNS",1813,"CSS","[ Liberal / Czech ] National Social Party","Czechia"
"CSNS Cz.National Social P.",1813,"CSS","[ Liberal / Czech ] National Social Party","Czechia"
"CSNS Czech National Social Party",1813,"CSS","[ Liberal / Czech ] National Social Party","Czechia"
"CSNS Czech National Social Praty",1813,"CSS","[ Liberal / Czech ] National Social Party","Czechia"
"CSNS Nat.Soc.Prty",1813,"CSS","[ Liberal / Czech ] National Social Party","Czechia"
"CSNS National Social Party",1813,"CSS","[ Liberal / Czech ] National Social Party","Czechia"
"CSNS, Czech National Social Party",1813,"CSS","[ Liberal / Czech ] National Social Party","Czechia"
"CSS Socialist Party",1813,"CSS","[ Liberal / Czech ] National Social Party","Czechia"
"CSSD",177,"CSSD","Czech Social Democratic Party","Czechia"
"CSSD Cz.Social Democratic P.",177,"CSSD","Czech Social Democratic Party","Czechia"
"CSSD Czech Social Democratic Party",177,"CSSD","Czech Social Democratic Party","Czechia"
"CSSD Czech Social Democratic Prty",177,"CSSD","Czech Social Democratic Party","Czechia"
"CSSD Social Dem",177,"CSSD","Czech Social Democratic Party","Czechia"
"CSSD Social Democrats",177,"CSSD","Czech Social Democratic Party","Czechia"
"CSSD, Czech Social Democratic Party",177,"CSSD","Czech Social Democratic Party","Czechia"
"CSZ Farmers Party",,,,"Czechia"
"Ceska strana narodne socialni (CSNS) - Czech National Social(ist) Party",1813,"CSS","[ Liberal / Czech ] National Social Party","Czechia"
"CeskoslovenskA strana sociAlnA demokracie (CSSD) - Czechoslovak Party of Social Democracy",5236,"CSSD","Czechoslovak Social Democratic Workers Party","Czechia"
"Ceskoslovenská strana socialististická",,,,"Czechia"
"Ceskoslovenské demokratické forum",,,,"Czechia"
"Choice for Tomorrow",,,,"Czechia"
"Christian Democratic Party (Czech. Republ.)",824,"KDS","Christian Democratic Party","Czechia"
"Christian Democratic Party - Czech Peoples Party - KDU-CSL",676,"KDU/CSL","Christian Democratic Union / People's Party","Czechia"
"Christian Democratic Party-Czech Peoples Party - KDU-CSL",676,"KDU/CSL","Christian Democratic Union / People's Party","Czechia"
"Christian Democratic Union - Czech People's Party",676,"KDU/CSL","Christian Democratic Union / People's Party","Czechia"
"Christian Democratic Union / People's Party",676,"KDU/CSL","Christian Democratic Union / People's Party","Czechia"
"Christian and Democratic Union - Czechoslovak Peoples Party (KDU-CSL)",676,"KDU/CSL","Christian Democratic Union / People's Party","Czechia"
"Christian and Democratic Union- Czechoslovak People's Party",676,"KDU/CSL","Christian Democratic Union / People's Party","Czechia"
"Christian-Democratic Union- Czech and Slovak People Party",676,"KDU/CSL","Christian Democratic Union / People's Party","Czechia"
"Civic Democratic Alliance",1008,"ODA","Civic Democratic Alliance","Czechia"
"Civic Democratic Party",466,"ODS","Civic Democratic Party","Czechia"
"Civic Democratic Party (ODS)",466,"ODS","Civic Democratic Party","Czechia"
"Civic Democratic Party - ODS",466,"ODS","Civic Democratic Party","Czechia"
"Civic forum",1349,"OF","Civic Forum","Czechia"
"Club of Committed Non-Party Members",2142,"KAN","Club of committed Non-Party Members","Czechia"
"Coalition KDU-CSL and US-DEU",,,,"Czechia"
"Coalition for the Czech Republic",,,,"Czechia"
"Communist Party of Bohemia and Moravia",1728,"KSCM","Communist Party of Bohemia and Moravia","Czechia"
"Communist Party of Bohemia and Moravia (KSCM)",1728,"KSCM","Communist Party of Bohemia and Moravia","Czechia"
"Communist Party of Bohemia and Moravia - KSCM",1728,"KSCM","Communist Party of Bohemia and Moravia","Czechia"
"Communist Party of Bohemia and Moravia - Komunisticka str.Cech a Moravy (KSCM)",1728,"KSCM","Communist Party of Bohemia and Moravia","Czechia"
"Communist party",1728,"KSCM","Communist Party of Bohemia and Moravia","Czechia"
"Conservative Party",,,,"Czechia"
"Conservative Party - KONS",,,,"Czechia"
"Conservative party",,,,"Czechia"
"Crucial movement",,,,"Czechia"
"Crucial movement - KH",,,,"Czechia"
"Czech Crown",,,,"Czechia"
"Czech Crown (monarchist party of Bohemia, Moravia and Silesi",,,,"Czechia"
"Czech Crown (monarchistic party of Bohemia, Moravia and Silesia) - KC",,,,"Czechia"
"Czech Crown - royal party",,,,"Czechia"
"Czech Movement for National Unity",,,,"Czechia"
"Czech National Social Party",1813,"CSS","[ Liberal / Czech ] National Social Party","Czechia"
"Czech National Social Party - CSNS",1813,"CSS","[ Liberal / Czech ] National Social Party","Czechia"
"Czech National Socialist Party",1813,"CSS","[ Liberal / Czech ] National Social Party","Czechia"
"Czech Pirate Party",2047,"Pi","Czech Pirate Party","Czechia"
"Czech Pirate Party (Pirati)",2047,"Pi","Czech Pirate Party","Czechia"
"Czech Pirate Party - Pirati",2047,"Pi","Czech Pirate Party","Czechia"
"Czech Right",,,,"Czechia"
"Czech Right-wing - CP",,,,"Czechia"
"Czech Social Democratic Party",177,"CSSD","Czech Social Democratic Party","Czechia"
"Czech Social Democratic Party (CSSD)",177,"CSSD","Czech Social Democratic Party","Czechia"
"Czech Social Democratic Party - CSSD",177,"CSSD","Czech Social Democratic Party","Czechia"
"Czech Social Democratic Party - Ceska str.socialne demokrat. (CSSD)",177,"CSSD","Czech Social Democratic Party","Czechia"
"Czech Social Democratic Party- CSSD",177,"CSSD","Czech Social Democratic Party","Czechia"
"Czech pirate party",2047,"Pi","Czech Pirate Party","Czechia"
"Czech pirate party - Pirati",2047,"Pi","Czech Pirate Party","Czechia"
"Czechoslovak People Party",5549,"CSL","Czechoslovak People's Party","Czechia"
"Czechoslovak Social Democratic Workers Party",5236,"CSSD","Czechoslovak Social Democratic Workers Party","Czechia"
"DEU",1171,"DEU","Democratic Union","Czechia"
"DEU Democratic Union",1171,"DEU","Democratic Union","Czechia"
"DSSS (Worker´s Party of Social Justice)",805,"DSSS","Workers' Party of Social Justice","Czechia"
"DZJ",670,"DZJ","Pensioners for a Secure Living","Czechia"
"DZJ Pensioners Party",670,"DZJ","Pensioners for a Secure Living","Czechia"
"DZJ Pensioners f Life Sec",670,"DZJ","Pensioners for a Secure Living","Czechia"
"DZJ Pensioners for Life Securities",670,"DZJ","Pensioners for a Secure Living","Czechia"
"Dawn of Direct Democracy Party - Tomio Okamura",2049,"UPD","Dawn of Direct Democracy","Czechia"
"Dawn of Direct Democracy Party - Úsvit",2049,"UPD","Dawn of Direct Democracy","Czechia"
"Dawn of Direct Democracy of Tomio Okamura",2049,"UPD","Dawn of Direct Democracy","Czechia"
"Demokraticke Unie (DEU) - Democratic Union",1171,"DEU","Democratic Union","Czechia"
"Duchodci za zivotnA jistoty (DZJ) - Pensionersa for a Secure Life",670,"DZJ","Pensioners for a Secure Living","Czechia"
"Equal Opportunities Party - SRS",,,,"Czechia"
"European Democrats - SNK",751,"SNK-ED","SNK European Democrats","Czechia"
"European center",,,,"Czechia"
"European center - ES",,,,"Czechia"
"FiS Folklor and Society",,,,"Czechia"
"Folklore and Society",,,,"Czechia"
"Free Bloc",980,"SB","Free Bloc","Czechia"
"Free Bloc - VOLNY blok",980,"SB","Free Bloc","Czechia"
"Free Block",980,"SB","Free Bloc","Czechia"
"Free Democrats - Liberal Social National Party",,,,"Czechia"
"Freedom Union - Democratic Union",104,"US/DEU","Freedom Union / Democratic Union","Czechia"
"Freedom Union-Democratic Union - US-DEU",104,"US/DEU","Freedom Union / Democratic Union","Czechia"
"Freedom and Direct Democracy",6125,"SPD","Freedom and Direct Democracy","Czechia"
"Freedom and Direct Democracy (SPD)",6125,"SPD","Freedom and Direct Democracy","Czechia"
"Freedom and Direct Democracy - Tomio Okamura",6125,"SPD","Freedom and Direct Democracy","Czechia"
"Freedom and Direct Democracy - Tomio Okamura (SPD)",6125,"SPD","Freedom and Direct Democracy","Czechia"
"Freedom and Direct Democracy Tomio Okamura",6125,"SPD","Freedom and Direct Democracy","Czechia"
"Freedom and direct democracy - Svoboda a pr. demokracie (SPD)",6125,"SPD","Freedom and Direct Democracy","Czechia"
"Freeholders Party of the Czech Repbulic",,,,"Czechia"
"Green Party",1554,"SZ","Green Party","Czechia"
"Green Party (Zeleni)",1554,"SZ","Green Party","Czechia"
"Green Party - SZ",1554,"SZ","Green Party","Czechia"
"Green Party - SZ  (Zeleni)",1554,"SZ","Green Party","Czechia"
"Green Party - SZ and Party of Open Society",,,,"Czechia"
"Greens",1554,"SZ","Green Party","Czechia"
"HDZJ Pensioners",670,"DZJ","Pensioners for a Secure Living","Czechia"
"HS, Humanism Party",,,,"Czechia"
"HSMS MNS Movem f Self-admin",952,"HSD/SMS","Movement for Self-Governing Democracy / Society for Moravia and Silesia","Czechia"
"Head up! Party",,,,"Czechia"
"Helax-Ostrava is Having Fun",,,,"Czechia"
"Helax-Ostrava is entertaining",,,,"Czechia"
"Hnuti za obcanskou svobodu",,,,"Czechia"
"Hnuti za samospravnou demokracii-Spolecnost pro Moravu a",,,,"Czechia"
"Humanism Party - HS",,,,"Czechia"
"Humanistic Alliance",,,,"Czechia"
"Humanistic Party",,,,"Czechia"
"Independent Democrats",,,,"Czechia"
"Independent Democrats (chairmen V. Zelezny) - ND",,,,"Czechia"
"KAN Non-partisans",2142,"KAN","Club of committed Non-Party Members","Czechia"
"KC Czech Crown (monarchists)",,,,"Czechia"
"KC, Czech Crown (monarchists)",,,,"Czechia"
"KDS Christian Democratic P",824,"KDS","Christian Democratic Party","Czechia"
"KDU CSL Christian P",676,"KDU/CSL","Christian Democratic Union / People's Party","Czechia"
"KDU CSL Christian Party",676,"KDU/CSL","Christian Democratic Union / People's Party","Czechia"
"KDU Christian Democratic Union",676,"KDU/CSL","Christian Democratic Union / People's Party","Czechia"
"KDU-CSL",676,"KDU/CSL","Christian Democratic Union / People's Party","Czechia"
"KDU-CSL Chr.People",676,"KDU/CSL","Christian Democratic Union / People's Party","Czechia"
"KDU-CSL Christ.Democr.Union-CS Peoples Prty",676,"KDU/CSL","Christian Democratic Union / People's Party","Czechia"
"KDU-CSL Christian Dem Party-Czechoslovak Peoples P",676,"KDU/CSL","Christian Democratic Union / People's Party","Czechia"
"KDU-CSL Christian Dem-Czech Peoples Party",676,"KDU/CSL","Christian Democratic Union / People's Party","Czechia"
"KDU-CSL Christian Democratic P.",676,"KDU/CSL","Christian Democratic Union / People's Party","Czechia"
"KDU-CSL, Christian Democratic Party - Czech Peoples Party",676,"KDU/CSL","Christian Democratic Union / People's Party","Czechia"
"KDU-ÈSL",676,"KDU/CSL","Christian Democratic Union / People's Party","Czechia"
"KDU-ČSL",676,"KDU/CSL","Christian Democratic Union / People's Party","Czechia"
"KDU-ČSL (Christian Democratic Party - Czechoslovak Peoples´Party)",676,"KDU/CSL","Christian Democratic Union / People's Party","Czechia"
"KSCM",1728,"KSCM","Communist Party of Bohemia and Moravia","Czechia"
"KSCM Communist P",1728,"KSCM","Communist Party of Bohemia and Moravia","Czechia"
"KSCM Communist P.of Bohemia&Moravia",1728,"KSCM","Communist Party of Bohemia and Moravia","Czechia"
"KSCM Communist Party",1728,"KSCM","Communist Party of Bohemia and Moravia","Czechia"
"KSCM Communist Party of Bohemia and Moravia",1728,"KSCM","Communist Party of Bohemia and Moravia","Czechia"
"KSCM Communist Prty of Bohemia and Moravia",1728,"KSCM","Communist Party of Bohemia and Moravia","Czechia"
"KSCM Kommunist P Bohemia a Moravia",1728,"KSCM","Communist Party of Bohemia and Moravia","Czechia"
"KSCM, Communist Party of Bohemia and Moravia",1728,"KSCM","Communist Party of Bohemia and Moravia","Czechia"
"KSÈM",1728,"KSCM","Communist Party of Bohemia and Moravia","Czechia"
"KSČM",1728,"KSCM","Communist Party of Bohemia and Moravia","Czechia"
"KSČM (Communist Party of Bohemia and Moravia)",1728,"KSCM","Communist Party of Bohemia and Moravia","Czechia"
"Klub socialnich demokratu",,,,"Czechia"
"KomunistickA strana Cech a Moravy (KSCM) - Communist Party of Bohemia and Moravia",1728,"KSCM","Communist Party of Bohemia and Moravia","Czechia"
"KpCR Coalition for the Czech Republic",,,,"Czechia"
"KrestaanskA a demokratickA unie-CeskoslovenskA lidovA strana (KDU-CSL) Christian Democratic Union-Czechoslovak Peopleas Party",676,"KDU/CSL","Christian Democratic Union / People's Party","Czechia"
"Krestansko demokraticka strana",824,"KDS","Christian Democratic Party","Czechia"
"LB Left Block",2138,"LB","Left Bloc","Czechia"
"LEV21 - National Socialists, Left party of the 21st century",,,,"Czechia"
"LIDEM liberalni demokrate",1127,"LIDEM","LIDEM","Czechia"
"LSNS Liberal Soc.Union",936,"LSU","Liberal Social Union","Czechia"
"Law and Justice",,,,"Czechia"
"Law and Justice - PaS",,,,"Czechia"
"Left Bloc",2138,"LB","Left Bloc","Czechia"
"Liberal Demorkats - LIDEM",1127,"LIDEM","LIDEM","Czechia"
"Liberal Reform Party - LIRA",,,,"Czechia"
"Liberal-Reform Party",,,,"Czechia"
"Liberalne demokraticka strana",,,,"Czechia"
"Liberalove.cz",,,,"Czechia"
"Liberals.cz",,,,"Czechia"
"MDS",,,,"Czechia"
"MDS Moravian Democrats",,,,"Czechia"
"MNS HSMS Morav Nat P",,,,"Czechia"
"MNS Morav.National P",,,,"Czechia"
"MNS-HSMS Morav.Nat.Prty-Mov.ofMor.Sil.Unific",,,,"Czechia"
"MODS Moravian Democratic Party",,,,"Czechia"
"Mayors and Independents",1707,"STAN","Mayors and Independents","Czechia"
"Mayors and Independents (STAN)",1707,"STAN","Mayors and Independents","Czechia"
"Mayors and Independents - STAN",1707,"STAN","Mayors and Independents","Czechia"
"Mayors and Independents -- Your Option",1707,"STAN","Mayors and Independents","Czechia"
"Miroslav Sladek's Republicans",972,"RMS","Republicans of Miroslav Sladek","Czechia"
"Moravian Democratic Party",,,,"Czechia"
"Moravians",,,,"Czechia"
"Morovska demokraticka strana (MDS) - Moravian Democratic Party",,,,"Czechia"
"Movement Coexistence",,,,"Czechia"
"Movement of Peasants",,,,"Czechia"
"ND Independent Democrats",,,,"Czechia"
"ND, Independent Democrats",,,,"Czechia"
"NEI Indep Erotic Ini",2140,"NEI","Independent Initiative","Czechia"
"NO 2011",,,,"Czechia"
"NS National Party",,,,"Czechia"
"NS, National Party",,,,"Czechia"
"NS-LEV 21 – národní socialisté – levice 21. Století",,,,"Czechia"
"Nadeje (Hope)",,,,"Czechia"
"Nadeje Hope",,,,"Czechia"
"Narodne socialni strana",,,,"Czechia"
"National Party",,,,"Czechia"
"National Party - NS",,,,"Czechia"
"National perspective",,,,"Czechia"
"Nezavisli (N) - Independents",1425,"NEZDEM","Independent","Czechia"
"ODA Citiz.Dem.Alliance",1008,"ODA","Civic Democratic Alliance","Czechia"
"ODA Civic Democratic",1008,"ODA","Civic Democratic Alliance","Czechia"
"ODA Civic Democratic Alliance",1008,"ODA","Civic Democratic Alliance","Czechia"
"ODA Civil Democratic Alliance",1008,"ODA","Civic Democratic Alliance","Czechia"
"ODS",466,"ODS","Civic Democratic Party","Czechia"
"ODS (Civic Democratic Party)",466,"ODS","Civic Democratic Party","Czechia"
"ODS Citiz.Dem.Party",466,"ODS","Civic Democratic Party","Czechia"
"ODS Civic Democratic",466,"ODS","Civic Democratic Party","Czechia"
"ODS Civic Democratic P.",466,"ODS","Civic Democratic Party","Czechia"
"ODS Civic Democratic Party",466,"ODS","Civic Democratic Party","Czechia"
"ODS Civic Democratic Prty",466,"ODS","Civic Democratic Party","Czechia"
"ODS, Civic Democratic Party",466,"ODS","Civic Democratic Party","Czechia"
"OH Civic Movement",1796,"OH","Civic Movement","Czechia"
"OK",,,,"Czechia"
"OK Civic Coalition - Political club",,,,"Czechia"
"Oath",9002,"P","Oath","Czechia"
"Oath - Prisaha Roberta Slachty",9002,"P","Oath","Czechia"
"ObcanskA koalice-PolitickA klub (OK-PK) - Civil Coalition-Political Club",,,,"Czechia"
"Obcanska Demokraticka Strana (ODS) - Civic Democratic Party",466,"ODS","Civic Democratic Party","Czechia"
"Obcanska demokraticka aliance",1008,"ODA","Civic Democratic Alliance","Czechia"
"Obcanska demokraticka alliance (ODA) - Civic Democratic Alliance",1008,"ODA","Civic Democratic Alliance","Czechia"
"Obcanske hnuti",1796,"OH","Civic Movement","Czechia"
"PB Right Block",904,"PB","Right Bloc","Czechia"
"PB Right-wing Block",904,"PB","Right Bloc","Czechia"
"PB, Right Block",904,"PB","Right Bloc","Czechia"
"PaS Law and Justice",,,,"Czechia"
"PaS, Law and Justice",,,,"Czechia"
"Party for Life Security",,,,"Czechia"
"Party for Open Society - SOS",,,,"Czechia"
"Party of Citizemns Rights -Zemanovci - SPOZ",1272,"SPOZ / SPO","Party of Civic Rights — Zeman's people / Party of Civic Rights","Czechia"
"Party of Citizen Rights-Zemanites",1272,"SPOZ / SPO","Party of Civic Rights — Zeman's people / Party of Civic Rights","Czechia"
"Party of Citizens' Rights (SPO)",1272,"SPOZ / SPO","Party of Civic Rights — Zeman's people / Party of Civic Rights","Czechia"
"Party of Citizens' Rights - SPO",1272,"SPOZ / SPO","Party of Civic Rights — Zeman's people / Party of Civic Rights","Czechia"
"Party of Citizens' Rights - Zemanovci - SPOZ",1272,"SPOZ / SPO","Party of Civic Rights — Zeman's people / Party of Civic Rights","Czechia"
"Party of Citizens' Rights SPO",1272,"SPOZ / SPO","Party of Civic Rights — Zeman's people / Party of Civic Rights","Czechia"
"Party of Civic Rights",1272,"SPOZ / SPO","Party of Civic Rights — Zeman's people / Party of Civic Rights","Czechia"
"Party of Common Sense",8923,"SZR","Party of Common Sense","Czechia"
"Party of Common Sense (Rozumni)",8923,"SZR","Party of Common Sense","Czechia"
"Party of Common Sense (Rozumní)",8923,"SZR","Party of Common Sense","Czechia"
"Party of Common Sense - Rozumni",8923,"SZR","Party of Common Sense","Czechia"
"Party of Common Sense - SZR",8923,"SZR","Party of Common Sense","Czechia"
"Party of Free Citizens",254,"SSO","Party of Free Citizens","Czechia"
"Party of Free Citizens (Svobodni)",254,"SSO","Party of Free Citizens","Czechia"
"Party of Free Citizens (Svobodní)",254,"SSO","Party of Free Citizens","Czechia"
"Party of Free Citizens - Svobodni",254,"SSO","Party of Free Citizens","Czechia"
"Party of Free Citizens - Svobodní",254,"SSO","Party of Free Citizens","Czechia"
"Path of Change - CZ",,,,"Czechia"
"Pirates and Mayors",,,,"Czechia"
"Pirates and Mayors - Pirati a starostove",,,,"Czechia"
"Piráti (Pirates)",2047,"Pi","Czech Pirate Party","Czechia"
"Policy 21",,,,"Czechia"
"Political Change Movement",,,,"Czechia"
"Public Affairs",1202,"VV","Public Affairs","Czechia"
"Public Against Violence",6305,"VPN","Public Against Violence","Czechia"
"Public Issues - VV",1202,"VV","Public Affairs","Czechia"
"Public Issues - VV and European Democrats - SNK and Alternative",,,,"Czechia"
"RMS Republicans of Miroslav Sladek",972,"RMS","Republicans of Miroslav Sladek","Czechia"
"ROI Gypsies Initiative",,,,"Czechia"
"Rally for the Republic - Republican Party of Czechoslovakia",1657,"SPR — RSČ","Coalition for Republic — Republican Party of Czechoslovakia","Czechia"
"Realists",,,,"Czechia"
"Realists (REAL)",,,,"Czechia"
"Realists - REAL",,,,"Czechia"
"Realisté (Realists)",,,,"Czechia"
"Republicans",972,"RMS","Republicans of Miroslav Sladek","Czechia"
"Right Block",904,"PB","Right Bloc","Czechia"
"Right Block - PB",904,"PB","Right Bloc","Czechia"
"Right Wing Block- PB",904,"PB","Right Bloc","Czechia"
"Romska obcanska iniciativa",,,,"Czechia"
"Rural Party - Citizens Joint Strenght",,,,"Czechia"
"SCSPZR Entrepreneurs.tradesm.",2139,"SCPZR","Czechoslovak Businessmen's, Traders' and Farmers' Party","Czechia"
"SD LSNS Free Democrats",,,,"Czechia"
"SDL Democratic Left Prty",,,,"Czechia"
"SNK European Democrats",751,"SNK-ED","SNK European Democrats","Czechia"
"SNK Evroptí demokraté",751,"SNK-ED","SNK European Democrats","Czechia"
"SNK, European Democrats",751,"SNK-ED","SNK European Democrats","Czechia"
"SPD (Freedom and Direct Democracy- Tomio Okamura)",6125,"SPD","Freedom and Direct Democracy","Czechia"
"SPO (Party for the Rights of Citizens)",1272,"SPOZ / SPO","Party of Civic Rights — Zeman's people / Party of Civic Rights","Czechia"
"SPOZ – Strana Prav Obcanu ZEMANOVCI",1272,"SPOZ / SPO","Party of Civic Rights — Zeman's people / Party of Civic Rights","Czechia"
"SPOZ – Strana Práv Obcanu ZEMANOVCI",1272,"SPOZ / SPO","Party of Civic Rights — Zeman's people / Party of Civic Rights","Czechia"
"SPR RSC Republican P",1657,"SPR — RSČ","Coalition for Republic — Republican Party of Czechoslovakia","Czechia"
"SPR RSC Republicans",1657,"SPR — RSČ","Coalition for Republic — Republican Party of Czechoslovakia","Czechia"
"SPR-RSC",1657,"SPR — RSČ","Coalition for Republic — Republican Party of Czechoslovakia","Czechia"
"SPR-RSC Assoc for the Republic - Rep. Prty",1657,"SPR — RSČ","Coalition for Republic — Republican Party of Czechoslovakia","Czechia"
"SPR-RSC Assoc.for Republ.-Republ.Prty of CS",1657,"SPR — RSČ","Coalition for Republic — Republican Party of Czechoslovakia","Czechia"
"SPR-RSC Republican Party",1657,"SPR — RSČ","Coalition for Republic — Republican Party of Czechoslovakia","Czechia"
"SRS Equal Opportunities Party",,,,"Czechia"
"STAN (Mayors and Independents)",1707,"STAN","Mayors and Independents","Czechia"
"STOP",,,,"Czechia"
"SV-SOS P.of Countryside-Assoc.Civic Forces",,,,"Czechia"
"SV-SOS party of the Countryside-United Civil Powers",,,,"Czechia"
"SZ",1554,"SZ","Green Party","Czechia"
"SZ (Green Party)",1554,"SZ","Green Party","Czechia"
"SZ Green Party",1554,"SZ","Green Party","Czechia"
"SZ P.of Greens",1554,"SZ","Green Party","Czechia"
"SZ Party of Greens",1554,"SZ","Green Party","Czechia"
"SZ The Green Party",1554,"SZ","Green Party","Czechia"
"SZ, Green Party",1554,"SZ","Green Party","Czechia"
"SZJ P.for Life Securities",,,,"Czechia"
"SZJ Party for Life Securities",,,,"Czechia"
"SZJ Party of Life Securities",,,,"Czechia"
"SZR Party of Common Sense",8923,"SZR","Party of Common Sense","Czechia"
"SZR, Party of Common Sence",8923,"SZR","Party of Common Sense","Czechia"
"Sdrueni Duchodcu ER",,,,"Czechia"
"Sdruzeni pro Republiku - Rep. Strana Ceskoslovenska (SPR-RSE) - Rally for the Republic-Republican Party of Czechoslovakia",1657,"SPR — RSČ","Coalition for Republic — Republican Party of Czechoslovakia","Czechia"
"Social Democracy",177,"CSSD","Czech Social Democratic Party","Czechia"
"Sovereignty",293,"S — JB","Sovereignty — Jana Bobosikova Bloc","Czechia"
"Sovereignty, Bobosikova block, Party of Common Sense",,,,"Czechia"
"Sovereignty, Bobosikova block, Party of Common Sense - SUVERENITA",,,,"Czechia"
"Sportsmen",,,,"Czechia"
"Starostové a nezávislí",1707,"STAN","Mayors and Independents","Czechia"
"Strana CeskoslovenskAch komunistu (SCK) - Party of Czechoslovak Communists",,,,"Czechia"
"Strana zelenych",1554,"SZ","Green Party","Czechia"
"Strana zelenych (SZ) - Green Party",1554,"SZ","Green Party","Czechia"
"Strana zelených",1554,"SZ","Green Party","Czechia"
"Suverenita",293,"S — JB","Sovereignty — Jana Bobosikova Bloc","Czechia"
"Svoboda a přímá demokracie",6125,"SPD","Freedom and Direct Democracy","Czechia"
"Svobodní (Party of Free Citizens)",254,"SSO","Party of Free Citizens","Czechia"
"TOP 09",223,"TOP09","Tradition Responsibility Prosperity 09","Czechia"
"TOP 09 and STAN (The Mayors and Independents)",,,,"Czechia"
"TOP 9",223,"TOP09","Tradition Responsibility Prosperity 09","Czechia"
"TOP09",223,"TOP09","Tradition Responsibility Prosperity 09","Czechia"
"The Block of Jana Bobosikova and Party of Common Sense (SZR)",,,,"Czechia"
"Together",,,,"Czechia"
"Together - SPOLU-ODS, KDU-CSL, TOP 09",,,,"Czechia"
"Top 09",223,"TOP09","Tradition Responsibility Prosperity 09","Czechia"
"Top 09 and Mayors  and Independent",,,,"Czechia"
"Tricolour Citizen's Movement",9003,"Tri","Tricolour Citizens' Movement","Czechia"
"Tricolour Citizens' Movement",9003,"Tri","Tricolour Citizens' Movement","Czechia"
"Tricolour Freedomites Freeholders - Trikolora Svobodni Soukromnici",,,,"Czechia"
"US",905,"US","Freedom Union","Czechia"
"US Freedom Union",905,"US","Freedom Union","Czechia"
"US-DEU Freedom Union - Democratic Union",104,"US/DEU","Freedom Union / Democratic Union","Czechia"
"US-DEU Freedom Union-Democratic U",104,"US/DEU","Freedom Union / Democratic Union","Czechia"
"US-DEU, Freedom Union-Democratic Union",104,"US/DEU","Freedom Union / Democratic Union","Czechia"
"Unie Svobody (US) - Freedom Union",905,"US","Freedom Union","Czechia"
"Unie svobody - Demokratická unie",104,"US/DEU","Freedom Union / Democratic Union","Czechia"
"VV",1202,"VV","Public Affairs","Czechia"
"Veci verejne",1202,"VV","Public Affairs","Czechia"
"Veci verejné",1202,"VV","Public Affairs","Czechia"
"Worker's Party of the Social Justice",805,"DSSS","Workers' Party of Social Justice","Czechia"
"Workers Party of Social Justice - DSSS",805,"DSSS","Workers' Party of Social Justice","Czechia"
"Workers Party of Social Justice- DSSS",805,"DSSS","Workers' Party of Social Justice","Czechia"
"Workers' Party of Social Justice",805,"DSSS","Workers' Party of Social Justice","Czechia"
"Yes 2011 - ANO 2011",2141,"ANO","Action of Dissatisfied Citizens","Czechia"
"Zemedelska strana",,,,"Czechia"
"nezávislí",1425,"NEZDEM","Independent","Czechia"
"ÈSSD",177,"CSSD","Czech Social Democratic Party","Czechia"
"Úsvit prímé demokracie Tomia Okamury",2049,"UPD","Dawn of Direct Democracy","Czechia"
"Úsvit přímé demokracie Tomia Okamury",2049,"UPD","Dawn of Direct Democracy","Czechia"
"Úsvit-NK (Dawn- National Coalition)",2049,"UPD","Dawn of Direct Democracy","Czechia"
"ČSSD",177,"CSSD","Czech Social Democratic Party","Czechia"
"ČSSD (Czech Social Democratic Party)",177,"CSSD","Czech Social Democratic Party","Czechia"
"Česká pirátská strana",2047,"Pi","Czech Pirate Party","Czechia"
"Front Populaire Ivoirien (FPI)",5096,"FPI","Ivorian Popular Front","Côte d’Ivoire"
"Front populaire ivoirien (FPI)",5096,"FPI","Ivorian Popular Front","Côte d’Ivoire"
"Mouvement des Forces d'Avenir (MFA)",7860,"MFA","Movement of the Forces of the Future","Côte d’Ivoire"
"Parti Démocratique de Cote d'Ivoire (PDCI)",5098,"PDCI-RDA","Democratic Party of Côte d'Ivoire — African Democratic Rally","Côte d’Ivoire"
"Parti Démocratique de Cote d'Ivoire (PDCI)",5098,"PDCI-RDA","Democratic Party of Côte d'Ivoire — African Democratic Rally","Côte d’Ivoire"
"Parti Démocratique de Cote d'Ivoire (PDCI)",5098,"PDCI-RDA","Democratic Party of Côte d'Ivoire — African Democratic Rally","Côte d’Ivoire"
"Parti Démocratique de Côte d'Ivoire (PDCI)",5098,"PDCI-RDA","Democratic Party of Côte d'Ivoire — African Democratic Rally","Côte d’Ivoire"
"Parti Ivoirien des Travailleurs (PIT)",8801,"PIT","Ivorian Party of Workers","Côte d’Ivoire"
"Parti des Peuples Africains de Côte d'Ivoire (PPA-CI)",,,,"Côte d’Ivoire"
"Parti démocratique de Côte d'Ivoire (PDCI)",5098,"PDCI-RDA","Democratic Party of Côte d'Ivoire — African Democratic Rally","Côte d’Ivoire"
"Parti politique proche de Guillaume Soro (RACI/ANC/CMA-GKS)",,,,"Côte d’Ivoire"
"Partis Soroïstes (proches de Guillaume Soro)",,,,"Côte d’Ivoire"
"RHDP",7607,"RHDP","Rally of Houphouëtists for Democracy and Peace","Côte d’Ivoire"
"Rassemblement des Houphouétistes pour la Démocratie et la Paix (RHDP)",7607,"RHDP","Rally of Houphouëtists for Democracy and Peace","Côte d’Ivoire"
"Rassemblement des Républicains ( RDR)",5097,"RDR","Rally of the Republicans","Côte d’Ivoire"
"Rassemblement des Républicains (RDR)",5097,"RDR","Rally of the Republicans","Côte d’Ivoire"
"Rassemblement des houphouëtistes pour la démocratie et la pa",7607,"RHDP","Rally of Houphouëtists for Democracy and Peace","Côte d’Ivoire"
"Union Pour la Cote d'Ivoire (UPCI)",7861,"UPCI","Union for Ivory Coast","Côte d’Ivoire"
"Union Pour la Côte d'Ivoire (UPCI)",7861,"UPCI","Union for Ivory Coast","Côte d’Ivoire"
"Union des Scoaux Démocrates (USD)",,,,"Côte d’Ivoire"
"Union démocratique et citoyenne (UDCY)",,,,"Côte d’Ivoire"
"Union pour la Cote d'Ivoire (UPCI)",7861,"UPCI","Union for Ivory Coast","Côte d’Ivoire"
"Union pour la Démocaratie et pour la Paix en Cote d'Ivoire (UDPCI)",5628,"UDPCI","Union for Democracy and Peace in Côte d'Ivoire","Côte d’Ivoire"
"Union pour la Démocratie et pour la Paix en Cote d'Ivoire (U",5628,"UDPCI","Union for Democracy and Peace in Côte d'Ivoire","Côte d’Ivoire"
"Union pour la Démocratie et pour la Paix en Côte d'Ivoire (U",5628,"UDPCI","Union for Democracy and Peace in Côte d'Ivoire","Côte d’Ivoire"
"Union pour la Démocratie et pour la Paix en Côte d'Ivoire (UDPCI)",5628,"UDPCI","Union for Democracy and Peace in Côte d'Ivoire","Côte d’Ivoire"
"Alternativet - The Alternative",4070,"A","The Alternative","Denmark"
"Centre Democratic",800,"CD","Centre Democrats","Denmark"
"Centre Democratic party",800,"CD","Centre Democrats","Denmark"
"Centre Democrats",800,"CD","Centre Democrats","Denmark"
"Centrum-Demokraterne",800,"CD","Centre Democrats","Denmark"
"Centrumdemokraterne",800,"CD","Centre Democrats","Denmark"
"Christian Democrats",53,"KrF/KD","Christian People's Party / Christian Democrats","Denmark"
"Christian Democrats (K)",53,"KrF/KD","Christian People's Party / Christian Democrats","Denmark"
"Christian People's Party",53,"KrF/KD","Christian People's Party / Christian Democrats","Denmark"
"Christian People's Party - KRF",53,"KrF/KD","Christian People's Party / Christian Democrats","Denmark"
"Christian People's Party - Kristendemokraterne",53,"KrF/KD","Christian People's Party / Christian Democrats","Denmark"
"Christian People`s Party",53,"KrF/KD","Christian People's Party / Christian Democrats","Denmark"
"Christian Peoples P",53,"KrF/KD","Christian People's Party / Christian Democrats","Denmark"
"Christian Peoples Party",53,"KrF/KD","Christian People's Party / Christian Democrats","Denmark"
"Christian Peoples Party - KRF",53,"KrF/KD","Christian People's Party / Christian Democrats","Denmark"
"Christian Peoples Party - KRF, Kristendemokraterne",53,"KrF/KD","Christian People's Party / Christian Democrats","Denmark"
"Christian Peoples Party - Kristendemokraterne",53,"KrF/KD","Christian People's Party / Christian Democrats","Denmark"
"Christian peoples' party",53,"KrF/KD","Christian People's Party / Christian Democrats","Denmark"
"Conservative",536,"KF","Conservative People's Party","Denmark"
"Conservative P",536,"KF","Conservative People's Party","Denmark"
"Conservative Party",536,"KF","Conservative People's Party","Denmark"
"Conservative Party - Det Konservative Folkeparti",536,"KF","Conservative People's Party","Denmark"
"Conservative People's Party",536,"KF","Conservative People's Party","Denmark"
"Conservative People's Party - Det Konservative Folkeparti",536,"KF","Conservative People's Party","Denmark"
"Conservative People's Party - KP",536,"KF","Conservative People's Party","Denmark"
"Conservative Peoples Party",536,"KF","Conservative People's Party","Denmark"
"Conservative Peoples Party (C)",536,"KF","Conservative People's Party","Denmark"
"Conservative Peoples Party - KP",536,"KF","Conservative People's Party","Denmark"
"Conservative Peoples Party - KP, Det konservative folkeparti",536,"KF","Conservative People's Party","Denmark"
"Conservative party",536,"KF","Conservative People's Party","Denmark"
"Conservatives",536,"KF","Conservative People's Party","Denmark"
"Danish People Party",1022,"DF","Danish Peoples Party","Denmark"
"Danish People's Party",1022,"DF","Danish Peoples Party","Denmark"
"Danish People's Party - DF",1022,"DF","Danish Peoples Party","Denmark"
"Danish People's Party - Dansk Folkeparti",1022,"DF","Danish Peoples Party","Denmark"
"Danish People`s Party",1022,"DF","Danish Peoples Party","Denmark"
"Danish Peoples Party",1022,"DF","Danish Peoples Party","Denmark"
"Danish Peoples Party (O)",1022,"DF","Danish Peoples Party","Denmark"
"Danish Peoples Party - DF",1022,"DF","Danish Peoples Party","Denmark"
"Danish Peoples Party - DF, Dansk folkeparti",1022,"DF","Danish Peoples Party","Denmark"
"Danish Peoples Party - Dansk Folkeparti",1022,"DF","Danish Peoples Party","Denmark"
"Danish Peoples Prty",1022,"DF","Danish Peoples Party","Denmark"
"Danish Social Liberal Party",1507,"RV","Danish Social-Liberal Party / Radical Liberal Party","Denmark"
"Danish peoples' party",1022,"DF","Danish Peoples Party","Denmark"
"Danmarks Retsforbund",1134,"RF","Justice Party / Single-Tax Party","Denmark"
"Danmarks kommunistiske Parti",277,"DKP","Communist Party of Denmark","Denmark"
"Dansk Folkeparti",1022,"DF","Danish Peoples Party","Denmark"
"Dansk Folkeparti - Danish People's Party",1022,"DF","Danish Peoples Party","Denmark"
"Dansk Folkeparti - Danish peoples party",1022,"DF","Danish Peoples Party","Denmark"
"De Gronne",112,"Gron","Greens","Denmark"
"Democratic Renewal",,,,"Denmark"
"Det Humanistiske parti",,,,"Denmark"
"Det Konservative Fol",536,"KF","Conservative People's Party","Denmark"
"Det Konservative Folkeparti",536,"KF","Conservative People's Party","Denmark"
"Det Konservative Folkeparti - Conservative",536,"KF","Conservative People's Party","Denmark"
"Det Konservative Folkeparti - Conservative People's Party",536,"KF","Conservative People's Party","Denmark"
"Det Radikale Venstre",1507,"RV","Danish Social-Liberal Party / Radical Liberal Party","Denmark"
"Det Radikale Venstre - Danish Social-Liberal Party",1507,"RV","Danish Social-Liberal Party / Radical Liberal Party","Denmark"
"Det Radikale Venstre - The Radical Liberal Party",1507,"RV","Danish Social-Liberal Party / Radical Liberal Party","Denmark"
"Enhedslisten",1527,"Enh","Red-Green Alliance","Denmark"
"Enhedslisten - Unity List - The Red-Green Alliance",1527,"Enh","Red-Green Alliance","Denmark"
"Enhedslisten, De Rød-Grønne - The Red-Green Alliance",1527,"Enh","Red-Green Alliance","Denmark"
"Faelles Kurs",1676,"FK","Common Course","Denmark"
"Firm Course - Stram Kurs",7338,"SK","Hard Line","Denmark"
"Fremdskridtspartiet",1601,"FrP","Progress Party","Denmark"
"Fremskridtspartiet",1601,"FrP","Progress Party","Denmark"
"Hard Line",7338,"SK","Hard Line","Denmark"
"Internationalen-Socialistisk Arbejderparti",,,,"Denmark"
"Klaus Riskaer Pedersen - Klaus Riskaer Pedersen",,,,"Denmark"
"Klaus Riskaer Pedersen List",,,,"Denmark"
"Klaus Riskær Pedersen - Klaus Riskær Pedersen",,,,"Denmark"
"Kommunisterne",277,"DKP","Communist Party of Denmark","Denmark"
"Konservative Folkepartei",536,"KF","Conservative People's Party","Denmark"
"Kristelig Folkeparti",53,"KrF/KD","Christian People's Party / Christian Democrats","Denmark"
"Kristeligt Folkeparti",53,"KrF/KD","Christian People's Party / Christian Democrats","Denmark"
"Kristendemokraterne",53,"KrF/KD","Christian People's Party / Christian Democrats","Denmark"
"Kristendemokraterne - Christian Democrats",53,"KrF/KD","Christian People's Party / Christian Democrats","Denmark"
"Kristendemokraterne - Christian democrats",53,"KrF/KD","Christian People's Party / Christian Democrats","Denmark"
"Kristendemokraterne - Christian democtrats",53,"KrF/KD","Christian People's Party / Christian Democrats","Denmark"
"Left-wing Alliance - Enhedslisten",1527,"Enh","Red-Green Alliance","Denmark"
"Left-wing alliance",1527,"Enh","Red-Green Alliance","Denmark"
"Leftwing Alliance",1527,"Enh","Red-Green Alliance","Denmark"
"Leftwing Alliance - EL",1527,"Enh","Red-Green Alliance","Denmark"
"Leftwing Alliance - EL, Enhedslisten",1527,"Enh","Red-Green Alliance","Denmark"
"Leftwing Alliance - Enhedslisten",1527,"Enh","Red-Green Alliance","Denmark"
"Liberal",1204,"V","Liberal Party","Denmark"
"Liberal - Venstre",1204,"V","Liberal Party","Denmark"
"Liberal Alliance",212,"LA","[New] Liberal Alliance","Denmark"
"Liberal Alliance (I)",212,"LA","[New] Liberal Alliance","Denmark"
"Liberal Alliance - Liberal Alliance",212,"LA","[New] Liberal Alliance","Denmark"
"Liberal Party",1204,"V","Liberal Party","Denmark"
"Liberal Party (V)",1204,"V","Liberal Party","Denmark"
"Liberal Party - V",1204,"V","Liberal Party","Denmark"
"Liberal Party - V, Venstre",1204,"V","Liberal Party","Denmark"
"Liberal Party - Venstre",1204,"V","Liberal Party","Denmark"
"Liberal alliance",212,"LA","[New] Liberal Alliance","Denmark"
"Liberal party",1204,"V","Liberal Party","Denmark"
"Liberals",1204,"V","Liberal Party","Denmark"
"Minority Party",,,,"Denmark"
"New Alliance",212,"LA","[New] Liberal Alliance","Denmark"
"New Alliance (Liberal Alliance)",212,"LA","[New] Liberal Alliance","Denmark"
"New Alliance - NA",212,"LA","[New] Liberal Alliance","Denmark"
"New Alliance - NA, Ny Alliance",212,"LA","[New] Liberal Alliance","Denmark"
"New Civic Party (D)",7339,"NB","The New Right","Denmark"
"New Right - Nye Borgerlige",7339,"NB","The New Right","Denmark"
"Ny Alliance - New alliance",212,"LA","[New] Liberal Alliance","Denmark"
"Progress Party",1601,"FrP","Progress Party","Denmark"
"Progressive",1601,"FrP","Progress Party","Denmark"
"Progressive party",1601,"FrP","Progress Party","Denmark"
"Radical Left Party",1507,"RV","Danish Social-Liberal Party / Radical Liberal Party","Denmark"
"Radical Liberal",1507,"RV","Danish Social-Liberal Party / Radical Liberal Party","Denmark"
"Radical Liberal P",1507,"RV","Danish Social-Liberal Party / Radical Liberal Party","Denmark"
"Radical Liberal Party",1507,"RV","Danish Social-Liberal Party / Radical Liberal Party","Denmark"
"Radical Liberal Party - Det Radikale Venstre",1507,"RV","Danish Social-Liberal Party / Radical Liberal Party","Denmark"
"Radical Liberal Party - RV",1507,"RV","Danish Social-Liberal Party / Radical Liberal Party","Denmark"
"Radical Liberal Party - RV, Det radikale venstre",1507,"RV","Danish Social-Liberal Party / Radical Liberal Party","Denmark"
"Radical Liberal party",1507,"RV","Danish Social-Liberal Party / Radical Liberal Party","Denmark"
"Radical liberal party",1507,"RV","Danish Social-Liberal Party / Radical Liberal Party","Denmark"
"Radikale Venstre",1507,"RV","Danish Social-Liberal Party / Radical Liberal Party","Denmark"
"Red-Green Alliance",1527,"Enh","Red-Green Alliance","Denmark"
"Red-Green Alliance (Enhedslisten)",1527,"Enh","Red-Green Alliance","Denmark"
"Red-Green Alliance – Unity List (Ø)",1527,"Enh","Red-Green Alliance","Denmark"
"Retsforbundet",1134,"RF","Justice Party / Single-Tax Party","Denmark"
"SF Socialistisk Folkeparti - Socialist People's Party",329,"SF","Socialist Peoples Party","Denmark"
"SF- Socialistisk Folkeparti - the Socialist People's Party",329,"SF","Socialist Peoples Party","Denmark"
"Social Democratic",379,"SD","Social Democrats","Denmark"
"Social Democratic P",379,"SD","Social Democrats","Denmark"
"Social Democratic Party",379,"SD","Social Democrats","Denmark"
"Social Democratic Party - SD",379,"SD","Social Democrats","Denmark"
"Social Democratic Party - SD, Socialdemokratiet",379,"SD","Social Democrats","Denmark"
"Social Democratic Party - Socialdemokratiet",379,"SD","Social Democrats","Denmark"
"Social Democrats",379,"SD","Social Democrats","Denmark"
"Social Democrats (A)",379,"SD","Social Democrats","Denmark"
"Social Liberal Party (B)",1507,"RV","Danish Social-Liberal Party / Radical Liberal Party","Denmark"
"Social Liberals",1507,"RV","Danish Social-Liberal Party / Radical Liberal Party","Denmark"
"Social democratic party",379,"SD","Social Democrats","Denmark"
"Socialdemokraterne - the Danish social democrats",379,"SD","Social Democrats","Denmark"
"Socialdemokraterne - the Danish social democtrats",379,"SD","Social Democrats","Denmark"
"Socialdemokratiet",379,"SD","Social Democrats","Denmark"
"Socialdemokratiet - The Social democrats",379,"SD","Social Democrats","Denmark"
"Socialist People Party",329,"SF","Socialist Peoples Party","Denmark"
"Socialist People Party - Socialistisk Folkeparti",329,"SF","Socialist Peoples Party","Denmark"
"Socialist People's Party",329,"SF","Socialist Peoples Party","Denmark"
"Socialist People's Party - SF",329,"SF","Socialist Peoples Party","Denmark"
"Socialist People's Party - Socialistisk Folkeparti",329,"SF","Socialist Peoples Party","Denmark"
"Socialist People`s Party",329,"SF","Socialist Peoples Party","Denmark"
"Socialist Peoples  Party - SF",329,"SF","Socialist Peoples Party","Denmark"
"Socialist Peoples P",329,"SF","Socialist Peoples Party","Denmark"
"Socialist Peoples Party",329,"SF","Socialist Peoples Party","Denmark"
"Socialist Peoples Party (F)",329,"SF","Socialist Peoples Party","Denmark"
"Socialist Peoples Party - SF, Socialistik folkeparti",329,"SF","Socialist Peoples Party","Denmark"
"Socialist Peoples Party - Socialistisk Folkeparti",329,"SF","Socialist Peoples Party","Denmark"
"Socialist peoples' party",329,"SF","Socialist Peoples Party","Denmark"
"Socialistisk Folkeparti",329,"SF","Socialist Peoples Party","Denmark"
"Socialst People Party - Socialistisk Folkeparti",329,"SF","Socialist Peoples Party","Denmark"
"The Alternative",4070,"A","The Alternative","Denmark"
"The Alternative (Å)",4070,"A","The Alternative","Denmark"
"The Alternative - Alternativet",4070,"A","The Alternative","Denmark"
"The New Right",7339,"NB","The New Right","Denmark"
"The Social Democrats",379,"SD","Social Democrats","Denmark"
"The alternative - Alternativet",4070,"A","The Alternative","Denmark"
"Unity List - Red-Green Alliance",1527,"Enh","Red-Green Alliance","Denmark"
"Venstre",1204,"V","Liberal Party","Denmark"
"Venstre, Danmarks Liberale Parti - The Liberal Party",1204,"V","Liberal Party","Denmark"
"Venstre, Danmarks Liberale Parti - Venstre",1204,"V","Liberal Party","Denmark"
"Venstre, Denmark's Liberal Party",1204,"V","Liberal Party","Denmark"
"Venstre, Denmarks Liberal Party",1204,"V","Liberal Party","Denmark"
"Venstresocialisterne",1136,"VS","Left Socialists","Denmark"
"Christian Socialist  Reformist Party (PRSC)",194,"PRSC","Social Christian Reformist Party","Dominican Republic"
"Christian Socialist Reformist Party - PRSC",194,"PRSC","Social Christian Reformist Party","Dominican Republic"
"DO: Dominicano Por El Cambio",,,,"Dominican Republic"
"DO: Movimiento Democratico Alternativo",5948,"MODA","Alternative Democratic Movement","Dominican Republic"
"DO: Movimiento Independencia, Unidad y Cambio (MIUCA)",,,,"Dominican Republic"
"DO: Partido Alianza Social Dominicana (ASD)",,,,"Dominican Republic"
"DO: Partido Alianza por la Democracia (APD)",,,,"Dominican Republic"
"DO: Partido Bloque Institucional (BIS)",4184,"BIS","Institutional Social Democratic Bloc","Dominican Republic"
"DO: Partido Democrata Institucional  (PDI)",,,,"Dominican Republic"
"DO: Partido Demócrata Popular (PDP)",4190,"PDP","Popular Democratic Party","Dominican Republic"
"DO: Partido Fuerza Nacional Progresista (FNP)",,,,"Dominican Republic"
"DO: Partido Fuerza del Pueblo - (PFDP)",,,,"Dominican Republic"
"DO: Partido Liberal de la República Dominicana (PLRD)",4185,"LE / PLRD / PRL","La Estructura / Liberal Party of the Dominican Republic / Liberal Reformist Party","Dominican Republic"
"DO: Partido Movimiento Patria Para Todos",,,,"Dominican Republic"
"DO: Partido Nacional de Veteranos y Civiles (PNVC)",,,,"Dominican Republic"
"DO: Partido Nueva Alternativa (PNA)",,,,"Dominican Republic"
"DO: Partido Popular Cristiano (PPC)",,,,"Dominican Republic"
"DO: Partido Quisqueyano Demócrata Cristiano (PQD)",4195,"PQDC","Quisqueyano Christian Democratic Party","Dominican Republic"
"DO: Partido Reformista Social Cristiano (PRSC)",194,"PRSC","Social Christian Reformist Party","Dominican Republic"
"DO: Partido Revolucionario Dominicano (PRD)",1441,"PRD","Dominican Revolutionary Party","Dominican Republic"
"DO: Partido Revolucionario Independiente (PRI)",4194,"PRI","Independent Revolutionary Party","Dominican Republic"
"DO: Partido Revolucionario Moderno (Mayoritario) (PRM)",7544,"PRM","Modern Revolutionary Party","Dominican Republic"
"DO: Partido Revolucionario Social Democrata",,,,"Dominican Republic"
"DO: Partido de Unidad Nacional (PUN)",5950,"PUN","National Unity Party","Dominican Republic"
"DO: Partido de la Liberacion Dominicana (PLD)",1225,"PLD","Dominican Liberation Party","Dominican Republic"
"DO: Partido de la Liberación Dominicana (PLD)",1225,"PLD","Dominican Liberation Party","Dominican Republic"
"DO: Partido de la Unión Demócrata Cristiana (UDC)",,,,"Dominican Republic"
"DO: Partido de los Trabajadores Dominicanos  (PTD)",,,,"Dominican Republic"
"Dominican Liberation Party (PLD)",1225,"PLD","Dominican Liberation Party","Dominican Republic"
"Dominican Liberation Party - PLD",1225,"PLD","Dominican Liberation Party","Dominican Republic"
"Movimiento Popular Dominicano (MPD)",,,,"Dominican Republic"
"Nueva Izquierda",,,,"Dominican Republic"
"PLD Dominican Liberation Party",1225,"PLD","Dominican Liberation Party","Dominican Republic"
"PRD Revolutionary Dominican Party",1441,"PRD","Dominican Revolutionary Party","Dominican Republic"
"PRSC Christian Socialist Party",194,"PRSC","Social Christian Reformist Party","Dominican Republic"
"Partido Reformista Social Cristiano (PRSC)",194,"PRSC","Social Christian Reformist Party","Dominican Republic"
"Partido Revolucionario Dominicano (PRD)",1441,"PRD","Dominican Revolutionary Party","Dominican Republic"
"Partido Revolucionario Independiente (PRI)",4194,"PRI","Independent Revolutionary Party","Dominican Republic"
"Partido de Liberacion Dominicana (PLD)",1225,"PLD","Dominican Liberation Party","Dominican Republic"
"Partido de Unidad Democrática (UD)",4193,"UD","Democratic Unity","Dominican Republic"
"Partido de los Trabajadores Dominicanos (PTD)",,,,"Dominican Republic"
"Revolutionary Dominican Party (PRD)",1441,"PRD","Dominican Revolutionary Party","Dominican Republic"
"Revolutionary Dominican Party - PRD",1441,"PRD","Dominican Revolutionary Party","Dominican Republic"
"Unidad Democratica (UD)",4193,"UD","Democratic Unity","Dominican Republic"
"pld",1225,"PLD","Dominican Liberation Party","Dominican Republic"
"prd",1441,"PRD","Dominican Revolutionary Party","Dominican Republic"
"prsc",194,"PRSC","Social Christian Reformist Party","Dominican Republic"
"CREO movement",4269,"CREO","Grow, Creating Opportunities Movement","Ecuador"
"Democratic Left",797,"ID","Democratic Left","Ecuador"
"Democratic People's Movement",1521,"MPD","Democratic People's Movement","Ecuador"
"EC: Acción Popular Revolucionaria (APRE)",4347,"PAPRE","Ecuadorian Revolutionary Popular Action Party","Ecuador"
"EC: Alianza RED-ID",,,,"Ecuador"
"EC: Creando Oportunidades (CREO)",4269,"CREO","Grow, Creating Opportunities Movement","Ecuador"
"EC: Democracia Popular (DP)",1405,"UDC/DP","Christian Democratic Union / Popular Democracy","Ecuador"
"EC: Frente Radical Alfarista (FRA)",4198,"FRA","Alfarista Radical Front","Ecuador"
"EC: Fuerza Compromiso Social",,,,"Ecuador"
"EC: Izquierda Democratica (ID)",797,"ID","Democratic Left","Ecuador"
"EC: Izquierda Democrática (ID)",797,"ID","Democratic Left","Ecuador"
"EC: Liberación Nacional (PL)",7491,"PL","Liberty Party // Freedom Party","Ecuador"
"EC: Movimiento Alianza PAIS, Patria Altiva i Soberana",4044,"PAIS","PAIS Alliance","Ecuador"
"EC: Movimiento Alianza País",4044,"PAIS","PAIS Alliance","Ecuador"
"EC: Movimiento Centro Democratico Nacional",,,,"Ecuador"
"EC: Movimiento Equidad, Progreso y Orden (EQUIPO)",,,,"Ecuador"
"EC: Movimiento F Compromiso social",,,,"Ecuador"
"EC: Movimiento Nuevo País (NP)",827,"MUPP — NP","Pachakutik Plurinational Unity Movement — New Country","Ecuador"
"EC: Movimiento Pachakutik (PK)",827,"MUPP — NP","Pachakutik Plurinational Unity Movement — New Country","Ecuador"
"EC: Movimiento Patria Altiva y Soberana (PAIS)",4044,"PAIS","PAIS Alliance","Ecuador"
"EC: Movimiento Popular Democrático (MPD)",1521,"MPD","Democratic People's Movement","Ecuador"
"EC: Movimiento Ruptura",4201,"MR","Rupture Movement","Ecuador"
"EC: Movimiento Sociedad Unida Mas Accion (SUMA)",4202,"SUMA","Suma, More Action United Society Movement","Ecuador"
"EC: Movimiento Sociedad Unida Más Acción (SUMA)",4202,"SUMA","Suma, More Action United Society Movement","Ecuador"
"EC: Movimiento Unidad Popular",,,,"Ecuador"
"EC: Movimiento de Unidad Plurinacional Pachakutik-Nuevo País",827,"MUPP — NP","Pachakutik Plurinational Unity Movement — New Country","Ecuador"
"EC: Movimiento de la Concertación Nacional Democrática",4621,"MCDN","National Democratic Civic Movement","Ecuador"
"EC: Pachakutic",827,"MUPP — NP","Pachakutik Plurinational Unity Movement — New Country","Ecuador"
"EC: Pachakutic-Nuevo País",827,"MUPP — NP","Pachakutik Plurinational Unity Movement — New Country","Ecuador"
"EC: Partido Adelante Ecuatoriano Adelante",4199,"PA","Advance Party","Ecuador"
"EC: Partido Avanza",4199,"PA","Advance Party","Ecuador"
"EC: Partido Concentración de Fuerzas Populares (CFP)",4348,"CFP","Concentration of Popular Forces","Ecuador"
"EC: Partido Conservador (PC)",4349,"PCE","Ecuadorian Conservative Party","Ecuador"
"EC: Partido Conservador - Unidad Nacional (PUN)",4625,"UN-UNO","National Union Party - UNO","Ecuador"
"EC: Partido Fuerza Ecuador",8614,"FE","Ecuador's Force","Ecuador"
"EC: Partido Liberal (PL)",7491,"PL","Liberty Party // Freedom Party","Ecuador"
"EC: Partido Liberal Radical (PLR)",4270,"PLRE","Liberal Party/Eduadorian Radical Liberal Party","Ecuador"
"EC: Partido Renovador Inst. Acción Nacional (PRIAN)",1131,"PRIAN","Institutional Renewal Party of National Action","Ecuador"
"EC: Partido Renovador Institucional Acción Nacional (PRIAN)",1131,"PRIAN","Institutional Renewal Party of National Action","Ecuador"
"EC: Partido Roldosista Ecuatoriano (PRE)",1450,"PRE","Ecuadorian Roldosist Party","Ecuador"
"EC: Partido Social Cristiano (PSC)",950,"PSC","Social Christian Party [Movement]","Ecuador"
"EC: Partido Socialista Ecuatoriano (PSE)",885,"PS — FA","Partido Socialista — Frente Amplio","Ecuador"
"EC: Partido Socialista-Frente Amplio (PS-FA)",885,"PS — FA","Partido Socialista — Frente Amplio","Ecuador"
"EC: Partido Sociedad Patriotica 21 de Enero",246,"PSP","Patriotic Society Party","Ecuador"
"EC: Partido Sociedad Patriótica (PSP)",246,"PSP","Patriotic Society Party","Ecuador"
"EC: Partido Sociedad Patriótica 21 de Enero",246,"PSP","Patriotic Society Party","Ecuador"
"EC: Partido Una Nueva Opción (UNO)",4625,"UN-UNO","National Union Party - UNO","Ecuador"
"EC: Partido de Unión Republicana (PUR)",4271,"PUR","Republican Unity Party","Ecuador"
"Ecuador Force",8614,"FE","Ecuador's Force","Ecuador"
"Ecuadorian",,,,"Ecuador"
"Ecuadorian Roldosist Party",1450,"PRE","Ecuadorian Roldosist Party","Ecuador"
"PAIS Alliance",4044,"PAIS","PAIS Alliance","Ecuador"
"Partido Renovador Institucional Acción Nacional",1131,"PRIAN","Institutional Renewal Party of National Action","Ecuador"
"Patriotic Society Party",246,"PSP","Patriotic Society Party","Ecuador"
"Rupture Movement",4201,"MR","Rupture Movement","Ecuador"
"Social Christian Party [Movement]",950,"PSC","Social Christian Party [Movement]","Ecuador"
"Suma, More Action United Society Movement",4202,"SUMA","Suma, More Action United Society Movement","Ecuador"
"Warrior Wood Civic Movement",,,,"Ecuador"
"Ahmad Shafiq",,,,"Egypt"
"Ahrar Party",,,,"Egypt"
"Al Dustour",,,,"Egypt"
"Al Ghad (tomorrow)",6289,"EP","Tomorrow Party","Egypt"
"Al Ghad (tomorrow) party",6289,"EP","Tomorrow Party","Egypt"
"Al-Nour Party",5128,"HaN","Al-Nour Party","Egypt"
"Al-Wasat Party",,,,"Egypt"
"Arab Democratic Nasserist Party",,,,"Egypt"
"Authenticity Party",,,,"Egypt"
"Building and Development Party",,,,"Egypt"
"Center Party",,,,"Egypt"
"Change and Development Party",,,,"Egypt"
"Civilization Party",,,,"Egypt"
"Conference Party",,,,"Egypt"
"Conference Party (Amro Musa)",,,,"Egypt"
"Conservative Party",,,,"Egypt"
"Constitution Party",,,,"Egypt"
"Delegation Party (Wafd)",6506,"WP","Wafd Party","Egypt"
"Democratic Front Party",,,,"Egypt"
"Democratic Nasserist Party",,,,"Egypt"
"Democratic Peace Party",,,,"Egypt"
"Democratic Union Party",,,,"Egypt"
"Dignity Party",,,,"Egypt"
"Egypt 2000 Party",,,,"Egypt"
"Egypt Justice Party",,,,"Egypt"
"Egypt Unity Democratic Party",,,,"Egypt"
"Egypt Youth Party",,,,"Egypt"
"Egyptian Arab Socialist Party",,,,"Egypt"
"Egyptian Cavaliers Party",,,,"Egypt"
"Egyptian Current Party",,,,"Egypt"
"Egyptian Liberation Party",,,,"Egypt"
"Egyptian Popular Current",,,,"Egypt"
"Egyptian Revolution Party",,,,"Egypt"
"Egyptian Social Democratic Party",8038,"HMDI","Egyptian Social Democratic Party","Egypt"
"Egyptian Socialist Party",,,,"Egypt"
"Egyptian Victory Party",,,,"Egypt"
"El-Ghad Party",,,,"Egypt"
"Flag Party (Hazem Salah Abo Ismail)",,,,"Egypt"
"Free Egyptians Party",5871,"FEP","Free Egyptians Party","Egypt"
"Free Republican Party",,,,"Egypt"
"Free Social Constitutional Party",,,,"Egypt"
"Freedom Egypt Party",,,,"Egypt"
"Freedom Party",,,,"Egypt"
"Freedom and Justice Party",5129,"FJP","Freedom and Justice Party","Egypt"
"Freedom and Justice Party (Mohammad Morsi)",5129,"FJP","Freedom and Justice Party","Egypt"
"Ghad Al-Thawra Party",,,,"Egypt"
"Homeland Defenders Party",,,,"Egypt"
"June 30th Party",,,,"Egypt"
"Justice Party",,,,"Egypt"
"Liberal Egyptian Party",,,,"Egypt"
"Liberal Socialists Party",7107,"HAI","Liberal Socialists Party","Egypt"
"Light Party",,,,"Egypt"
"Masr Balady Party",,,,"Egypt"
"Muslim Brotherhood",2371,"MB","Muslim Brotherhood","Egypt"
"Nasari Party",,,,"Egypt"
"Nation's Future Party",6930,"NFP","Nation's Future Party","Egypt"
"National Conciliation Party",,,,"Egypt"
"National Egyptian Movement Party",,,,"Egypt"
"National Party of Egypt",8111,"WP","National Party","Egypt"
"National Progressive Unionist Grouping",2372,"NPUP","National Progressive Unionist Party","Egypt"
"National Progressive Unionist Party",2372,"NPUP","National Progressive Unionist Party","Egypt"
"National party",8111,"WP","National Party","Egypt"
"New Center Party",,,,"Egypt"
"New Free Constitutional Party",,,,"Egypt"
"New Wafd Party",2303,"Wafd","New Wafd Party","Egypt"
"Party of the Light (Al-Nour)",5128,"HaN","Al-Nour Party","Egypt"
"People's Democratic Party",,,,"Egypt"
"Popular Current Party (Hamdeen Sabahi)",,,,"Egypt"
"Popular Socialist Alliance Party",,,,"Egypt"
"Reform and Renaissance Party",,,,"Egypt"
"Renaissance Party",,,,"Egypt"
"Republican People's Party",,,,"Egypt"
"Revolution Egypt Party",,,,"Egypt"
"Revolution's Tomorrow Party",,,,"Egypt"
"Sadat Democratic Party",,,,"Egypt"
"Social Justice Party",,,,"Egypt"
"Socialist Popular Alliance Party",,,,"Egypt"
"Solidarity Party",,,,"Egypt"
"Strong Egypt Party",,,,"Egypt"
"Strong Egypt Party (Abdel Moneim Aboul Fotouh)",,,,"Egypt"
"Tagammu Party",2372,"NPUP","National Progressive Unionist Party","Egypt"
"Tagma Party",2372,"NPUP","National Progressive Unionist Party","Egypt"
"The Democratic Generation Party",,,,"Egypt"
"The Homeland Party",,,,"Egypt"
"The Justice party",,,,"Egypt"
"The Naserite Arab Democratic party",,,,"Egypt"
"The National Democratic Party",2370,"HDW","National Democratic Party","Egypt"
"The National Progressive United Gathering",2372,"NPUP","National Progressive Unionist Party","Egypt"
"The New wafd party",2303,"Wafd","New Wafd Party","Egypt"
"The Tomorrow Party",6289,"EP","Tomorrow Party","Egypt"
"The army",,,,"Egypt"
"Umma Party",,,,"Egypt"
"Victory Party",,,,"Egypt"
"Virtue Party",,,,"Egypt"
"Wafd Party",6506,"WP","Wafd Party","Egypt"
"Wasat Party",,,,"Egypt"
"Whafd Party",6506,"WP","Wafd Party","Egypt"
"Workers Democratic Party",,,,"Egypt"
"al-Asala Party",,,,"Egypt"
"al-Ghad",6289,"EP","Tomorrow Party","Egypt"
"an-Nour Party",5128,"HaN","Al-Nour Party","Egypt"
"ARENA",1709,"ARENA","Nationalist Republican Alliance","El Salvador"
"Alianza Republicana Nacionalista",1709,"ARENA","Nationalist Republican Alliance","El Salvador"
"Cambio democrático",1456,"CD","Democratic Change","El Salvador"
"Christian Democratic Party",11,"PDC","Christian Democratic Party","El Salvador"
"Concertación Nacional",686,"PCN","National Conciliation [Coalition] Party","El Salvador"
"Democratic Action Party",6211,"AD","Democratic Action Party","El Salvador"
"FMLN",978,"FMLN","Farabundo Martí National Liberation Front","El Salvador"
"Farabundo Marti National Liberation Front",978,"FMLN","Farabundo Martí National Liberation Front","El Salvador"
"Fraternidad Patriota Salvadoreña",,,,"El Salvador"
"Frente Farabundo Martí para la Liberación Nacional",978,"FMLN","Farabundo Martí National Liberation Front","El Salvador"
"Gran Alianza por la Unidad Nacional",4224,"GANA","Grand Alliance for National Unity","El Salvador"
"Gran Alianza por la Unidad Nacionañ",4224,"GANA","Grand Alliance for National Unity","El Salvador"
"Grand Alliance for National Unity",4224,"GANA","Grand Alliance for National Unity","El Salvador"
"LIDER",,,,"El Salvador"
"Let's Go",,,,"El Salvador"
"Nationalist Republican Alliance",1709,"ARENA","Nationalist Republican Alliance","El Salvador"
"New Ideas",8085,"NI","New Ideas","El Salvador"
"Partido Democratico Cristiano",11,"PDC","Christian Democratic Party","El Salvador"
"Partido Democrático Cristiano",11,"PDC","Christian Democratic Party","El Salvador"
"Partido Salvadoreño Progresista",,,,"El Salvador"
"SV: Alianza Republicana Nacionalista (ARENA)",1709,"ARENA","Nationalist Republican Alliance","El Salvador"
"SV: Centro Democrata Unido (CDU)",4226,"CDU","United Democratic Center","El Salvador"
"SV: Centro Demócrata Unido (CDU)",4226,"CDU","United Democratic Center","El Salvador"
"SV: Concertacion Nacional (CN)",686,"PCN","National Conciliation [Coalition] Party","El Salvador"
"SV: Frente Democrático Revolucionario (FDR)",,,,"El Salvador"
"SV: Frente Farabundo Marti para la Liberacion Nacional  (FMLN)",978,"FMLN","Farabundo Martí National Liberation Front","El Salvador"
"SV: Frente Farabundo Martí para la Liberación Nacional  (FML",978,"FMLN","Farabundo Martí National Liberation Front","El Salvador"
"SV: Frente Farabundo Martí para la Liberación Nacional  (FMLN)",978,"FMLN","Farabundo Martí National Liberation Front","El Salvador"
"SV: Frente Farabundo Martí para la Liberación Nacional (FMLN",978,"FMLN","Farabundo Martí National Liberation Front","El Salvador"
"SV: Fuerza Cristiana",,,,"El Salvador"
"SV: Gran Alianza por la Unidad Nacional (GANA)",4224,"GANA","Grand Alliance for National Unity","El Salvador"
"SV: Liga Democrática Republicana (LIDER)",,,,"El Salvador"
"SV: Movimiento Auténtico Cristiano (MAC)",,,,"El Salvador"
"SV: Movimiento Estable Republicano Centrista (MERECEN)",,,,"El Salvador"
"SV: Movimiento Renovador (MR)",,,,"El Salvador"
"SV: Movimiento de Solidaridad Nacional (MSN)",,,,"El Salvador"
"SV: Nuevas Ideas",8085,"NI","New Ideas","El Salvador"
"SV: Partido Acción Demócrata (AD)",6211,"AD","Democratic Action Party","El Salvador"
"SV: Partido Demócrata (PD)",,,,"El Salvador"
"SV: Partido Demócrata Cristiano (PDC)",11,"PDC","Christian Democratic Party","El Salvador"
"SV: Partido Nacional Liberal (PNL)",,,,"El Salvador"
"SV: Partido de Concertación Nacional o Partido de Conciliaci",686,"PCN","National Conciliation [Coalition] Party","El Salvador"
"SV: Partido de Conciliación Nacional (PCN)",686,"PCN","National Conciliation [Coalition] Party","El Salvador"
"SV: Partido de Orientación Popular (POP)",,,,"El Salvador"
"SV: Pueblo Unido Nuevo Trato (PUNTO)",,,,"El Salvador"
"USC",,,,"El Salvador"
"Arengupartei",,,,"Estonia"
"Conservative People's Party of Estonia",4094,"EKRE","Conservative People's Party","Estonia"
"Eesti 200",7340,"E200","Estonia 200","Estonia"
"Eesti Demokraatlik Liit",,,,"Estonia"
"Eesti Demokraatlik Toepartei",,,,"Estonia"
"Eesti Iseseisvuspartei",8922,"EIP","Estonian Independence Party","Estonia"
"Eesti Keskerakond",533,"EK","Estonian Centre Party","Estonia"
"Eesti Keskerakond (EK) - Estonian Centre Party",533,"EK","Estonian Centre Party","Estonia"
"Eesti Konservatiivne Rahvaerakond",4094,"EKRE","Conservative People's Party","Estonia"
"Eesti Konservatiivne Rahvaerakond (Eestimaa Rahvaliit)",4094,"EKRE","Conservative People's Party","Estonia"
"Eesti Konservatiivne Rahvaerakond (endine Rahvaliit)",4094,"EKRE","Conservative People's Party","Estonia"
"Eesti Koonderakond - Estonian Coalition Party",1556,"EKK","Estonian Coalition Party","Estonia"
"Eesti Kristlikud Demokraadid",790,"EKD","Estonian Christian Democrats","Estonia"
"Eesti Maaliit (EM)",8989,"EM","Estonian Country Union","Estonia"
"Eesti Maarahva Erakond (EME) - Estonian Country Peopleas Party",174,"EME","Estonian Country People's Party","Estonia"
"Eesti Pensionaeride ja Perede Liit (PPL)",,,,"Estonia"
"Eesti Rahva jaegerpartei",,,,"Estonia"
"Eesti Rahvuslaste Keskliit",,,,"Estonia"
"Eesti Reformierakond",821,"ER","Estonian Reform Party","Estonia"
"Eesti Reformierakond (RE) - Estonian Reform Party",821,"ER","Estonian Reform Party","Estonia"
"Eesti Rojalistik Partei",1361,"SK","Independent Royalists","Estonia"
"Eesti Sinine Erakond (ESE) - Estonian Blue Party",1973,"ESE","Estonian Blue Party","Estonia"
"Eesti Vabaerakond",3271,"EV","Estonian Free Party","Estonia"
"Eesti talurahva Erakond",175,"ETRE","Estonian Farmers' Party","Estonia"
"Eestimaa Rahvaliit",110,"ERL","People's Union of Estonia","Estonia"
"Eestimaa Ühendatud Vasakpartei",9124,"EUV","Estonian United Left Party","Estonia"
"Erakond AEesti RohelisedA (ER)",1040,"EER","Estonian Greens","Estonia"
"Erakond Eesti Kodu",,,,"Estonia"
"Erakond Eesti Kristlikud Demokraadid",790,"EKD","Estonian Christian Democrats","Estonia"
"Erakond Eestimaa Rohelised",1040,"EER","Estonian Greens","Estonia"
"Erakond Isamaa ja Res Publica Liit",685,"IRL","Union of Pro Patria and Res Publica","Estonia"
"Estonian Centre Party",533,"EK","Estonian Centre Party","Estonia"
"Estonian Christian Democrats",790,"EKD","Estonian Christian Democrats","Estonia"
"Estonian Free Party",3271,"EV","Estonian Free Party","Estonia"
"Estonian Greens",1040,"EER","Estonian Greens","Estonia"
"Estonian Greens Party",1040,"EER","Estonian Greens","Estonia"
"Estonian Independence Party",8922,"EIP","Estonian Independence Party","Estonia"
"Estonian People's Union",110,"ERL","People's Union of Estonia","Estonia"
"Estonian Peoples Union",110,"ERL","People's Union of Estonia","Estonia"
"Estonian Reform Party",821,"ER","Estonian Reform Party","Estonia"
"Estonian Social Democratic Party",1150,"SDE — M","Social Democratic Party — Moderates","Estonia"
"Estonian Social Democrats",1150,"SDE — M","Social Democratic Party — Moderates","Estonia"
"Estonian United Left Party",9124,"EUV","Estonian United Left Party","Estonia"
"Estonian United People's Party",18,"K — EUR","Constitution Party — Estonian United People's Party","Estonia"
"For an independent candidate",,,,"Estonia"
"Independence Party",8922,"EIP","Estonian Independence Party","Estonia"
"Isamaa Erakond",779,"I","Pro Patria Union","Estonia"
"Isamaa ja Res Publica Liit",685,"IRL","Union of Pro Patria and Res Publica","Estonia"
"Isamaaliit (I) - Pro Patria",779,"I","Pro Patria Union","Estonia"
"Konservatiivne Rahvaerakond (endie Rahvaliit)",4094,"EKRE","Conservative People's Party","Estonia"
"Metsaerakond",,,,"Estonia"
"Moodukad (M) - Moderates",1150,"SDE — M","Social Democratic Party — Moderates","Estonia"
"Party Res Publica",491,"UVE/RP","Union for the Republic / Res Publica Party","Estonia"
"Party of Estonian Christian Democrats",790,"EKD","Estonian Christian Democrats","Estonia"
"Party of People's Unity",,,,"Estonia"
"People Party of Republicans and Conservatives",,,,"Estonia"
"Pollumeeste Kogu",831,"PK","Union of Farmers","Estonia"
"Pro Patria Union",779,"I","Pro Patria Union","Estonia"
"Pro Patria and Res Publica Union",685,"IRL","Union of Pro Patria and Res Publica","Estonia"
"Rahva Ühtsuse Erakond",,,,"Estonia"
"Res Publica",491,"UVE/RP","Union for the Republic / Res Publica Party","Estonia"
"Russian Party in Estonia",1975,"VEE","Russian Party in Estonia","Estonia"
"Social Democratic Party",1150,"SDE — M","Social Democratic Party — Moderates","Estonia"
"Social Democratic Party -- Moderates",1150,"SDE — M","Social Democratic Party — Moderates","Estonia"
"Sotsiaaldemokraatlik Erakond",1150,"SDE — M","Social Democratic Party — Moderates","Estonia"
"The Estonian Centre Party",533,"EK","Estonian Centre Party","Estonia"
"The People's Union of Estonia",110,"ERL","People's Union of Estonia","Estonia"
"The Social Democratic Party",1150,"SDE — M","Social Democratic Party — Moderates","Estonia"
"Tuleviku Eesti Erakond (TEE)",429,"TEE","Estonian Future Party","Estonia"
"Union of Pro Patria and Res Publica",685,"IRL","Union of Pro Patria and Res Publica","Estonia"
"Vene Erakond Eestis",1975,"VEE","Russian Party in Estonia","Estonia"
"Vene Erakond Eestis (VEE) - Russian Party in Estonia",1975,"VEE","Russian Party in Estonia","Estonia"
"Afar National Democratic Party",4326,"ANDP","Afar National Democratic Party","Ethiopia"
"All Ethiopian Unity Party",,,,"Ethiopia"
"All-Amhara Peoples Organization",,,,"Ethiopia"
"Amhara National Democratic Movement",5827,"ANDM","Amhara National Democratic Movement","Ethiopia"
"Benishangul Gumuz Peoples Democratic Unity Front",4327,"BGPDUF","Benishangul Gumuz People's Democratic Unity Front","Ethiopia"
"Biltsegena Party",,,,"Ethiopia"
"Coalition for Unity and Democracy",4323,"CUD|CDU","Coalition for Unity and Democracy","Ethiopia"
"EFDUF (Ethiopian Federlist Democrtic Unity Party)",5629,"Forum","Ethiopian Federal Democratic Unity Forum","Ethiopia"
"EHAN (Ethiopia National Movement )",,,,"Ethiopia"
"EPRDF (TPLF, OPDO, ANDM, SEPDM)",,,,"Ethiopia"
"EZEMA (Ethiopian Citizens for Social Justice)",,,,"Ethiopia"
"Enat Party",,,,"Ethiopia"
"Ethiopian Citizens for Social Justice",,,,"Ethiopia"
"Ethiopian Citizens for Social Justice Party, EZEMA",,,,"Ethiopia"
"Ethiopian Democratic League",,,,"Ethiopia"
"Ethiopian Democratic Unity Party",,,,"Ethiopia"
"Ethiopian Federal Democratic Unity Party, Medrek",5629,"Forum","Ethiopian Federal Democratic Unity Forum","Ethiopia"
"Ethiopian Peoples Revolutionary Democratic Front",4322,"EPRDF","Ethiopian People's Revolutionary Democratic Front","Ethiopia"
"Ethiopian Social Democratic Federal Party",,,,"Ethiopia"
"Ethiopian Social-Democratic Party",,,,"Ethiopia"
"Hibir Ethiopia Democratic Party",,,,"Ethiopia"
"KFO",,,,"Ethiopia"
"National Moveent of Amhara",,,,"Ethiopia"
"Ogaden National Liberation Front",,,,"Ethiopia"
"Oromo Federalist Congress",,,,"Ethiopia"
"Oromo Federalist Congresss",,,,"Ethiopia"
"Oromo Federalist Democratic Movement",4325,"OFDM","Oromo Federalist Democratic Movement","Ethiopia"
"Oromo Liberation Front",,,,"Ethiopia"
"Oromo Liberation Front (OLF)",,,,"Ethiopia"
"Oromo National Congress",,,,"Ethiopia"
"Oromo Peoples Democratic Organization",5836,"OPDO","Oromo Peoples' Democratic Organization","Ethiopia"
"Prosperity Party",,,,"Ethiopia"
"Rainbow Ethiopia: Movement for Democracy and Social Justice",,,,"Ethiopia"
"Somali Peoples Democratic Party",4321,"SPDP","Somali People's Democratic Party","Ethiopia"
"Southern Ethiopia Peoples Democratic Coalition",,,,"Ethiopia"
"Southern Ethiopian Peoples Democratic Movement",6589,"SEPDM","Southern Ethiopia People's Democratic Movement","Ethiopia"
"Tigray People Liberation Front (TPLF)",5843,"TPLF","Tigrayan People's Liberation Front","Ethiopia"
"Tigrayan People's Liberation Front",5843,"TPLF","Tigrayan People's Liberation Front","Ethiopia"
"Tigrayan Peoples Liberation Front",5843,"TPLF","Tigrayan People's Liberation Front","Ethiopia"
"United Ethiopian Democratic Forces",4324,"UEDF","United Ethiopian Democratic Forces","Ethiopia"
"United Ethiopian Democratic Party-Medhin Party",,,,"Ethiopia"
"Animal Justice Party",,,,"Finland"
"Blue Reform",5859,"UV/SIN","New Alternative / Blue Reform","Finland"
"Center Party",901,"KESK","Agrarian Union / Centre Party","Finland"
"Center Party of Finland",901,"KESK","Agrarian Union / Centre Party","Finland"
"Center party",901,"KESK","Agrarian Union / Centre Party","Finland"
"Center party - KESK",901,"KESK","Agrarian Union / Centre Party","Finland"
"Centre Party - Suomen Keskusta (KESK)",901,"KESK","Agrarian Union / Centre Party","Finland"
"Centre Party of FI",901,"KESK","Agrarian Union / Centre Party","Finland"
"Centre Party of FIN",901,"KESK","Agrarian Union / Centre Party","Finland"
"Centre Party of Finland",901,"KESK","Agrarian Union / Centre Party","Finland"
"Centre Party of Finland (KESK)",901,"KESK","Agrarian Union / Centre Party","Finland"
"Centre Party of Finland (centre, big, conservative)",901,"KESK","Agrarian Union / Centre Party","Finland"
"Centre Party of Finland (centre, big, conservative) - KESK",901,"KESK","Agrarian Union / Centre Party","Finland"
"Centre Party of Finland - KESK",901,"KESK","Agrarian Union / Centre Party","Finland"
"Centre Prty o Finland",901,"KESK","Agrarian Union / Centre Party","Finland"
"Change 2011",,,,"Finland"
"Christian Democrats",703,"KD","Christian Democrats / League","Finland"
"Christian Democrats (KD)",703,"KD","Christian Democrats / League","Finland"
"Christian Democrats - KD",703,"KD","Christian Democrats / League","Finland"
"Christian Democrats in Finland",703,"KD","Christian Democrats / League","Finland"
"Christian Democrats in Finland - Suomen Kristillisdemokraatit (KD)",703,"KD","Christian Democrats / League","Finland"
"Christian League",703,"KD","Christian Democrats / League","Finland"
"Christian League of Finland",703,"KD","Christian Democrats / League","Finland"
"Christian League of Finland (right, medium, religious)",703,"KD","Christian Democrats / League","Finland"
"Christian democrats",703,"KD","Christian Democrats / League","Finland"
"Communist Party",7030,"SKP","Communist Party of Finland","Finland"
"Communist Party of Finland",7030,"SKP","Communist Party of Finland","Finland"
"Constitutional Party of the Right",414,"POP","Constitutional Right Party","Finland"
"Crystal Party",,,,"Finland"
"Feminist Party",,,,"Finland"
"Finnish Senior Citizen Party",1573,"SEP","Finnish Pensioners' Party","Finland"
"Finnish Social Democratic Party",1303,"SDP","Social Democratic Party of Finland","Finland"
"Finnish Workers Party",,,,"Finland"
"Finns Party",1689,"SP/PS","Finns Party / True Finns","Finland"
"Finns Party - Perussuomalaiset (PS)",1689,"SP/PS","Finns Party / True Finns","Finland"
"For Peace and Socialism - Communist Worker's Party",1904,"SSTP","Communist Party of Finland / Socialist Workers' (Small Holders) Party","Finland"
"For the poor",,,,"Finland"
"Freedom Alliance",,,,"Finland"
"För Åland",,,,"Finland"
"Green League",479,"VIHR","Green League","Finland"
"Green League (VIHR)",479,"VIHR","Green League","Finland"
"Green League (centre, medium, progressive)",479,"VIHR","Green League","Finland"
"Green League (centre, medium, progressive) - VIHR",479,"VIHR","Green League","Finland"
"Green League - VIHR",479,"VIHR","Green League","Finland"
"Green League - Vihreä liitto (VIHR)",479,"VIHR","Green League","Finland"
"Green league",479,"VIHR","Green League","Finland"
"Independence Party",,,,"Finland"
"Jokin muu ryhmittyma",,,,"Finland"
"Kansallinen kokoomus",495,"KOK","National Coalition Party","Finland"
"Kristillisdemokraatit",703,"KD","Christian Democrats / League","Finland"
"Left Alliance",1044,"VAS","Left Alliance","Finland"
"Left Alliance (VAS)",1044,"VAS","Left Alliance","Finland"
"Left Alliance (left, medium, progressive)",1044,"VAS","Left Alliance","Finland"
"Left Alliance (left, medium, progressive) - VAS",1044,"VAS","Left Alliance","Finland"
"Left Alliance - VAS",1044,"VAS","Left Alliance","Finland"
"Left Alliance - Vasemmistoliitto (VAS)",1044,"VAS","Left Alliance","Finland"
"Left alliance",1044,"VAS","Left Alliance","Finland"
"Liberal Party - Freedom to Choose",,,,"Finland"
"Liberal People's Party",249,"L","Liberal People's Party","Finland"
"Liberal Peoples party",249,"L","Liberal People's Party","Finland"
"Liberals, (The liberal party of Finland)",249,"L","Liberal People's Party","Finland"
"Movement Now",8639,"LN","Movement Now","Finland"
"NUSU (Nuorsuomalainen Puolue)",856,"NSP","Young Finns","Finland"
"Nat Coalition Party",495,"KOK","National Coalition Party","Finland"
"National Coalition Party",495,"KOK","National Coalition Party","Finland"
"National Coalition Party (KOK)",495,"KOK","National Coalition Party","Finland"
"National Coalition Party (rght, big, conservative)",495,"KOK","National Coalition Party","Finland"
"National Coalition Party (right, big, conservative) - KOK",495,"KOK","National Coalition Party","Finland"
"National Coalition Party - KOK",495,"KOK","National Coalition Party","Finland"
"National Coalition Party - Kansallinen Kokoomus (KOK)",495,"KOK","National Coalition Party","Finland"
"National Coalition Prty",495,"KOK","National Coalition Party","Finland"
"Natural law party",,,,"Finland"
"Open Party",,,,"Finland"
"Pensioners party",1573,"SEP","Finnish Pensioners' Party","Finland"
"Perussuomalaiset",1689,"SP/PS","Finns Party / True Finns","Finland"
"Pirate Party",9148,"P","Pirate Party","Finland"
"Pirate Party of Finland",9148,"P","Pirate Party","Finland"
"Reform Group",250,"Rt","Reform Group","Finland"
"Reform Group (centre, small, progressive)",250,"Rt","Reform Group","Finland"
"Remonttiryhm{",250,"Rt","Reform Group","Finland"
"Ruotsalainen Kansanpuolue",1229,"RKP/SFP","Swedish People's Party of Finland","Finland"
"Rural party",3202,"SMP","Finnish Rural Party","Finland"
"SKL (Suomen Kirstillinen Liitto)",703,"KD","Christian Democrats / League","Finland"
"Senior Citizens' Party",1573,"SEP","Finnish Pensioners' Party","Finland"
"Social Democr Party",1303,"SDP","Social Democratic Party of Finland","Finland"
"Social Democratic Party",1303,"SDP","Social Democratic Party of Finland","Finland"
"Social Democratic Party (SDP)",1303,"SDP","Social Democratic Party of Finland","Finland"
"Social Democratic Party - SDP",1303,"SDP","Social Democratic Party of Finland","Finland"
"Social Democratic Party of Finland",1303,"SDP","Social Democratic Party of Finland","Finland"
"Social Democratic Party of Finland - SDP",1303,"SDP","Social Democratic Party of Finland","Finland"
"Social Democratic Party of Finland - Suomen Sosialidemokraattinen Puolue (SDP)",1303,"SDP","Social Democratic Party of Finland","Finland"
"Social democratic party",1303,"SDP","Social Democratic Party of Finland","Finland"
"Suomen Keskusta",901,"KESK","Agrarian Union / Centre Party","Finland"
"Suomen Sosialdemokraattinen puolue",1303,"SDP","Social Democratic Party of Finland","Finland"
"Swedish People Party in Finland",1229,"RKP/SFP","Swedish People's Party of Finland","Finland"
"Swedish People's Party (SFP/ RKP)",1229,"RKP/SFP","Swedish People's Party of Finland","Finland"
"Swedish People's Party - SFP/RKP",1229,"RKP/SFP","Swedish People's Party of Finland","Finland"
"Swedish People's Party in Finland",1229,"RKP/SFP","Swedish People's Party of Finland","Finland"
"Swedish People's Party in Finland - RKP",1229,"RKP/SFP","Swedish People's Party of Finland","Finland"
"Swedish People's Party in Finland - Suomen ruotsalainen kansanpuolue (RKP)",1229,"RKP/SFP","Swedish People's Party of Finland","Finland"
"Swedish Peoples Party",1229,"RKP/SFP","Swedish People's Party of Finland","Finland"
"Swedish Peoples Party - SFP/ RKP",1229,"RKP/SFP","Swedish People's Party of Finland","Finland"
"Swedish Peoples Party - SFP/RKP",1229,"RKP/SFP","Swedish People's Party of Finland","Finland"
"Swedish Peoples Party in Finland",1229,"RKP/SFP","Swedish People's Party of Finland","Finland"
"Swedish Peoples Party in Finland - RKP",1229,"RKP/SFP","Swedish People's Party of Finland","Finland"
"Swedish Peoples Prty",1229,"RKP/SFP","Swedish People's Party of Finland","Finland"
"Swedish People´s Party in Finland",1229,"RKP/SFP","Swedish People's Party of Finland","Finland"
"The Centre Party",901,"KESK","Agrarian Union / Centre Party","Finland"
"The Communist Workers' Party",1904,"SSTP","Communist Party of Finland / Socialist Workers' (Small Holders) Party","Finland"
"The Communist Workers' Party of Finland",1904,"SSTP","Communist Party of Finland / Socialist Workers' (Small Holders) Party","Finland"
"The Finns Party",1689,"SP/PS","Finns Party / True Finns","Finland"
"The Green League",479,"VIHR","Green League","Finland"
"The Independence Party",,,,"Finland"
"The Left Alliance",1044,"VAS","Left Alliance","Finland"
"The Liberal Party - Freedom to Choose",249,"L","Liberal People's Party","Finland"
"The National Coalition Party",495,"KOK","National Coalition Party","Finland"
"The Swedish People's Party (SPP)",1229,"RKP/SFP","Swedish People's Party of Finland","Finland"
"The Swedish People´s Party (SPP)",1229,"RKP/SFP","Swedish People's Party of Finland","Finland"
"True Finns",1689,"SP/PS","Finns Party / True Finns","Finland"
"True Finns (PS)",1689,"SP/PS","Finns Party / True Finns","Finland"
"True Finns (right, small, conservative)",1689,"SP/PS","Finns Party / True Finns","Finland"
"True Finns (right, small, conservative) - PS",1689,"SP/PS","Finns Party / True Finns","Finland"
"True Finns - PS",1689,"SP/PS","Finns Party / True Finns","Finland"
"Vasemmistoliitto",1044,"VAS","Left Alliance","Finland"
"Vihre{ liitto",479,"VIHR","Green League","Finland"
"Workers Party",,,,"Finland"
"Workers' Party",,,,"Finland"
" Parti Socialiste (Socialist Party) (PS)",1478,"PS","Socialist Party","France"
"9999990. OTHER LEFT WING CANDIDATE/PARTY",126,"d-g","other left","France"
"Act – The constructive right",9132,"Agir","Act, the constructive right","France"
"Arise the Republic - DLR",3207,"DLF","France Arise","France"
"Arise the Republic - DLR - Nicolas Dupont-Aignan",3207,"DLF","France Arise","France"
"Arise the Republic/ Debout la République - DLR / Nicolas Dupont-Aignan",3207,"DLF","France Arise","France"
"Autre (PRECISEZ)",,,,"France"
"Autre (precisez)",,,,"France"
"Autres mouvements écologistes",8657,"d-eco","other greens","France"
"Autres écologistes",8657,"d-eco","other greens","France"
"Blanc",,,,"France"
"CPNT (Chasse, Pêche, Nature et Traditions)",1313,"CPNT","Hunting, Fishing, Nature, Tradition","France"
"CPNT (Chasse, pêche, nature et traditions)",1313,"CPNT","Hunting, Fishing, Nature, Tradition","France"
"Centre des Democrates Sociaux (UDF, CDS)",3155,"CDS","Centre of Social Democrats","France"
"Communist Party",1251,"PCF","French Communist Party","France"
"Communist Party - PCF",1251,"PCF","French Communist Party","France"
"Communist party",1251,"PCF","French Communist Party","France"
"Communist party - PCF",1251,"PCF","French Communist Party","France"
"Conservative - UMP",1595,"UMP","Union for a Popular Movement","France"
"DL (Démocratie Libérale)",4364,"DL","Liberal Democracy","France"
"Debout la France",3207,"DLF","France Arise","France"
"Debout la France (DLF) – ""Stand up, France""",3207,"DLF","France Arise","France"
"Debout la France - DLF / Nicolas Dupont-Aignan",3207,"DLF","France Arise","France"
"Debout la Republique - DLR (Nicolas Dupont-Aignan)",3207,"DLF","France Arise","France"
"Democratic Movement",496,"MoDem","Democratic Movement","France"
"Democratic Movement - MoDem",496,"MoDem","Democratic Movement","France"
"Democratic Movement - MoDem - Francois Bayrou",496,"MoDem","Democratic Movement","France"
"Democratic Movement - MoDem - François Bayrou",496,"MoDem","Democratic Movement","France"
"Democratic Movement/ Mouvement démocrate - MoDem/ François Bayrou",496,"MoDem","Democratic Movement","France"
"Démocratice libérale",4364,"DL","Liberal Democracy","France"
"EELV (Europe Ecologie Les Verts)",5650,"EELV","Europe Ecology — The Greens","France"
"En Marche!",5857,"LaREM/RE","The Republic Onwards! / Renaissance","France"
"En Marche! (On The Move)",5857,"LaREM/RE","The Republic Onwards! / Renaissance","France"
"En Marche! (On The Move/Onward) (EM)",5857,"LaREM/RE","The Republic Onwards! / Renaissance","France"
"Europe Ecologie / Les verts",5650,"EELV","Europe Ecology — The Greens","France"
"Europe Ecology - The Greens",5650,"EELV","Europe Ecology — The Greens","France"
"Europe Ecology The Greens - Europe Ecologie Les Verts (EELV) / Yannick Jadot",5650,"EELV","Europe Ecology — The Greens","France"
"Europe Ecology – The Greens",5650,"EELV","Europe Ecology — The Greens","France"
"Europe Écologie / Les Verts",5650,"EELV","Europe Ecology — The Greens","France"
"Europe Écologie / Les Verts (Europe Ecology – the Greens)",5650,"EELV","Europe Ecology — The Greens","France"
"Extrême Gauche",1594,"exg","other far-left","France"
"FI (La France Insoumise)",5858,"FI","Unbowed France","France"
"FN (Front National)",433,"FN / RN","National Front / National Rally","France"
"FN (Front national)",433,"FN / RN","National Front / National Rally","France"
"Far left",1594,"exg","other far-left","France"
"Far left - LO-LCR/PT",,,,"France"
"Far right, National Front - FN",433,"FN / RN","National Front / National Rally","France"
"France Arise",3207,"DLF","France Arise","France"
"French Communist Party",1251,"PCF","French Communist Party","France"
"French Communist Party - Parti communiste français (PCF) / Fabien Roussel",1251,"PCF","French Communist Party","France"
"Front National",433,"FN / RN","National Front / National Rally","France"
"Green",1108,"V","Greens","France"
"Green Party",1108,"V","Greens","France"
"Green Party - EELV - Eva Joly",5650,"EELV","Europe Ecology — The Greens","France"
"Green party - EELV",5650,"EELV","Europe Ecology — The Greens","France"
"Green party - EELV - Eva Joly",5650,"EELV","Europe Ecology — The Greens","France"
"Green party/ Europe écologie les Verts -EELV/ Eva Joly",5650,"EELV","Europe Ecology — The Greens","France"
"Green, Ecologists",1108,"V","Greens","France"
"Green, Ecologists - VERTS",1108,"V","Greens","France"
"Génération.s",7342,"Gs","Generation.s, the movement","France"
"Horizons",9134,"H","Horizons","France"
"Hunting, Fishing, Nature and Tradtion",1313,"CPNT","Hunting, Fishing, Nature, Tradition","France"
"Hunting, Fishing, Nature, and Tradition",1313,"CPNT","Hunting, Fishing, Nature, Tradition","France"
"Indomitable France",5858,"FI","Unbowed France","France"
"Jose Bove - ran as an activist from 'After Globalization'",,,,"France"
"L'Union des Démocrates Indépendants (L'UDI)",3229,"UDI","Union of Democrats and Independents","France"
"L'Union des Démocrates Indépendants (L'UDI) (Union of Democrats and Independents)",3229,"UDI","Union of Democrats and Independents","France"
"L'Union des Démocrates Indépendants (UDI) de Jean-Louis Borloo",3229,"UDI","Union of Democrats and Independents","France"
"L'Union des Démocrates Indépendants (UDI) de Jean-Louis Borloo",3229,"UDI","Union of Democrats and Independents","France"
"L'Union des Démocrates Indépendants (UDI) de Jean-Louis Borloo",3229,"UDI","Union of Democrats and Independents","France"
"LCR (Ligue Communiste Révolutionnaire)",1506,"LCR","Revolutionary Communist League","France"
"LCR (Ligue communiste révolutionnaire)",1506,"LCR","Revolutionary Communist League","France"
"LCR (ligue communiste révolutionnaire)",1506,"LCR","Revolutionary Communist League","France"
"LO (Lutte Ouvrière)",617,"LO","Workers' Struggle","France"
"LO (Lutte ouvrière)",617,"LO","Workers' Struggle","France"
"LR (Les Republicains)",8168,"LR","The Republicans","France"
"LR (Les Républicains)",8168,"LR","The Republicans","France"
"LREM (La République en Marche)",5857,"LaREM/RE","The Republic Onwards! / Renaissance","France"
"La France Insoumise (Untamed France)",5858,"FI","Unbowed France","France"
"La France Insoumise - LFI (Jean-Luc Melenchon)",5858,"FI","Unbowed France","France"
"La France Insoumise - LFI / Jean-Luc Melenchon",5858,"FI","Unbowed France","France"
"La Republique En Marche! - LREM (Emmanuel Macron)",5857,"LaREM/RE","The Republic Onwards! / Renaissance","France"
"La Republique En Marche! - LREM / Emmanuel Macron",5857,"LaREM/RE","The Republic Onwards! / Renaissance","France"
"Le Front National",433,"FN / RN","National Front / National Rally","France"
"Le Front National (National Front)",433,"FN / RN","National Front / National Rally","France"
"Le Front National de Bruno Mégret",1634,"MNR","National Republican Movement","France"
"Le Front National de Jean-Marie Le Pen",433,"FN / RN","National Front / National Rally","France"
"Le Modem",496,"MoDem","Democratic Movement","France"
"Le Rassemblement National (RN, ex Front National)",433,"FN / RN","National Front / National Rally","France"
"Left Front",4363,"FDG","Left Front","France"
"Left Front - FG",4363,"FDG","Left Front","France"
"Left Front - FG - Jean-Luc Melenchon",4363,"FDG","Left Front","France"
"Left Front - FG - Jean-Luc Mélenchon",4363,"FDG","Left Front","France"
"Left Front/ Front de gauche - FG/ Jean-Luc Mélenchon",4363,"FDG","Left Front","France"
"Left Wing Extremist Parties (New Anticapitalist Party, Workers' Struggle, Independent Workers' Party)",,,,"France"
"Left Wing Extremist Parties (Revolutionnairy Communist League, Labour Class Combat, Workers Party - PT)",,,,"France"
"Les Centristes (The Centrists)",9133,"d-centre","other centre","France"
"Les Républicains",8168,"LR","The Republicans","France"
"Les Républicains (The Republicans)",8168,"LR","The Republicans","France"
"Les Républicains (The Republicans) (LR)",8168,"LR","The Republicans","France"
"Les Verts",1108,"V","Greens","France"
"Les Verts  Europe Ecologie",5650,"EELV","Europe Ecology — The Greens","France"
"Les verts",1108,"V","Greens","France"
"Liberal Democracy",4364,"DL","Liberal Democracy","France"
"Lutte Ouvrière (Workers' Struggle) (LO)",617,"LO","Workers' Struggle","France"
"Lutte Ouvrière, NPA",,,,"France"
"Lutte Ouvrière, NPA (Workers' Struggle)",,,,"France"
"MDC (Mouvement des citoyens)",3156,"MDC/PR","Citizens' Movement / Republican Alliance","France"
"MNR (Mouvement National Républicain)",1634,"MNR","National Republican Movement","France"
"MNR (Mouvement national républicain)",1634,"MNR","National Republican Movement","France"
"MODEM (Mouvement Démocrate)",496,"MoDem","Democratic Movement","France"
"MPF (Mouvement pour la France)",364,"MF","Movement for France","France"
"MPF de Philippe de Villiers",364,"MF","Movement for France","France"
"MRC (Mouvement Rèpublicain et Citoyen)",3156,"MDC/PR","Citizens' Movement / Republican Alliance","France"
"MRC (Mouvement républicain et citoyen)",3156,"MDC/PR","Citizens' Movement / Republican Alliance","France"
"Miscellaneous right",1776,"d-d","other right","France"
"MoDem (Mouvement Démocrate)",496,"MoDem","Democratic Movement","France"
"Mouvement Ecologique",8657,"d-eco","other greens","France"
"Mouvement Républicain et Citoyen (MRC) – ""Republican and Citizen Movement""",3156,"MDC/PR","Citizens' Movement / Republican Alliance","France"
"Mouvement Républicain et Citoyen (MRC) – « Republican and Citizen Movement »",3156,"MDC/PR","Citizens' Movement / Republican Alliance","France"
"Mouvement des Radicaux de Gauche (MRG)",1783,"PRG","Radical Party of the Left","France"
"Mouvement démocrate (MoDem) / Le Modem (Democratic Movement)",496,"MoDem","Democratic Movement","France"
"Mouvement démocrate (MoDem)/Le Modem (Democratic Movement)",496,"MoDem","Democratic Movement","France"
"Mouvement démocrate / Le Modem",496,"MoDem","Democratic Movement","France"
"Mouvement démocrate / Le Modem (Democratic Movement)",496,"MoDem","Democratic Movement","France"
"Mouvement démocrate- Modem",496,"MoDem","Democratic Movement","France"
"Movement for France",364,"MF","Movement for France","France"
"NPA (Nouveau Parti Anti-Capitaliste)",6684,"NPA","New Anticapitalist Party","France"
"NPA (Nouveau Parti Anti-capitaliste)",6684,"NPA","New Anticapitalist Party","France"
"National Front",433,"FN / RN","National Front / National Rally","France"
"National Front (far right)",433,"FN / RN","National Front / National Rally","France"
"National Front - FN",433,"FN / RN","National Front / National Rally","France"
"National Front - FN (Marine Le Pen)",433,"FN / RN","National Front / National Rally","France"
"National Front - FN - Marine Le Pen",433,"FN / RN","National Front / National Rally","France"
"National Front - FN / Marine Le Pen",433,"FN / RN","National Front / National Rally","France"
"National Front - Far right",433,"FN / RN","National Front / National Rally","France"
"National Front - Far right - FN",433,"FN / RN","National Front / National Rally","France"
"National Front - Rassemblement national (RN) / Marine Le Pen",433,"FN / RN","National Front / National Rally","France"
"National Front-Far right",433,"FN / RN","National Front / National Rally","France"
"National Front/ Front national - FN/ Marine Le Pen",433,"FN / RN","National Front / National Rally","France"
"National Republican Movement",1634,"MNR","National Republican Movement","France"
"National front - FN - Marine Le Pen",433,"FN / RN","National Front / National Rally","France"
"New Anticapitalist Party",6684,"NPA","New Anticapitalist Party","France"
"New Anticapitalist Party - NPA",6684,"NPA","New Anticapitalist Party","France"
"New Anticapitalist Party - NPA (Philippe Poutou)",6684,"NPA","New Anticapitalist Party","France"
"New Anticapitalist Party - NPA - Philippe Poutou",6684,"NPA","New Anticapitalist Party","France"
"New Anticapitalist Party - NPA / Philippe Poutou",6684,"NPA","New Anticapitalist Party","France"
"New Anticapitalist Party - Nouveau parti anticapitaliste (NPA) / Philippe Poutou",6684,"NPA","New Anticapitalist Party","France"
"New Anticapitalist Party/ Nouveau parti anticapitaliste - NPA/ Philippe Poutou",6684,"NPA","New Anticapitalist Party","France"
"New Center, Conservative - UMP",,,,"France"
"New Centre",1255,"NC","New Centre","France"
"New Centrist Party",1255,"NC","New Centre","France"
"Nous citoyens (NC) – ""Us citizens""",,,,"France"
"Nous citoyens (NC) – « Us citizens »",1255,"NC","New Centre","France"
"Nouveau Centre",1255,"NC","New Centre","France"
"Nouveau Parti Anticapitaliste (New Anticapitalist Party)",6684,"NPA","New Anticapitalist Party","France"
"Nouveau Parti Anticapitaliste (New Anticapitalist Party) (NPA)",6684,"NPA","New Anticapitalist Party","France"
"Nouvelle Donne (ND) – « New Deal »",,,,"France"
"Other Environmentalist Parties",8657,"d-eco","other greens","France"
"Other Left Wing Parties (Radical Leftist Party, Republicain's and Citizen's Movement",,,,"France"
"Other Right Wing Extremist Parties (The Patriots, National Republican Movement)",,,,"France"
"PC (Parti Communiste)",1251,"PCF","French Communist Party","France"
"PC (Parti communiste)",1251,"PCF","French Communist Party","France"
"PCF (Parti Communiste Francais)",1251,"PCF","French Communist Party","France"
"PCF (Parti Communiste Français)",1251,"PCF","French Communist Party","France"
"PG (Parti de Gauche)",8359,"PG","Left Party","France"
"PR (Parti Radical Valoisien)",14,"PR","Radical [Socialist] Party","France"
"PRG (Parti Radical de Gauche)",1783,"PRG","Radical Party of the Left","France"
"PRG (Parti radical de gauche)",1783,"PRG","Radical Party of the Left","France"
"PS (Parti Socialiste)",1478,"PS","Socialist Party","France"
"PS (Parti socialiste)",1478,"PS","Socialist Party","France"
"Parti Chrétien-Démocrate (PCD) – ""Christian-Democrat Party""",,,,"France"
"Parti Chrétien-Démocrate (PCD) – « Christian-Democrat Party »",,,,"France"
"Parti Communiste",1251,"PCF","French Communist Party","France"
"Parti Communiste Français",1251,"PCF","French Communist Party","France"
"Parti Communiste Français (French Communist Party)",1251,"PCF","French Communist Party","France"
"Parti Communiste Français (French Communist Party) (PCF)",1251,"PCF","French Communist Party","France"
"Parti Pirate (PP) – ""Pirate Party""",,,,"France"
"Parti Pirate (PP) – « Pirate Party »",,,,"France"
"Parti Radical de Gauche",1783,"PRG","Radical Party of the Left","France"
"Parti Radical de Gauche (PRG) – « Radical Left Wing Party »",1783,"PRG","Radical Party of the Left","France"
"Parti Republicain (UDF, RPR)",,,,"France"
"Parti Socialiste",1478,"PS","Socialist Party","France"
"Parti Socialiste (Socialist Party)",1478,"PS","Socialist Party","France"
"Parti Socialiste (Socialist Party) (PS)",1478,"PS","Socialist Party","France"
"Parti Socialiste (Socialist Party) (PS)",1478,"PS","Socialist Party","France"
"Parti communiste",1251,"PCF","French Communist Party","France"
"Parti de Gauche",8359,"PG","Left Party","France"
"Parti de Gauche (Left Party)",8359,"PG","Left Party","France"
"Parti de Gauche (Left Party) (PG)",8359,"PG","Left Party","France"
"Parti de Gauche de Jean Luc Mélenchon",8359,"PG","Left Party","France"
"Parti républicain, radical et radical-socialiste (Radical Party)",14,"PR","Radical [Socialist] Party","France"
"Parti socialiste",1478,"PS","Socialist Party","France"
"Popular Republican Union - UPR (Francois Asselineau)",7344,"UPR","Popular Republican Union","France"
"Popular Republican Union - UPR / Francois Asselineau",7344,"UPR","Popular Republican Union","France"
"RPF (Rassemblement du Peuple Français)",8042,"RF","Rally of the French People","France"
"RPR (Conservative right)",509,"RPR","Rally for the Republic","France"
"RPR-Conservative",509,"RPR","Rally for the Republic","France"
"Radical Party of the Left",1783,"PRG","Radical Party of the Left","France"
"Rally For The Republic",509,"RPR","Rally for the Republic","France"
"Rassemblement Pour la Républicue",509,"RPR","Rally for the Republic","France"
"Rassemblement national (National Front/National Rally) (NF)",433,"FN / RN","National Front / National Rally","France"
"Reconquest - Reconquete / Eric Zemmour",9064,"R!","Reconquest","France"
"Reconquête !",9064,"R!","Reconquest","France"
"Renaissance",5857,"LaREM/RE","The Republic Onwards! / Renaissance","France"
"Renaissance (ex La République en Marche !)",5857,"LaREM/RE","The Republic Onwards! / Renaissance","France"
"Republic Arise - DLR (Nicolas Dupont-Aignan)",3207,"DLF","France Arise","France"
"Republic Arise - Debout la Republique (DLR) / Nicolas Dupont-Aignan",3207,"DLF","France Arise","France"
"Republican And Civic Movement",3156,"MDC/PR","Citizens' Movement / Republican Alliance","France"
"Republicans - Les Republicains (LR) / Valerie Pecresse",8168,"LR","The Republicans","France"
"Resist (Jean Lassale)",,,,"France"
"Resist - Resistons / Jean Lassale",,,,"France"
"Resistons! (Jean Lassale)",,,,"France"
"Resistons! / Jean Lassalle",,,,"France"
"Revolutionary Communist League",1506,"LCR","Revolutionary Communist League","France"
"Right Wing Extremist Parties (National Front, National Republicain Movement)",,,,"France"
"Résistons! (R) - ""Lets resist""",,,,"France"
"Résistons! (R) - « Lets resist »",,,,"France"
"Résistons! (R) – « Let's resist »",,,,"France"
"Socialist Party",1478,"PS","Socialist Party","France"
"Socialist Party - PS",1478,"PS","Socialist Party","France"
"Socialist Party - PS (Benoit Hamon)",1478,"PS","Socialist Party","France"
"Socialist Party - PS - Francois Hollande",1478,"PS","Socialist Party","France"
"Socialist Party - PS - François Hollande",1478,"PS","Socialist Party","France"
"Socialist Party - PS / Benoit Hamon",1478,"PS","Socialist Party","France"
"Socialist Party - Parti socialiste (PS) / Anne Hidalgo",1478,"PS","Socialist Party","France"
"Socialist Party/ Parti socialiste - PS/ François Hollande",1478,"PS","Socialist Party","France"
"Socialist party",1478,"PS","Socialist Party","France"
"Socialist party - PS",1478,"PS","Socialist Party","France"
"Solidarity and Progress",,,,"France"
"Solidarity and Progress - Jacques Cheminade",,,,"France"
"Solidarity and Progress - S&P (Jacques Cheminade)",,,,"France"
"Solidarity and Progress / Jacques Cheminade",,,,"France"
"Solidarity and Progress/ Solidarité et progrès/ Jacques Cheminade",,,,"France"
"The Republic Onwards",5857,"LaREM/RE","The Republic Onwards! / Renaissance","France"
"The Republic Onwards!",5857,"LaREM/RE","The Republic Onwards! / Renaissance","France"
"The Republic Onwards! - LREM (Emmanuel Macron)",5857,"LaREM/RE","The Republic Onwards! / Renaissance","France"
"The Republic Onwards! - La Republique en marche (LREM) / Emmanuel Macron",5857,"LaREM/RE","The Republic Onwards! / Renaissance","France"
"The Republicans",8168,"LR","The Republicans","France"
"The Republicans - LR (Francois Fillon)",8168,"LR","The Republicans","France"
"The Republicans - LR / Francois Fillon",8168,"LR","The Republicans","France"
"UDF (Liberal, center right)",213,"UDF","Union for French Democracy","France"
"UDF (Union pour la Démocratie Française)",213,"UDF","Union for French Democracy","France"
"UDF (Union pour la démocratie française)",213,"UDF","Union for French Democracy","France"
"UDF-Center Right",213,"UDF","Union for French Democracy","France"
"UDF-Liberal",213,"UDF","Union for French Democracy","France"
"UDF-MoDem (Mouvement Democrate)",,,,"France"
"UDI (Union des Démocrates Indépendants)",3229,"UDI","Union of Democrats and Independents","France"
"UDI (Union des democrates independants)",3229,"UDI","Union of Democrats and Independents","France"
"UMP",1595,"UMP","Union for a Popular Movement","France"
"UMP (LUnion)",1595,"UMP","Union for a Popular Movement","France"
"UMP (Union de la Majorité Présidentielle)",1595,"UMP","Union for a Popular Movement","France"
"UMP (Union pour la Majorité Présidentielle)",1595,"UMP","Union for a Popular Movement","France"
"UMP (Union pour un Mouvement Populaire)",1595,"UMP","Union for a Popular Movement","France"
"UMP-Conservative",1595,"UMP","Union for a Popular Movement","France"
"Un autre Mouvement ecologiste/Generation-ecologie, Mouvement Ecologiste Independent (Independent Ecologist Movement",8657,"d-eco","other greens","France"
"Un autre Mouvement ecologiste/Generation-ecologie, Mouvement Ecologiste Independent (Independent Ecologist Movement)",8657,"d-eco","other greens","France"
"Un autre Mouvement ecologiste/Generation-ecologie, Mouvement Ecologiste Independent Independent Ecologist Movement)",8657,"d-eco","other greens","France"
"Unbowed France - LFI (Jean-Luc Melenchon)",5858,"FI","Unbowed France","France"
"Unbowed France - La France insoumise (LFI) / Jean-Luc Melenchon",5858,"FI","Unbowed France","France"
"Une formation souverainiste (MPF de Philippe de Villiers, Debout la Répulbique de Nicolas Dupont-Aignan…)",,,,"France"
"Union Populaire Républicaine (UPR) – ""Popular Republican Union""",7344,"UPR","Popular Republican Union","France"
"Union Populaire Républicaine (UPR) – « Popular Republican Union »",7344,"UPR","Popular Republican Union","France"
"Union Populaire Républicaine (UPR) – « Popular Republican Union »",7344,"UPR","Popular Republican Union","France"
"Union Populaire Républicaine (UPR) – « Popular Republican Union »",7344,"UPR","Popular Republican Union","France"
"Union for a Popular Mouvement",1595,"UMP","Union for a Popular Movement","France"
"Union for a Popular Movement",1595,"UMP","Union for a Popular Movement","France"
"Union for a Popular Movement - UMP",1595,"UMP","Union for a Popular Movement","France"
"Union for a Popular Movement - UMP - Nicolas Sarkozy",1595,"UMP","Union for a Popular Movement","France"
"Union for a Popular Movement/ Union pour un mouvement populaire -UMP/ Nicolas Sarkozy",1595,"UMP","Union for a Popular Movement","France"
"Union of Democrats and Independents",3229,"UDI","Union of Democrats and Independents","France"
"Union pour la démocratie française",213,"UDF","Union for French Democracy","France"
"Unsubmissive France",5858,"FI","Unbowed France","France"
"Worker's Struggle - LO - Nathalie Arthaud, far left",617,"LO","Workers' Struggle","France"
"Workers' Struggle",617,"LO","Workers' Struggle","France"
"Workers' Struggle - LO",617,"LO","Workers' Struggle","France"
"Workers' Struggle - LO (Nathalie Arthaud)",617,"LO","Workers' Struggle","France"
"Workers' Struggle - LO - Nathalie Arthaud",617,"LO","Workers' Struggle","France"
"Workers' Struggle - LO / Nathalie Arthaud",617,"LO","Workers' Struggle","France"
"Workers' Struggle - Lutte ouvriere (LO) / Nathalie Arthaud",617,"LO","Workers' Struggle","France"
"Workers' Struggle/ Lutte ouvrière - LO/ Nathalie Arthaud",617,"LO","Workers' Struggle","France"
"extrême-gauche",1594,"exg","other far-left","France"
"CLR (Centre des Libéraux Réformateurs)",7550,"CLR","Centre of Liberal Reformers","Gabon"
"CLR (Cercle des Libéraux Réformateurs)",7550,"CLR","Centre of Liberal Reformers","Gabon"
"Cercle des Libéraux Réformateurs (CLR)",7550,"CLR","Centre of Liberal Reformers","Gabon"
"FRONT UNI DE L'OPPOSITION",,,,"Gabon"
"Les Démocrates",7554,"LD","The Democrats","Gabon"
"Les Sociaux Démocrates Gabonais (SDG)",7553,"PSD","Social Democratic Party","Gabon"
"Opposition",,,,"Gabon"
"PDG (Parti Démocratique Gabonais)",5200,"BDG/PDG","Gabonese Democratic Bloc / Gabonese Democratic Party","Gabon"
"Parti Démocratique Gabonais (PDG)",5200,"BDG/PDG","Gabonese Democratic Bloc / Gabonese Democratic Party","Gabon"
"RPG (Rassemblement Pour le Gabon)",5592,"RNB — RPG","National Woodcutters (Lumberjacks) Rally — Rally for Gabon","Gabon"
"Rassemblement Héritage et Modernité (RHM)",8828,"RHM","Heritage and Modernity Rally","Gabon"
"UN (Union Nationale)",5763,"UN","National Union","Gabon"
"UPG (Union du Peuple Gabonais)",5591,"UPG","Union of the Gabonese People","Gabon"
"Union Nationale (UN)",5763,"UN","National Union","Gabon"
"All Peoples Pary (APP)",,,,"Gambia"
"Alliance for National Re-orientation and Development (ANRD)",,,,"Gambia"
"Alliance for Patriotic Reorientation and Construction (APRC)",3716,"APRC","Alliance for Patriotic Reorientation and Construction","Gambia"
"Citizens' Alliance",,,,"Gambia"
"Citizens' Alliance",,,,"Gambia"
"Citizens' Alliance (CA)",,,,"Gambia"
"Essa Faal",,,,"Gambia"
"Gambia Action Party (GAP)",,,,"Gambia"
"Gambia Alliance for National Unity (GANU)",,,,"Gambia"
"Gambia Democratic Congress (GDC)",5954,"GDC","Gambia Democratic Congress","Gambia"
"Gambia For All (GFA)",,,,"Gambia"
"Gambia Moral Congress (GMC)",,,,"Gambia"
"Gambia Party for Democracy and Progress (GPDP)",,,,"Gambia"
"National Convention Party (NCP)",5082,"NCP","National Convention Party","Gambia"
"National People's Party (NPP)",,,,"Gambia"
"National People's Party (NPP)",,,,"Gambia"
"National People's Party (NPP)",,,,"Gambia"
"National Reconciliation Party (NRP)",3717,"NRP","National Reconciliation Party","Gambia"
"National Unity Party (NUP)",,,,"Gambia"
"People's Democratic Organisation for Independence and Socialism (PDOIS)",3718,"PDOIS","People's Democratic Organisation for Independence and Socialism","Gambia"
"People's Democratic Organisation for Independence and Socialism (PDOIS)",3718,"PDOIS","People's Democratic Organisation for Independence and Socialism","Gambia"
"People's Democratic Organisation for Independence and Socialism (PDOIS)",3718,"PDOIS","People's Democratic Organisation for Independence and Socialism","Gambia"
"People's Progressive Party (PPP)",5084,"PPP","People's Progressive Party","Gambia"
"People's Progressive Party (PPP)",5084,"PPP","People's Progressive Party","Gambia"
"People's Progressive Party (PPP)",5084,"PPP","People's Progressive Party","Gambia"
"Peoples Progressive Party (PPP)",5084,"PPP","People's Progressive Party","Gambia"
"United Democratic Party (UDP)",3715,"UDP","United Democratic Party","Gambia"
"Agrarian Party (Agraruli Partia)",,,,"Georgia"
"Alliance of Patriots",6114,"APG","Alliance of Patriots of Georgia","Georgia"
"Alliance of Patriots of Georgia",6114,"APG","Alliance of Patriots of Georgia","Georgia"
"Alliance of Patriots of Georgia - Davit Tarkhan-Mouravi",6114,"APG","Alliance of Patriots of Georgia","Georgia"
"Bidzina Ivanishvili - Georgian Dream",2988,"KODS","Georgian Dream — Democratic Georgia","Georgia"
"Bloc XXI Century (Bloki XXI Saukune)",,,,"Georgia"
"Bloki 'Agordzineba'",2168,"DAP","Union for the Democratic Revival","Georgia"
"Christian Democratic Party",2349,"KDM","Christian Democratic Movement","Georgia"
"Christian-Democratic Movement",2349,"KDM","Christian Democratic Movement","Georgia"
"Christian-Democratic Party (Christian Democrats)",2349,"KDM","Christian Democratic Movement","Georgia"
"Conservative Party",,,,"Georgia"
"Conservative Party of Georgia",,,,"Georgia"
"Davit Tarkhan-Mouravi 'Alliance of Patriots of Georgia'",6114,"APG","Alliance of Patriots of Georgia","Georgia"
"Democratic Movement - United Georgia",2146,"BDA","Burjanadze-Democratic Alliance","Georgia"
"Democratic Movement – United Georgia",2146,"BDA","Burjanadze-Democratic Alliance","Georgia"
"Development Party",,,,"Georgia"
"Election Bloc 'Georgian Dream' (Georg.Dream, Conservative P., Industry Will Save Georgia, Rep.Party, Nat.Forum)",,,,"Georgia"
"Election Bloc 'Georgian Dream' (Georgian Dream, Conservative",,,,"Georgia"
"Election Bloc 'Self-Governance to the People' ('Movement for",,,,"Georgia"
"Election Bloc 'Self-Governance to the People' ('Movement for Fair Georgia', 'European Democrats')",,,,"Georgia"
"Election Bloc 'United National Movement' ('United National M",,,,"Georgia"
"Election Bloc 'United National Movement' ('United National Movement' , Christian-Conservative Party of Georgia)",,,,"Georgia"
"Entrepreneurship will save the Georgia",2159,"MGS","Industry will save Georgia","Georgia"
"Erovnul-Demokratuli Partia (EDP)",2161,"NDPG","National Democratic Party of Georgia","Georgia"
"Erovnuli-Damoukideblobis Partia",2154,"SEDP","Georgian National Independent Party","Georgia"
"Ertiani Komunisturi Partia",7088,"SEKP","Unified Communist Party of Georgia","Georgia"
"European Georgia",9115,"ES MT","European Georgia - Movement for Liberty","Georgia"
"For The Name Of The Lord, Lord Is Our Righteousness",,,,"Georgia"
"For United Georgia",,,,"Georgia"
"Fraqtsia Saxalxo Erovnul-Demokrati",,,,"Georgia"
"Free Democrats",5885,"TD","Free Democrats","Georgia"
"Freedom  Way of Zviad Gamsakhurdia",,,,"Georgia"
"Freedom - Way of Zviad Gamsakhurdia",,,,"Georgia"
"Freedom Party",,,,"Georgia"
"Gaerianebuli Respublikuri Partia (GRP)",4554,"SRP","Republican Party of Georgia","Georgia"
"Georgian Dream - Bidzina Ivanishvili",2988,"KODS","Georgian Dream — Democratic Georgia","Georgia"
"Georgian Dream - Democratic Georgia",2988,"KODS","Georgian Dream — Democratic Georgia","Georgia"
"Georgian Dream – Democratic Georgia",2988,"KODS","Georgian Dream — Democratic Georgia","Georgia"
"Georgian Labor Party",2153,"SLP","Georgian Labour Party","Georgia"
"Georgian Labor Party",2153,"SLP","Georgian Labour Party","Georgia"
"Georgian Labor Party",2153,"SLP","Georgian Labour Party","Georgia"
"Georgian Labour Party",2153,"SLP","Georgian Labour Party","Georgia"
"Georgian Labour Party - Shalva Natelashvili",2153,"SLP","Georgian Labour Party","Georgia"
"Georgian Party Irakli Okruashvili",,,,"Georgia"
"Georgian way",,,,"Georgia"
"Giorgi Gachechiladze  'Greens Party'",2157,"Greens","Green Party of Georgia","Georgia"
"Giorgi Targamandze - CDU",2349,"KDM","Christian Democratic Movement","Georgia"
"Girchi",9114,"APT Girchi","New Political Center - Girchi","Georgia"
"Green's Party - Giorgi Gachechiladze",2157,"Greens","Green Party of Georgia","Georgia"
"Ilia Chavchadzis Sazigadoeba",2158,"ICS","Ilia Chavchavadze Society","Georgia"
"Industrial Party",2159,"MGS","Industry will save Georgia","Georgia"
"Industry Will Save Georgia",2159,"MGS","Industry will save Georgia","Georgia"
"Industry will save Georgia",2159,"MGS","Industry will save Georgia","Georgia"
"Irakli Okruashvili 'Georgian Party'",,,,"Georgia"
"Labor Party",2153,"SLP","Georgian Labour Party","Georgia"
"Labour Party",2153,"SLP","Georgian Labour Party","Georgia"
"Liberal-Demokratiuli Erovnuli Parti (LDP)",,,,"Georgia"
"Merab Kostavas Sazogadoeba",2160,"SSMKS","Merab Kostava Society","Georgia"
"National Democratic Party",2161,"NDPG","National Democratic Party of Georgia","Georgia"
"National Democratic Party - EDP",2161,"NDPG","National Democratic Party of Georgia","Georgia"
"National Forum",7091,"EP","National Forum","Georgia"
"National forum",7091,"EP","National Forum","Georgia"
"National movement",2172,"ENM","United National Movement","Georgia"
"New Georgia",,,,"Georgia"
"New Political Center Girchi",9114,"APT Girchi","New Political Center - Girchi","Georgia"
"New Rightists",2162,"AM","New Rights","Georgia"
"New Rightists Party",2162,"AM","New Rights","Georgia"
"New Rights",2162,"AM","New Rights","Georgia"
"Nino Burjanadze, 'United Opposition'",,,,"Georgia"
"Our Georgia",,,,"Georgia"
"Party 'Samartlianoba' (Justice)",,,,"Georgia"
"Party 'Tavisufleba' (party of freedom movement)",,,,"Georgia"
"Party of Future",,,,"Georgia"
"Party of People",,,,"Georgia"
"Party of Shashiashvili",,,,"Georgia"
"People's Party",,,,"Georgia"
"Political Movement of Armed Veterans and Patriots",,,,"Georgia"
"Political Movement of armed Veterans and Patriots",,,,"Georgia"
"Qristianul-Demokratiuli Kavshiri",2349,"KDM","Christian Democratic Movement","Georgia"
"Reformatorta Kavashiri",2165,"SRKET","Reformers' Union of Georgia - National Concord","Georgia"
"Republican Party",4554,"SRP","Republican Party of Georgia","Georgia"
"Republican Party of Georgia",4554,"SRP","Republican Party of Georgia","Georgia"
"Respublikuri Partia",4554,"SRP","Republican Party of Georgia","Georgia"
"Round Table (Mrgvali Magida)",4551,"MM-TST","Round Table - Free Georgia","Georgia"
"Sakhalkho Modzraoba",,,,"Georgia"
"Samartliani Saqartvelostvis",,,,"Georgia"
"Saqartvelos Gvtis Shvilta Kavshiri",2170,"SGK","Union of God's Children of Georgia","Georgia"
"Saqartvelos Moqalaqeta Kavashiri",2148,"SMK","Citizens' Union of Georgia","Georgia"
"Saqartvelos Tradicionalistta Kavashiri",2169,"KTK","Union of Georgian Traditionalists","Georgia"
"Shalva Natelashvili  Georgian Labour Party",2153,"SLP","Georgian Labour Party","Georgia"
"Shalva Natelashvili - GLP",2153,"SLP","Georgian Labour Party","Georgia"
"Social-Demokratiuli Partia (SDP)",2166,"SSDP","Social Democratic Party of Georgia","Georgia"
"Socialisturi Partia (SP)",2167,"SSP","Socialist Party of Georgia","Georgia"
"Society Lemi (Sazogadoeba 'Lemi')",,,,"Georgia"
"Society of Merab Kostava",2160,"SSMKS","Merab Kostava Society","Georgia"
"State for the People",,,,"Georgia"
"The Way of Georgia",,,,"Georgia"
"United Democratic Movement",2146,"BDA","Burjanadze-Democratic Alliance","Georgia"
"United National Movement",2172,"ENM","United National Movement","Georgia"
"United Opposition",,,,"Georgia"
"United Opposition - Nino Burjanadze",,,,"Georgia"
"Unity of Traditionalists",2169,"KTK","Union of Georgian Traditionalists","Georgia"
"AFD (Alternative for Germany)",1976,"AfD","Alternative for Germany","Germany"
"AfD",1976,"AfD","Alternative for Germany","Germany"
"AfD, Alternative für Deutschland",1976,"AfD","Alternative for Germany","Germany"
"AfD, Alternative für Deutschland (Alternative for Germany)",1976,"AfD","Alternative for Germany","Germany"
"Alliance 90/ The Greens - Buendnis 90/ Die Gruenen",1816,"B90/Gr","Alliance 90 / Greens","Germany"
"Alliance 90/ The Greens - Buendnis 90/ Gruene",1816,"B90/Gr","Alliance 90 / Greens","Germany"
"Alliance 90/ The Greens - Buendnis 90/Gruene",1816,"B90/Gr","Alliance 90 / Greens","Germany"
"Alliance 90/Greens",1816,"B90/Gr","Alliance 90 / Greens","Germany"
"Alliance 90/The Greens",1816,"B90/Gr","Alliance 90 / Greens","Germany"
"Alliance 90/The Greens (Buendnis 90/Die Gruenen)",1816,"B90/Gr","Alliance 90 / Greens","Germany"
"Alliance 90/The Greens (Bündnis 90/Die Grünen)",1816,"B90/Gr","Alliance 90 / Greens","Germany"
"Alliance 90/The Greens - Buendnis 90/Die Gruenen",1816,"B90/Gr","Alliance 90 / Greens","Germany"
"Alliance 90/The Greens - Buendnis 90/Gruene",1816,"B90/Gr","Alliance 90 / Greens","Germany"
"Alliance 90/The Greens, Buendnis 90/Gruene",1816,"B90/Gr","Alliance 90 / Greens","Germany"
"Alternative Liste",,,,"Germany"
"Alternative for Germany",1976,"AfD","Alternative for Germany","Germany"
"Alternative for Germany",1976,"AfD","Alternative for Germany","Germany"
"Alternative for Germany",1976,"AfD","Alternative for Germany","Germany"
"Alternative for Germany (AFD)",1976,"AfD","Alternative for Germany","Germany"
"Alternative for Germany - AfD",1976,"AfD","Alternative for Germany","Germany"
"Alternative for Germany - Alternative für Deutschland (AfD)",1976,"AfD","Alternative for Germany","Germany"
"Animal Protection Party",749,"Tier","Animal Welfare Party","Germany"
"Animal Protection Party - Tierschutzpartei",749,"Tier","Animal Welfare Party","Germany"
"Animal Welfare Party",749,"Tier","Animal Welfare Party","Germany"
"Autofahrerpartei - Car DriversParty",,,,"Germany"
"Basic Income Alliance",,,,"Germany"
"Bavarian Party",61,"BP","Bavarian Party","Germany"
"Bayernpartei",61,"BP","Bavarian Party","Germany"
"Bibeltreue Christen",,,,"Germany"
"Buendnis 90/Gruene",1816,"B90/Gr","Alliance 90 / Greens","Germany"
"Buendnis90/gruene",1816,"B90/Gr","Alliance 90 / Greens","Germany"
"Buergerpartei",,,,"Germany"
"Bundnis 90/Die Grunen",1816,"B90/Gr","Alliance 90 / Greens","Germany"
"Bündnis 90, Die Grünen",1816,"B90/Gr","Alliance 90 / Greens","Germany"
"Bündnis 90, Die Grünen (Alliance 90/The Greens)",1816,"B90/Gr","Alliance 90 / Greens","Germany"
"Bündnis 90/ Die Grünen",1816,"B90/Gr","Alliance 90 / Greens","Germany"
"Bündnis 90/Die Grünen",1816,"B90/Gr","Alliance 90 / Greens","Germany"
"CDU (Christian Democratic Union of Germany)",1375,"CDU","Christian Democratic Union","Germany"
"CDU-CSU",211,"CDU/CSU","Christian Democratic Union / Christian Social Union","Germany"
"CDU/ CSU",211,"CDU/CSU","Christian Democratic Union / Christian Social Union","Germany"
"CDU/CSU",211,"CDU/CSU","Christian Democratic Union / Christian Social Union","Germany"
"CDU/CSU (Christlich Demokratische Union/Chr. Soziale Uni",211,"CDU/CSU","Christian Democratic Union / Christian Social Union","Germany"
"CDUCSU",211,"CDU/CSU","Christian Democratic Union / Christian Social Union","Germany"
"CSU (Christian Social Union in Bavaria)",1731,"CSU","Christian Social Union","Germany"
"CSU (Christian Social Union of Germany)",1731,"CSU","Christian Social Union","Germany"
"Christian Democratic Party",1375,"CDU","Christian Democratic Union","Germany"
"Christian Democratic Party/Christian Social Union",211,"CDU/CSU","Christian Democratic Union / Christian Social Union","Germany"
"Christian Democratic Party/Christian Social Union - CDU/CSU",211,"CDU/CSU","Christian Democratic Union / Christian Social Union","Germany"
"Christian Democratic Union",1375,"CDU","Christian Democratic Union","Germany"
"Christian Democratic Union (CDU/CSU)",211,"CDU/CSU","Christian Democratic Union / Christian Social Union","Germany"
"Christian Democratic Union / Christian Social Union",211,"CDU/CSU","Christian Democratic Union / Christian Social Union","Germany"
"Christian Democratic Union of Germany; Christian Social Union in Bavaria",211,"CDU/CSU","Christian Democratic Union / Christian Social Union","Germany"
"Christian Democratic Union/ Christian Social Union (Bavaria) - Christlich Demokratische Union Deutschlands/ Christlich-S",211,"CDU/CSU","Christian Democratic Union / Christian Social Union","Germany"
"Christian Democratic Union/ Christian Social Union - CDU/ CSU",211,"CDU/CSU","Christian Democratic Union / Christian Social Union","Germany"
"Christian Democratic Union/ Christian Social Union - CDU/CSU",211,"CDU/CSU","Christian Democratic Union / Christian Social Union","Germany"
"Christian Democratic Union/Christian Social Union (CDU/CSU)",211,"CDU/CSU","Christian Democratic Union / Christian Social Union","Germany"
"Christian Democratic Union/Christian Social Union - CDU/ CSU",211,"CDU/CSU","Christian Democratic Union / Christian Social Union","Germany"
"Christian Democratic Union/Christian Social Union - CDU/CSU",211,"CDU/CSU","Christian Democratic Union / Christian Social Union","Germany"
"Christian Democrats",1375,"CDU","Christian Democratic Union","Germany"
"Christian Social Union",1731,"CSU","Christian Social Union","Germany"
"Christian Social Union in Bavaria",1731,"CSU","Christian Social Union","Germany"
"Christlich Demokratische Union (CDU)",1375,"CDU","Christian Democratic Union","Germany"
"Christlich Demokratische Union (CDU)/ Christlich Soziale Union (CSU)",211,"CDU/CSU","Christian Democratic Union / Christian Social Union","Germany"
"Christlich Soziale Union (CSU)",1731,"CSU","Christian Social Union","Germany"
"Christlich-Demokratische Union/ Christlich-Soziale Union (CDU/CSU) - Christian Democrats",211,"CDU/CSU","Christian Democratic Union / Christian Social Union","Germany"
"Civil Movement for Solidarity",,,,"Germany"
"DKP",2125,"DKP","German Conservative Party","Germany"
"DSU (linked with CSU)",,,,"Germany"
"Democracy Now",,,,"Germany"
"Democracy in Motion",,,,"Germany"
"Democratic Breakthrough",,,,"Germany"
"Democratic Socialism Party",86,"PDS","Party for Democratic Socialism","Germany"
"Die Gruenen",10,"Grue","Greens","Germany"
"Die Gruenen (/Buendnis 90)",1816,"B90/Gr","Alliance 90 / Greens","Germany"
"Die Gruenen-Buendnis 90",1816,"B90/Gr","Alliance 90 / Greens","Germany"
"Die Gruenen/Buendnis 90",1816,"B90/Gr","Alliance 90 / Greens","Germany"
"Die Grunen",10,"Grue","Greens","Germany"
"Die Grünen",10,"Grue","Greens","Germany"
"Die Linke",1545,"Linke","The Left","Germany"
"Die Linke (The Left)",1545,"Linke","The Left","Germany"
"Die Linke/PDS",,,,"Germany"
"Die Republikaner",720,"Rep","The Republicans","Germany"
"Die Republikaner (REP)",720,"Rep","The Republicans","Germany"
"Ecological Democratic German Party",7345,"ODP","Ecological Democratic Party","Germany"
"Ecological Democratic Party",7345,"ODP","Ecological Democratic Party","Germany"
"Ecologists",,,,"Germany"
"FDP",573,"FDP","Free Democratic Party","Germany"
"FDP (Free Democratic Party)",573,"FDP","Free Democratic Party","Germany"
"FDP Freie Demokratische Partei)",573,"FDP","Free Democratic Party","Germany"
"Family Party",,,,"Germany"
"Free Democratic Party",573,"FDP","Free Democratic Party","Germany"
"Free Democratic Party",573,"FDP","Free Democratic Party","Germany"
"Free Democratic Party",573,"FDP","Free Democratic Party","Germany"
"Free Democratic Party (FDP)",573,"FDP","Free Democratic Party","Germany"
"Free Democratic Party - FDP",573,"FDP","Free Democratic Party","Germany"
"Free Democratic Party - Freie Demokratische Partei (FDP)",573,"FDP","Free Democratic Party","Germany"
"Free Democrats",573,"FDP","Free Democratic Party","Germany"
"Free Voters",1090,"FW","Free Voters","Germany"
"Free Voters (Freie Wähler)",1090,"FW","Free Voters","Germany"
"Free Voters - FW (Freie Waehler)",1090,"FW","Free Voters","Germany"
"Free Voters - Freie Waehler (FW)",1090,"FW","Free Voters","Germany"
"Freie Demokratische Partei (FDP)",573,"FDP","Free Democratic Party","Germany"
"Freie Demokratische Partei Deutschlands (FDP) - Free Democratic Party",573,"FDP","Free Democratic Party","Germany"
"Freie Waehler - Free Voters",1090,"FW","Free Voters","Germany"
"Freie Wähler",1090,"FW","Free Voters","Germany"
"Freie Wähler (Free Voters)",1090,"FW","Free Voters","Germany"
"Fuer Soziale Gerechtigkeit",,,,"Germany"
"Generation Party / The Grey",1652,"Grau","The Grays — Gray Panthers","Germany"
"German Liberal Party",573,"FDP","Free Democratic Party","Germany"
"German Liberal Party - FDP",573,"FDP","Free Democratic Party","Germany"
"German National Party - NPD",1723,"NPD","National Democratic Party","Germany"
"German People's Union",695,"DVU","German People's Union","Germany"
"German People´s Party - DVU",695,"DVU","German People's Union","Germany"
"German Pirate Party",1287,"Pirat","German Pirate Party","Germany"
"German Social-Democratic Party",383,"SPD","Social Democratic Party of Germany","Germany"
"German Social-Democratic Party - SPD",383,"SPD","Social Democratic Party of Germany","Germany"
"Grassroots Democratic Party of Germany",8993,"dieBasis","Grassroots Democratic Party of Germany","Germany"
"Grassroots Democratic Party of Germany (dieBasis)",8993,"dieBasis","Grassroots Democratic Party of Germany","Germany"
"Graue Panther",1652,"Grau","The Grays — Gray Panthers","Germany"
"Graue Panther - Grey Panthers",1652,"Grau","The Grays — Gray Panthers","Germany"
"Green Party (Bündnis 90/Die Grünen)",1816,"B90/Gr","Alliance 90 / Greens","Germany"
"Greens",10,"Grue","Greens","Germany"
"Gruene",10,"Grue","Greens","Germany"
"Gruene/Buendnis 90",1816,"B90/Gr","Alliance 90 / Greens","Germany"
"Kommunistische Partei Deutschlands (DKP)",2125,"DKP","German Conservative Party","Germany"
"Left Party",1545,"Linke","The Left","Germany"
"Liberal Democratic Party (FDP)",573,"FDP","Free Democratic Party","Germany"
"Liberal-Democratic Party",573,"FDP","Free Democratic Party","Germany"
"Marxist-Leninist Party of Germany",,,,"Germany"
"NPD",1723,"NPD","National Democratic Party","Germany"
"NPD (National Democratic Party of Germany)",1723,"NPD","National Democratic Party","Germany"
"National Democratic Party (NPD)",1723,"NPD","National Democratic Party","Germany"
"National Democratic Party - NPD",1723,"NPD","National Democratic Party","Germany"
"National Democratic Party Of Germany",1723,"NPD","National Democratic Party","Germany"
"National Democratic Party of Germany",1723,"NPD","National Democratic Party","Germany"
"National Democratic Party/German People's Union (NPD/DVU)",,,,"Germany"
"National-Democratic Party of Germany - NPD",1723,"NPD","National Democratic Party","Germany"
"Nationaldemokratische Partei (NPD)",1723,"NPD","National Democratic Party","Germany"
"New Forum",,,,"Germany"
"Oekologisch Demokratische Partei (OEDP) - Ecological Democratic Party",7345,"ODP","Ecological Democratic Party","Germany"
"PBC",,,,"Germany"
"PDS",86,"PDS","Party for Democratic Socialism","Germany"
"PDS (communist)",86,"PDS","Party for Democratic Socialism","Germany"
"PDS-Linke Liste",86,"PDS","Party for Democratic Socialism","Germany"
"PDS/ Linke Liste",86,"PDS","Party for Democratic Socialism","Germany"
"PDS/Linke Liste",86,"PDS","Party for Democratic Socialism","Germany"
"Partei des demokratischen Sozialismus (PDS)",86,"PDS","Party for Democratic Socialism","Germany"
"Party Of The Rule Of Law Offensive",,,,"Germany"
"Party for Labour, Rule of Law, Animal Protection, Promotion of Elites and Grassr",6126,"PARTEI","THE PARTY","Germany"
"Party of Democratic Socialism (PDS)",86,"PDS","Party for Democratic Socialism","Germany"
"Party of Democratic Socialism - PDS/Linke Liste",86,"PDS","Party for Democratic Socialism","Germany"
"Party of Literal Exegesis",,,,"Germany"
"Pensioners/Greys",1652,"Grau","The Grays — Gray Panthers","Germany"
"Pirate Party (Piratenpartei)",1287,"Pirat","German Pirate Party","Germany"
"Pirate Party - Piratenpartei",1287,"Pirat","German Pirate Party","Germany"
"Pirate Party Germany/ Piratenpartei",1287,"Pirat","German Pirate Party","Germany"
"Pirate Party of Germany",1287,"Pirat","German Pirate Party","Germany"
"Piratenpartei",1287,"Pirat","German Pirate Party","Germany"
"Piratenpartei (Pirate Party Germany)",1287,"Pirat","German Pirate Party","Germany"
"Pirates",1287,"Pirat","German Pirate Party","Germany"
"Pirates - Piratenpartei",1287,"Pirat","German Pirate Party","Germany"
"Pirates Party",1287,"Pirat","German Pirate Party","Germany"
"REP, NPD or DVU",,,,"Germany"
"Republican Party (Republikaner)",720,"Rep","The Republicans","Germany"
"Republicans",720,"Rep","The Republicans","Germany"
"Republikaner",720,"Rep","The Republicans","Germany"
"Republikaner  DVU  NPD",,,,"Germany"
"Republikaner, NPD oder DVU",,,,"Germany"
"Rosa Liste - Pink List",,,,"Germany"
"SPD",383,"SPD","Social Democratic Party of Germany","Germany"
"SPD (Social Democratic Party of Germany)",383,"SPD","Social Democratic Party of Germany","Germany"
"SPD (Sozialdemokratische Partei Deutschlands)",383,"SPD","Social Democratic Party of Germany","Germany"
"Social Democratic Party",383,"SPD","Social Democratic Party of Germany","Germany"
"Social Democratic Party (SPD)",383,"SPD","Social Democratic Party of Germany","Germany"
"Social Democratic Party - SPD",383,"SPD","Social Democratic Party of Germany","Germany"
"Social Democratic Party of Germany - SPD",383,"SPD","Social Democratic Party of Germany","Germany"
"Social Democratic Party of Germany - Sozialdemokratische Partei Deutschlands (SPD)",383,"SPD","Social Democratic Party of Germany","Germany"
"Social Democrats",383,"SPD","Social Democratic Party of Germany","Germany"
"South Schleswig Voter Federation",50,"SSW","South Schleswig Voter League","Germany"
"South Schleswig Voters' Association",50,"SSW","South Schleswig Voter League","Germany"
"Sozialdemokratische Partei Deutschlands (SPD)",383,"SPD","Social Democratic Party of Germany","Germany"
"Sozialdemokratische Partei Deutschlands (SPD) - Social Democrats",383,"SPD","Social Democratic Party of Germany","Germany"
"Team Todenhoefer - The Justice Party",,,,"Germany"
"The Green Party",10,"Grue","Greens","Germany"
"The Greys",1652,"Grau","The Grays — Gray Panthers","Germany"
"The Greys – Grey Panthers",1652,"Grau","The Grays — Gray Panthers","Germany"
"The Left",1545,"Linke","The Left","Germany"
"The Left (Die Linke)",1545,"Linke","The Left","Germany"
"The Left - Die Linke",1545,"Linke","The Left","Germany"
"The Left Party.Party of Democratic Socialism (Linkspartei.PDS)",,,,"Germany"
"The Left/ Die Linke",1545,"Linke","The Left","Germany"
"The Left/Party of Democratic Socialism - PDS",,,,"Germany"
"The PARTEI - Die PARTEI",6126,"PARTEI","THE PARTY","Germany"
"The PARTY - Die PARTEI-Partei für Arbeit, Rechtsstaat, Tierschutz, Elitenförderung und basisdemokratische Initiative",6126,"PARTEI","THE PARTY","Germany"
"The Party",6126,"PARTEI","THE PARTY","Germany"
"The Republicans",720,"Rep","The Republicans","Germany"
"The Republicans - REP",720,"Rep","The Republicans","Germany"
"The Violet for spiritual Politics",,,,"Germany"
"Volt Germany",,,,"Germany"
"apd",,,,"Germany"
"dkp",2125,"DKP","German Conservative Party","Germany"
"dsu",,,,"Germany"
"dvu",695,"DVU","German People's Union","Germany"
"fdp",573,"FDP","Free Democratic Party","Germany"
"fwp",,,,"Germany"
"npd",1723,"NPD","National Democratic Party","Germany"
"oedp",7345,"ODP","Ecological Democratic Party","Germany"
"spd",383,"SPD","Social Democratic Party of Germany","Germany"
"Action Alliance (AA)",,,,"Ghana"
"Action Congress  of Nigeria (ACN)",,,,"Ghana"
"African Democratic Congress (ADC)",,,,"Ghana"
"All Nigeria Peoples Party (ANPP)",,,,"Ghana"
"All People's Party (APC)",,,,"Ghana"
"All Progressive Grand Alliance (APGA)",,,,"Ghana"
"CP",,,,"Ghana"
"CPP",3660,"CPP","Convention People's Party","Ghana"
"Congress for Progressive Change",,,,"Ghana"
"Convention People's Party",3660,"CPP","Convention People's Party","Ghana"
"Convention People's Party (CPP)",3660,"CPP","Convention People's Party","Ghana"
"Convention People's Party (CPP)",3660,"CPP","Convention People's Party","Ghana"
"Convention People's Party (CPP)",3660,"CPP","Convention People's Party","Ghana"
"Convention Peoples Party (CPP)",3660,"CPP","Convention People's Party","Ghana"
"DFP",,,,"Ghana"
"DPP",,,,"Ghana"
"Democratic Freedom Party (DFP)",,,,"Ghana"
"Democratic People's Party",,,,"Ghana"
"Democratic People's Party (DPP)",,,,"Ghana"
"Democratic People's Party (DPP)",,,,"Ghana"
"Democratic Peoples Alliance (DPA)",,,,"Ghana"
"GCPP",4052,"GCPP","Great Consolidated Popular Party","Ghana"
"Ghana Freedom Party (GFP)",,,,"Ghana"
"Ghana National Party (GNP)",,,,"Ghana"
"Great Consolidated Popular Party",4052,"GCPP","Great Consolidated Popular Party","Ghana"
"Great Consolidated Popular Party (GCPP)",4052,"GCPP","Great Consolidated Popular Party","Ghana"
"NDC",2311,"NDC","National Democratic Congress","Ghana"
"NPP",2312,"NPP","New Patriotic Party","Ghana"
"NRP",3659,"NRP","National Reform Party","Ghana"
"National Democratic Congress",2311,"NDC","National Democratic Congress","Ghana"
"National Democratic Congress (NDC)",2311,"NDC","National Democratic Congress","Ghana"
"National Democratic Party (NDP)",,,,"Ghana"
"National Reform Party (NRP)",3659,"NRP","National Reform Party","Ghana"
"New Patriotic Party",2312,"NPP","New Patriotic Party","Ghana"
"New Patriotic Party (NPP)",2312,"NPP","New Patriotic Party","Ghana"
"PNC",2310,"PNC","People's National Convention","Ghana"
"People's National Convention",2310,"PNC","People's National Convention","Ghana"
"People's National Convention (PNC)",2310,"PNC","People's National Convention","Ghana"
"People's National Convention (PNC)",2310,"PNC","People's National Convention","Ghana"
"People's National Convention (PNC)",2310,"PNC","People's National Convention","Ghana"
"Progressive People's Party (PPP)",,,,"Ghana"
"Progressive People's Party (PPP)",,,,"Ghana"
"Progressive People's Party (PPP)",,,,"Ghana"
"Reformed Patriotic Democrats",,,,"Ghana"
"UGM",,,,"Ghana"
"United Development System Party (UDSP)",,,,"Ghana"
"United Ghana Movement (UGM)",,,,"Ghana"
"United Renaissance Party (URP)",,,,"Ghana"
"Action",1130,"D — FS","Action — Liberal Alliance","Greece"
"Anticapitalist Left Cooperation for the Overthrow",,,,"Greece"
"Coalition of Radical Left (SY.RIZ.A)",301,"SYRIZA","Coalition of the Radical Left","Greece"
"Coalition of Radical Left - Unitary Social Front (SYRIZA)",301,"SYRIZA","Coalition of the Radical Left","Greece"
"Coalition of Radical Left – Unitary Social Front (SY.RIZ.A)",301,"SYRIZA","Coalition of the Radical Left","Greece"
"Coalition of Radical Left – Unitary Social Front (SYRIZA)",301,"SYRIZA","Coalition of the Radical Left","Greece"
"Coalition of the Radical Left",301,"SYRIZA","Coalition of the Radical Left","Greece"
"Coalition of the Radical Left (SYRIZA)",301,"SYRIZA","Coalition of the Radical Left","Greece"
"Coalition of the Radical Left - SYRIZA",301,"SYRIZA","Coalition of the Radical Left","Greece"
"Communist Party - KKE",48,"KKE","Communist Party of Greece","Greece"
"Communist Party of Greece",48,"KKE","Communist Party of Greece","Greece"
"Communist Party of Greece (K.K.E)",48,"KKE","Communist Party of Greece","Greece"
"Communist Party of Greece (K.K.E.)",48,"KKE","Communist Party of Greece","Greece"
"Communist Party of Greece (KKE)",48,"KKE","Communist Party of Greece","Greece"
"Communist Party of Greece - KKE",48,"KKE","Communist Party of Greece","Greece"
"Communists",48,"KKE","Communist Party of Greece","Greece"
"Conservative",7367,"CP","Conservative Party","Greece"
"Course of Freedom",9088,"PE","Course of Freedom","Greece"
"Course of Freedom (Plefsi Eletherias)",9088,"PE","Course of Freedom","Greece"
"DIKKI (Democratic Social Movement)",1682,"DIKKI","Democratic Social Movement","Greece"
"Democratic Alignment",,,,"Greece"
"Democratic Alliance",1284,"DISY","Democratic Alliance","Greece"
"Democratic Alliance (DS)",1284,"DISY","Democratic Alliance","Greece"
"Democratic Coalition - PASOK-DIMAR",,,,"Greece"
"Democratic Left",1160,"DIMAR","Democratic Left","Greece"
"Democratic Left (DHM.AR)",1160,"DIMAR","Democratic Left","Greece"
"Democratic Left (DIMAR)",1160,"DIMAR","Democratic Left","Greece"
"Democratic Revival",648,"DIANA","Democratic Renewal","Greece"
"Drasi",1130,"D — FS","Action — Liberal Alliance","Greece"
"Drassi",1130,"D — FS","Action — Liberal Alliance","Greece"
"ELLINES",,,,"Greece"
"Ecologist Green",378,"OP","Ecologist Greens","Greece"
"Ecologists - Greens",378,"OP","Ecologist Greens","Greece"
"Ecologists-Greens (Oikologoi Prasinoi)",378,"OP","Ecologist Greens","Greece"
"Ethniki Dimiourgia",,,,"Greece"
"European Realistic Disobedience Front",7348,"MeRA25","European Realistic Disobedience Front","Greece"
"Free Homeland",,,,"Greece"
"Front of the Greek Anticapitalist Left",95,"Antarsya","Front of the Greek Anticapitalist Left","Greece"
"Golden Dawn",1660,"LS/CA","People's Association / Golden Dawn","Greece"
"Golden Dawn (Chrysi Avgi)",1660,"LS/CA","People's Association / Golden Dawn","Greece"
"Golden Dawn (Xrusi Augi)",1660,"LS/CA","People's Association / Golden Dawn","Greece"
"Golden Dawn/Chrysi Avgi (XA)",1660,"LS/CA","People's Association / Golden Dawn","Greece"
"Greek Anticapitalist Left-Workers Revolutionary Party",,,,"Greece"
"Greek Solution",7347,"EL","Greek Solution","Greece"
"Greek Solution (Elliniki Lysi)",7347,"EL","Greek Solution","Greece"
"Greek Solution (Elliniki Lysi) (EL)",7347,"EL","Greek Solution","Greece"
"Greens",378,"OP","Ecologist Greens","Greece"
"Independent Greeks",1651,"ANEL","Independent Greeks","Greece"
"Independent Greeks - National Patriotic Alliance",1651,"ANEL","Independent Greeks","Greece"
"KKE (Communist party)",48,"KKE","Communist Party of Greece","Greece"
"KKE Communist Party)",48,"KKE","Communist Party of Greece","Greece"
"LAOS (Popular Orthodox Party)",965,"LAOS","Popular Orthodox Rally","Greece"
"LeftWing-Communists",,,,"Greece"
"LeftWing-Socialists",,,,"Greece"
"MERA 25",7348,"MeRA25","European Realistic Disobedience Front","Greece"
"Movement for Change",7909,"KINAL","Movement for Change","Greece"
"Movement for Change (Kinima Allagis) (KINAL) (PASOK and Dimokratiki Symparataxi)",,,,"Greece"
"Movement for Change (Kinima Allagis) (KINAL) (PASOK and Movement of Democratic Socialists,",,,,"Greece"
"Movement for Change (Kinima Allagis) (KINAL) (PASOK, Democratic Left, Potami, and Dimokrat",,,,"Greece"
"Movement for Change (Kinima Allagis) (PASOK, Democratic Left, Potami, and Dimokratiki Symparataxi)",,,,"Greece"
"Movement of Democratic Socialists",3212,"KIDISO","Movement of Democratic Socialists","Greece"
"ND (New Democracy)",794,"ND","New Democracy","Greece"
"New Democracy",794,"ND","New Democracy","Greece"
"New Democracy (N. D.)",794,"ND","New Democracy","Greece"
"New Democracy (ND)",794,"ND","New Democracy","Greece"
"New Democracy - ND",794,"ND","New Democracy","Greece"
"New Right",,,,"Greece"
"PASOK (Panhellenic Socialist Movement)",1468,"PASOK","Panhellenic Socialist Movement","Greece"
"PASOK-KINAL(Kinima Allagis)",,,,"Greece"
"Pan-Hellenic Socialist Movement",1468,"PASOK","Panhellenic Socialist Movement","Greece"
"Pan-Hellenic Socialist Movement - PASOK",1468,"PASOK","Panhellenic Socialist Movement","Greece"
"Panhellenic Citizen Chariot",,,,"Greece"
"Panhellenic Socialist Movement  PASOK",1468,"PASOK","Panhellenic Socialist Movement","Greece"
"Panhellenic Socialist Movement (PA.SO.K)",1468,"PASOK","Panhellenic Socialist Movement","Greece"
"Panhellenic Socialist Movement (PASOK)/Dimokratiki",,,,"Greece"
"People's Association / Golden Dawn",1660,"LS/CA","People's Association / Golden Dawn","Greece"
"Pirate Party of Greece",,,,"Greece"
"Popular Association - Golden Dawn",1660,"LS/CA","People's Association / Golden Dawn","Greece"
"Popular Orhtodox Rally - LAOS",965,"LAOS","Popular Orthodox Rally","Greece"
"Popular Orthodox Rally",965,"LAOS","Popular Orthodox Rally","Greece"
"Popular Orthodox Rally (LA.O.S)",965,"LAOS","Popular Orthodox Rally","Greece"
"Popular Orthodox Rally - LAOS",965,"LAOS","Popular Orthodox Rally","Greece"
"Popular Unity",4512,"LE","Popular Unity","Greece"
"Popular Unity (Laiki Enotita)",4512,"LE","Popular Unity","Greece"
"Potami",3118,"TP","The River","Greece"
"Recreate Greece",471,"DX","Recreate Greece","Greece"
"RightWing",,,,"Greece"
"SYN (Left Wing Coalition)",516,"SYN","Coalition of the Left","Greece"
"SYRIZA",301,"SYRIZA","Coalition of the Radical Left","Greece"
"SocialisticParty",,,,"Greece"
"Society",,,,"Greece"
"The Coalition of the Radical Left (SYRIZA)",301,"SYRIZA","Coalition of the Radical Left","Greece"
"The Communist Party of Greece (KKE)",48,"KKE","Communist Party of Greece","Greece"
"The Ecologist Greens (OP)",378,"OP","Ecologist Greens","Greece"
"The Front of the Greek Anticapitalist Left (ANTARSYA)",95,"Antarsya","Front of the Greek Anticapitalist Left","Greece"
"The Front of the Greek Anticapitalist Left (ANTARSYA)",95,"Antarsya","Front of the Greek Anticapitalist Left","Greece"
"The Front of the Greek Anticapitalist Left (ANTARSYA)",95,"Antarsya","Front of the Greek Anticapitalist Left","Greece"
"The Independent Greeks",1651,"ANEL","Independent Greeks","Greece"
"The Liberal Alliance (FS)",1130,"D — FS","Action — Liberal Alliance","Greece"
"The Panhellenic Socialist Movement (PASOK)",1468,"PASOK","Panhellenic Socialist Movement","Greece"
"The Popular Orthodox Rally (LAOS)",965,"LAOS","Popular Orthodox Rally","Greece"
"The Popular Orthodox Rally (LAOS)",965,"LAOS","Popular Orthodox Rally","Greece"
"The Popular Orthodox Rally (LAOS)",965,"LAOS","Popular Orthodox Rally","Greece"
"The River",3118,"TP","The River","Greece"
"Union of Centrists",2510,"EK","Union of Centrists","Greece"
"Union of Centrists (Enosi Kentro)",2510,"EK","Union of Centrists","Greece"
"Union of Centrists (Enosi Kentroom)",2510,"EK","Union of Centrists","Greece"
"Union of Centrists (Enosi Kentroon)",2510,"EK","Union of Centrists","Greece"
"United Popular Front",7111,"APF","All People Front","Greece"
"Ένωση Κεντρώων",2510,"EK","Union of Centrists","Greece"
"Ανταρσία",95,"Antarsya","Front of the Greek Anticapitalist Left","Greece"
"Ελληνική Λύση",7347,"EL","Greek Solution","Greece"
"ΚΙΝ.ΑΛ.",7909,"KINAL","Movement for Change","Greece"
"ΚΙΝΑ.ΑΛ",7909,"KINAL","Movement for Change","Greece"
"ΚΚΕ",48,"KKE","Communist Party of Greece","Greece"
"ΛΑΟΣ",965,"LAOS","Popular Orthodox Rally","Greece"
"ΜέΡΑ25",7348,"MeRA25","European Realistic Disobedience Front","Greece"
"ΝΔ",794,"ND","New Democracy","Greece"
"Νίκη",9126,"Niki","Democratic Patriotic Movement 'Victory'","Greece"
"Νεά Αριστερά",9316,"NE.AR","New Left","Greece"
"Οικολόγοι Πράσινοι",378,"OP","Ecologist Greens","Greece"
"Πλεύση Ελευθερίας",9088,"PE","Course of Freedom","Greece"
"ΣΥΡΙΖΑ",301,"SYRIZA","Coalition of the Radical Left","Greece"
"Σπαρτιάτες",9129,"Sp","Spartans","Greece"
"Χρυσή Αυγή",1660,"LS/CA","People's Association / Golden Dawn","Greece"
"Come on or Let's go",7910,"Vamos","Come on or Let's go","Guatemala"
"FRG",941,"FRG","Guatemalan Republican Front","Guatemala"
"GANA",538,"GANA","Grand National Alliance","Guatemala"
"GT: Acción Reconciliadora Democrática (ARDE)",4329,"ARDE","Democratic Reconciliatory Action","Guatemala"
"GT: Alianza Nueva Nación (ANN)",1097,"ANN","New Nation Alternative","Guatemala"
"GT: Centro de Acción Social (CASA)",4426,"CASA","Social Action Center","Guatemala"
"GT: Compromiso Renovación y Orden (CREO)",4424,"CREO","Renovation and Order Compromise/Commitment, Renewal and Order","Guatemala"
"GT: Democracia Cristiana Guatemalteca (DCG)",1322,"DCG","Guatemalan Christian Democracy","Guatemala"
"GT: Desarrollo Integral Auténtico (DIA)",2487,"INT","Authentic Integral Development","Guatemala"
"GT: Encuentro por Guatemala",1413,"EG","Encounter for Guatemala","Guatemala"
"GT: Encuentro por Guatemala (EG)",1413,"EG","Encounter for Guatemala","Guatemala"
"GT: Frente Democrático Nueva Guatemala (FDNG)",4336,"FDNG","Democratic Front New Guatemala","Guatemala"
"GT: Frente Republicano Guatemalteco (FRG)",941,"FRG","Guatemalan Republican Front","Guatemala"
"GT: Frente de Convergencia Nacional (FCN-Nación)",5955,"FCN","National Convergence Front","Guatemala"
"GT: Gran Alianza Nacional (GANA)",538,"GANA","Grand National Alliance","Guatemala"
"GT: Libertad Democrática Renovada (LIDER)",4337,"LIDER","Renewed Democratic Liberty","Guatemala"
"GT: Los Verdes (LV)",,,,"Guatemala"
"GT: Movimiento de Liberación Nacional (MLN)",4334,"MLN","National Liberation Movement Party","Guatemala"
"GT: Partido Patriota (PP)",524,"PP","Patriotic Party","Guatemala"
"GT: Partido Político Visión con Valores (VIVA)",6856,"ViVa","Vision with Values","Guatemala"
"GT: Partido Unionista (PU)",71,"PU","Unionist Party","Guatemala"
"GT: Partido de Avanzada Nacional (PAN)",1035,"PAN","National Advancement Party","Guatemala"
"GT: Unidad Nacional de Esperanza (UNE)",1668,"UNE","National Unity of Hope","Guatemala"
"GT: Unidad Nacionalista Organizada (UNO)",,,,"Guatemala"
"GT: Unidad Revolucionaria Nacional Guatemalteca (URNG)",5971,"URNG","Guatemalan National Revolutionary Unity","Guatemala"
"GT: Unión Democrática (UD)",4330,"UD","Democratic Union","Guatemala"
"GT: Unión del Cambio Nacional (UCN)",706,"UCN","National Change Union","Guatemala"
"GT: Victoria (VICTORIA)",,,,"Guatemala"
"National Unity of Hope",1668,"UNE","National Unity of Hope","Guatemala"
"PAN",1035,"PAN","National Advancement Party","Guatemala"
"UNE",1668,"UNE","National Unity of Hope","Guatemala"
"Bloc Libéral (BL)",,,,"Guinea"
"Bloc Libéral -BL",,,,"Guinea"
"DADIS",,,,"Guinea"
"Guinée pour Tous",4278,"GPT","Guinea for All","Guinea"
"Mamadi Doumbouya",,,,"Guinea"
"Nouvelle Generation pour la Republique",8741,"NGR","New Generation for the Republic","Guinea"
"Nouvelles Forces Démocratiques",,,,"Guinea"
"Parti  de l' Espoir pour le Développement National",4277,"PEDN","Party of Hope for National Development","Guinea"
"Parti de l'Espoir pour le Developpement National (PEDN)",4277,"PEDN","Party of Hope for National Development","Guinea"
"Parti de l'Espoir pour le Développement National (PEDN)",4277,"PEDN","Party of Hope for National Development","Guinea"
"Parti de l'Espoir pour le Développement National -PEDN",4277,"PEDN","Party of Hope for National Development","Guinea"
"Parti de l'Unité et du Progrés",5780,"PUP","Unity and Progress Party","Guinea"
"Rassemblement Des Républicains",,,,"Guinea"
"Rassemblement du Peuple de Guinée",4063,"RPG","Rally of the People of Guinea Rainbow","Guinea"
"Rassemblement du Peuple de Guinée (RPG)",4063,"RPG","Rally of the People of Guinea Rainbow","Guinea"
"Rassemblement du Peuple de Guinée -RPG",4063,"RPG","Rally of the People of Guinea Rainbow","Guinea"
"Rassemblement pour le Developpement Intégré de la Guinée (RDIG)",4062,"RIDG","Rally for the Integral Development of Guinea","Guinea"
"Rassemblement pour le Développement Intégré de la Guinée",4062,"RIDG","Rally for the Integral Development of Guinea","Guinea"
"Rassemblement pour le Développement Intégré de la Guinée (RDIG)",4062,"RIDG","Rally for the Integral Development of Guinea","Guinea"
"Rassemblement pour le Développement Intégré de la Guinée -RDIG",4062,"RIDG","Rally for the Integral Development of Guinea","Guinea"
"Union Démocratique de Guinée (UDG)",,,,"Guinea"
"Union Démocratique de Guinée -UDG",,,,"Guinea"
"Union des Forces  Democratique de la  Guinée",4274,"UFDG","Union of Democratic Forces of Guinea","Guinea"
"Union des Forces  Republicaines",4275,"UFR","Union of Republican Forces","Guinea"
"Union des Forces Démocratiques de Guinée (UFDG)",4274,"UFDG","Union of Democratic Forces of Guinea","Guinea"
"Union des Forces Démocratiques de Guinée -UFDG",4274,"UFDG","Union of Democratic Forces of Guinea","Guinea"
"Union des Forces Républicaines (UFR)",4275,"UFR","Union of Republican Forces","Guinea"
"Union des Forces Républicaines -UFR",4275,"UFR","Union of Republican Forces","Guinea"
"Union pour le Progrès de la Guinée (UPG)",4273,"UPG","Union for Progress of Guinea","Guinea"
"Union pour le Progrès de la Guinée -UPG",4273,"UPG","Union for Progress of Guinea","Guinea"
"Union pour le Progrès et du Renouveau",4276,"UPR","Union for Progress and Renewal","Guinea"
"Union pour le progrés",4273,"UPG","Union for Progress of Guinea","Guinea"
"Alternative for Progress and Democracy",5905,"Alternativ","Alternative for Progress and Democracy","Haiti"
"Child of Dessalines Platform - Jean-Charles Moïse",,,,"Haiti"
"Haitian Bald Head Party",7253,"PHTK","Haitian Bald Head Party","Haiti"
"Konviksyon (Irvenson Steven Benoit)",,,,"Haiti"
"Lavalas Family",5268,"FL","Lavalas Family","Haiti"
"Lavalas Political Organization / Struggling People's Or",5602,"OPL","Lavalas Political Organization / Struggling People's Organization","Haiti"
"Movement for Socialist Action",,,,"Haiti"
"Renmen Ayiti (Jean Henry Céant)",8331,"RA","Love Haiti","Haiti"
"Réseau Bouclier National (Steeve Khawly)",,,,"Haiti"
"HO: El Partido Anti Corrupción (PAC)",5160,"PAC","Anti-Corruption Party","Honduras"
"HO: El Partido Libertad y Refundacion (LIBRE)",5161,"LIBRE","Liberty and Refoundation","Honduras"
"HO: El Partido Libertad y Refundación (LIBRE)",5161,"LIBRE","Liberty and Refoundation","Honduras"
"HO: Frente Republicano Guatemalteco (FRG)",,,,"Honduras"
"HO: Gran Alianza Nacional (GANA)",,,,"Honduras"
"HO: Partido Democrata Cristiano de Honduras (PDCH)",1460,"DC","Christian Democratic Party of Honduras","Honduras"
"HO: Partido Demócrata Cristiano de Honduras (PDCH)",1460,"DC","Christian Democratic Party of Honduras","Honduras"
"HO: Partido Innovacion y Unidad (PINU)",1703,"PINU","Innovation and Unity Party","Honduras"
"HO: Partido Innovación y Unidad (PINU)",1703,"PINU","Innovation and Unity Party","Honduras"
"HO: Partido Liberal (PL)",593,"PLH","Liberal Party of Honduras","Honduras"
"HO: Partido Nacional de Honduras (PNH)",1416,"PNH","National Party of Honduras","Honduras"
"HO: Partido Salvador de Honduras (PSH)",,,,"Honduras"
"HO: Partido de Union Democratica (PUD)",1051,"PUD","Democratic Unification Party","Honduras"
"HO: Partido de Unión Democrática (PUD)",1051,"PUD","Democratic Unification Party","Honduras"
"HO: Unidad Nacional de la Esperanza (UNE)",,,,"Honduras"
"HO: Union Democratica (UD)",,,,"Honduras"
"AFD (Free Democr)",910,"SzDSz","Alliance of Free Democrats","Hungary"
"AFD Alliance Free Dem",910,"SzDSz","Alliance of Free Democrats","Hungary"
"AFD-Alliance of Free Democrats",910,"SzDSz","Alliance of Free Democrats","Hungary"
"Agrarian party",1132,"ASZ","Agrarian Alliance","Hungary"
"Agrarszovetseg-Agrarian Alliance",1132,"ASZ","Agrarian Alliance","Hungary"
"Alliance for Hungary - Center Party",,,,"Hungary"
"Alliance of Free Democrats",910,"SzDSz","Alliance of Free Democrats","Hungary"
"Alliance of Young Democrats",1691,"Fidesz","Fidesz — Hungarian Civic Alliance","Hungary"
"CDPP (Chr Demo)",1412,"KDNP","Christian Democratic People's Party","Hungary"
"CDPP Christ Dem Peopl",1412,"KDNP","Christian Democratic People's Party","Hungary"
"CDPP-Christ Democr Peoples P",1412,"KDNP","Christian Democratic People's Party","Hungary"
"CDPP-Christ.Democr.People s P",1412,"KDNP","Christian Democratic People's Party","Hungary"
"CDPP-Christian Democratic Peoples Party",1412,"KDNP","Christian Democratic People's Party","Hungary"
"Center Party",1779,"CP","Centre Party","Hungary"
"Centre Party",1779,"CP","Centre Party","Hungary"
"Centrumpárt",1779,"CP","Centre Party","Hungary"
"Christian Democratic People's Party",1412,"KDNP","Christian Democratic People's Party","Hungary"
"Christian Democratic People's Party (KDNP)",1412,"KDNP","Christian Democratic People's Party","Hungary"
"Christian Democratic Peoples Party",1412,"KDNP","Christian Democratic People's Party","Hungary"
"Christian Democratic Peoples Party - CDPP",1412,"KDNP","Christian Democratic People's Party","Hungary"
"DK (Demokratikus Koalíció)",469,"DK","Democratic Coalition","Hungary"
"Democratic Coalition (DK)",469,"DK","Democratic Coalition","Hungary"
"Democratic Coalition - DK",469,"DK","Democratic Coalition","Hungary"
"Democratic Coalition - DK, Demokratikus Koalicio",469,"DK","Democratic Coalition","Hungary"
"Democratic Coalition - Demokratikus Koalicio (DK)",469,"DK","Democratic Coalition","Hungary"
"Demokratikus Koalíció (Democratic Coalition)",469,"DK","Democratic Coalition","Hungary"
"Demokratikus Koalíció, DK",469,"DK","Democratic Coalition","Hungary"
"Dialogue for Hungary (PM)",3115,"PM","Dialogue for Hungary","Hungary"
"Dialogue for Hungary - PM, Parbeszed Magyarorszagert",3115,"PM","Dialogue for Hungary","Hungary"
"Dialogue for Hungary - Parbeszed Magyarorszagert (PM)",3115,"PM","Dialogue for Hungary","Hungary"
"Együtt - A Korszakváltók Pártja",2458,"Egyutt","Together — Party for a New Era","Hungary"
"Együtt - A Korszakváltók Pártja (Together – a Party for a New Era)",2458,"Egyutt","Together — Party for a New Era","Hungary"
"Együtt 2014 Mozgalom (Haza és Haladás, Milla, Szolidaritás)",2458,"Egyutt","Together — Party for a New Era","Hungary"
"Együtt2014 Mozgalom",2458,"Egyutt","Together — Party for a New Era","Hungary"
"FFD-Free Democrats",910,"SzDSz","Alliance of Free Democrats","Hungary"
"FIDESZ",1691,"Fidesz","Fidesz — Hungarian Civic Alliance","Hungary"
"FIDESZ (Fidesz Magyar Polgári Párt)",1691,"Fidesz","Fidesz — Hungarian Civic Alliance","Hungary"
"FIDESZ Magyar Polgari Part - Federation of Young Democrats",1691,"Fidesz","Fidesz — Hungarian Civic Alliance","Hungary"
"FIDESZ Magyar Polgári Párt",1691,"Fidesz","Fidesz — Hungarian Civic Alliance","Hungary"
"FIDESZ-Federation of Young Democrats",1691,"Fidesz","Fidesz — Hungarian Civic Alliance","Hungary"
"FIDESZ-MPP Fed of Young Democrats",1691,"Fidesz","Fidesz — Hungarian Civic Alliance","Hungary"
"FKGP-Independent Small Holders",1294,"FKgP","Independent Smallholders Party (1988)","Hungary"
"FKNP (FÜGGETLEN KISGAZDA-, NEMZETI EGYSÉG PÁRT)",1294,"FKgP","Independent Smallholders Party (1988)","Hungary"
"FKgP-Independent Smallholders Party",1294,"FKgP","Independent Smallholders Party (1988)","Hungary"
"FYD (Young Democr)",1691,"Fidesz","Fidesz — Hungarian Civic Alliance","Hungary"
"FYD Feder Young Dem",1691,"Fidesz","Fidesz — Hungarian Civic Alliance","Hungary"
"FYD-Federation of Young Democrats",1691,"Fidesz","Fidesz — Hungarian Civic Alliance","Hungary"
"Federation of Young Democrats - FYD",1691,"Fidesz","Fidesz — Hungarian Civic Alliance","Hungary"
"Fiatal Demokratak Szoevetsege (FIDESZ-MPP)",1691,"Fidesz","Fidesz — Hungarian Civic Alliance","Hungary"
"Fidesz",1691,"Fidesz","Fidesz — Hungarian Civic Alliance","Hungary"
"Fidesz (Fidesz Magyar Polgári Párt)",1691,"Fidesz","Fidesz — Hungarian Civic Alliance","Hungary"
"Fidesz - KDNP",6366,"Fidesz — KDNP","Fidesz — KDNP Party Alliance / Alliance of Hungarian Solidarity","Hungary"
"Fidesz Magyar Polgári Szövetség Fidesz",1691,"Fidesz","Fidesz — Hungarian Civic Alliance","Hungary"
"Fidesz-Hungarian Civic Party Alliance Party",1691,"Fidesz","Fidesz — Hungarian Civic Alliance","Hungary"
"Fidesz-Magyar Polgári Szövetség (Fidesz – Hungarian Civic Alliance)",1691,"Fidesz","Fidesz — Hungarian Civic Alliance","Hungary"
"Fidesz-Magyar Polgári Szövetség (Fidesz)",1691,"Fidesz","Fidesz — Hungarian Civic Alliance","Hungary"
"Fidesz-Magyar Polgári Szövetség (Fidesz-MPSZ)",1691,"Fidesz","Fidesz — Hungarian Civic Alliance","Hungary"
"Free Democrats - FFD",910,"SzDSz","Alliance of Free Democrats","Hungary"
"Fuggetlen Kisgazda Part (FKGP) - Independent Smallholders Party",1294,"FKgP","Independent Smallholders Party (1988)","Hungary"
"Független Kisgazda Párt-FKgP",1294,"FKgP","Independent Smallholders Party (1988)","Hungary"
"Független Kisgazda és Polgári Párt - FKGP",1294,"FKgP","Independent Smallholders Party (1988)","Hungary"
"HDF (Democr Forum)",1697,"MDF","Hungarian Democratic Forum","Hungary"
"HDF Hung Dem Forum",1697,"MDF","Hungarian Democratic Forum","Hungary"
"HDF- Hungarian Democratic Forum",1697,"MDF","Hungarian Democratic Forum","Hungary"
"HDF-Hungarian Democratic Forum",1697,"MDF","Hungarian Democratic Forum","Hungary"
"HIJP-Hungarian Truth",1597,"MIEP","Hungarian Justice and Life Party","Hungary"
"HIJP-Hungarina Truth",1597,"MIEP","Hungarian Justice and Life Party","Hungary"
"HLTP-Hungarian Life and Truth Party",1597,"MIEP","Hungarian Justice and Life Party","Hungary"
"HSP (Socialist)",1408,"MSZP","Hungarian Socialist Party","Hungary"
"HSP Hung Socialist P",1408,"MSZP","Hungarian Socialist Party","Hungary"
"HSP-Hungarian Socialist Party",1408,"MSZP","Hungarian Socialist Party","Hungary"
"HSPW (Socialist Wk)",299,"MSZMP","Hungarian Socialist Workers' Party","Hungary"
"HSPW (Workers party)",299,"MSZMP","Hungarian Socialist Workers' Party","Hungary"
"HSPW Hung Soc Workers",299,"MSZMP","Hungarian Socialist Workers' Party","Hungary"
"HSPW-Socialist Workers",299,"MSZMP","Hungarian Socialist Workers' Party","Hungary"
"HSPW-Socialist workers",299,"MSZMP","Hungarian Socialist Workers' Party","Hungary"
"HSWP-Socialist Workers",299,"MSZMP","Hungarian Socialist Workers' Party","Hungary"
"HTJP-Hungarian Truth",1597,"MIEP","Hungarian Justice and Life Party","Hungary"
"HTJP-Hungarinan Truth",1597,"MIEP","Hungarian Justice and Life Party","Hungary"
"HWP-Workers Party",859,"MKM","Hungarian Communist Workers' Party","Hungary"
"Hung Justice and Life",1597,"MIEP","Hungarian Justice and Life Party","Hungary"
"Hung justice and li",1597,"MIEP","Hungarian Justice and Life Party","Hungary"
"Hung. Civic Alliance-Christian Dem. People's Party - Fidesz-Magyar Polgari Szovetseg-Keresztenydemokrata Neppart (FIDESZ",6366,"Fidesz — KDNP","Fidesz — KDNP Party Alliance / Alliance of Hungarian Solidarity","Hungary"
"Hungarian Civic Alliance - Christian Democratic People's Par",6366,"Fidesz — KDNP","Fidesz — KDNP Party Alliance / Alliance of Hungarian Solidarity","Hungary"
"Hungarian Civic Alliance - Christian Democratic People's Party - FIDESZ-KDNP",6366,"Fidesz — KDNP","Fidesz — KDNP Party Alliance / Alliance of Hungarian Solidarity","Hungary"
"Hungarian Civic Alliance-Christian Democratic People's Party",6366,"Fidesz — KDNP","Fidesz — KDNP Party Alliance / Alliance of Hungarian Solidarity","Hungary"
"Hungarian Civic Alliance-Christian Democratic People's Party - FIDESZ-KDNP",6366,"Fidesz — KDNP","Fidesz — KDNP Party Alliance / Alliance of Hungarian Solidarity","Hungary"
"Hungarian Civic Union - Christian Democratic People's Party - FIDESZ - KDNP",6366,"Fidesz — KDNP","Fidesz — KDNP Party Alliance / Alliance of Hungarian Solidarity","Hungary"
"Hungarian Democratic Forum",1697,"MDF","Hungarian Democratic Forum","Hungary"
"Hungarian Democratic Forum - HDF",1697,"MDF","Hungarian Democratic Forum","Hungary"
"Hungarian Democratic Forum - MDF",1697,"MDF","Hungarian Democratic Forum","Hungary"
"Hungarian Democratic People's Party",1412,"KDNP","Christian Democratic People's Party","Hungary"
"Hungarian Justice and Life Party",1597,"MIEP","Hungarian Justice and Life Party","Hungary"
"Hungarian Liberal Party (Liberálisok)",,,,"Hungary"
"Hungarian Socialist Party",1408,"MSZP","Hungarian Socialist Party","Hungary"
"Hungarian Socialist Party (MSZP)",1408,"MSZP","Hungarian Socialist Party","Hungary"
"Hungarian Socialist Party - Dialogue for Hungary",,,,"Hungary"
"Hungarian Socialist Party - HSP",1408,"MSZP","Hungarian Socialist Party","Hungary"
"Hungarian Socialist Party - MSZP",1408,"MSZP","Hungarian Socialist Party","Hungary"
"Hungarian Socialist Party - MSZP, Egyuett, PM, DK, MLP",,,,"Hungary"
"Hungarian Socialist Party - MSZP, Magyar Szocialista Part",1408,"MSZP","Hungarian Socialist Party","Hungary"
"Hungarian Socialist Party - MSZP-DK (Egyutt-PM-MLP)",,,,"Hungary"
"Hungarian Socialist Party - MSZP-DK (Együtt-PM-MLP)",,,,"Hungary"
"Hungarian Socialist Party - MSZP-DK (Egütt-PM-MLP)",,,,"Hungary"
"Hungarian Socialist Party - Magyar Szocialista Part (MSZP)",1408,"MSZP","Hungarian Socialist Party","Hungary"
"Hungarian Socialist Workers' Party",299,"MSZMP","Hungarian Socialist Workers' Party","Hungary"
"Hungarian Truth - Truth",1597,"MIEP","Hungarian Justice and Life Party","Hungary"
"Hungarian Two-tailed Dog Party",6129,"MKKP","Hungarian Two-tailed Dog Party","Hungary"
"Hungarian Two-tailed Dog Party (MKKP)",6129,"MKKP","Hungarian Two-tailed Dog Party","Hungary"
"Hungarian Worker's Party",859,"MKM","Hungarian Communist Workers' Party","Hungary"
"Hungarian Workers' Party (Munkáspárt)",859,"MKM","Hungarian Communist Workers' Party","Hungary"
"Hungary Democratic Forum",1697,"MDF","Hungarian Democratic Forum","Hungary"
"Hungary's Green Party, Politics can be different - LMP, Lehet Mas a Politika",1650,"LMP—Greens","Politics Can Be Different — LMP – Hungary's Green Party","Hungary"
"Hungary's Green Party, Politics can be diﬀerent - Lehet Mas a Politika (LMP)",1650,"LMP—Greens","Politics Can Be Different — LMP – Hungary's Green Party","Hungary"
"ISHP (Small Holder)",1294,"FKgP","Independent Smallholders Party (1988)","Hungary"
"ISHP Indep Small Hold",1294,"FKgP","Independent Smallholders Party (1988)","Hungary"
"ISHP-Independent Small Holders",1294,"FKgP","Independent Smallholders Party (1988)","Hungary"
"Independant Small Holders Party",1294,"FKgP","Independent Smallholders Party (1988)","Hungary"
"Independent Small Holders Party",1294,"FKgP","Independent Smallholders Party (1988)","Hungary"
"JMH-Jobbik Movement for Hungary",42,"Jobbik","Movement for a Better Hungary","Hungary"
"Jobbik (Jobbik Magyarországért Mozgalom)",42,"Jobbik","Movement for a Better Hungary","Hungary"
"Jobbik - Movement for a Better Hungary",42,"Jobbik","Movement for a Better Hungary","Hungary"
"Jobbik MagyarorszAgArt Mozgalom - JOBBIK",42,"Jobbik","Movement for a Better Hungary","Hungary"
"Jobbik Magyarorszagert Mozgalom",42,"Jobbik","Movement for a Better Hungary","Hungary"
"Jobbik Magyarországért Mozgalom",42,"Jobbik","Movement for a Better Hungary","Hungary"
"Jobbik Magyarországért Mozgalom (JOBBIK)",42,"Jobbik","Movement for a Better Hungary","Hungary"
"Jobbik Magyarországért Mozgalom (Movement for a Better Hungary)",42,"Jobbik","Movement for a Better Hungary","Hungary"
"Jobbik Magyarországért Mozgalom - JOBBIK",42,"Jobbik","Movement for a Better Hungary","Hungary"
"Jobbik, Movement for a Better Hungary - Jobbik Magyarorszagert",42,"Jobbik","Movement for a Better Hungary","Hungary"
"Jobbik, Movement for a Better Hungary - Jobbik Magyarorszagert (JOBBIK)",42,"Jobbik","Movement for a Better Hungary","Hungary"
"Jobbik, the Movement for a Better Hungary - Jobbik",42,"Jobbik","Movement for a Better Hungary","Hungary"
"Jobbik, the Movement for a Better Hungary - Jobbik Magyarors",42,"Jobbik","Movement for a Better Hungary","Hungary"
"Jobbik, the Movement for a Better Hungary - Jobbik Magyarorszagert Mozgalom",42,"Jobbik","Movement for a Better Hungary","Hungary"
"KDNP",1412,"KDNP","Christian Democratic People's Party","Hungary"
"KDNP (Kereszténydemokrata Néppárt)",1412,"KDNP","Christian Democratic People's Party","Hungary"
"KDNP-Christ.Democr.People s P",1412,"KDNP","Christian Democratic People's Party","Hungary"
"KDNP-Christian Democratic Peoples Party",1412,"KDNP","Christian Democratic People's Party","Hungary"
"Kereszteny Demokrata Neppart (KDNP) - Christian Democratic Peoples Party",1412,"KDNP","Christian Democratic People's Party","Hungary"
"Keresztenydemokrata Part - Kereszteny Centrum Osszefogas",1412,"KDNP","Christian Democratic People's Party","Hungary"
"Keresztény Demokrata Néppárt-KDNP",1412,"KDNP","Christian Democratic People's Party","Hungary"
"Kereszténydemokrata Néppárt (Christian Democratic People's Party)",1412,"KDNP","Christian Democratic People's Party","Hungary"
"Kereszténydemokrata Néppárt (KDNP)",1412,"KDNP","Christian Democratic People's Party","Hungary"
"Kereszténydemokrata Néppárt (KDNP) (Christian Democratic People's Party)",1412,"KDNP","Christian Democratic People's Party","Hungary"
"Kereszténydemokrata Néppárt - KDNP",1412,"KDNP","Christian Democratic People's Party","Hungary"
"Kereszténydemokrata Párt - Keresztény Centrum Összefogás",1412,"KDNP","Christian Democratic People's Party","Hungary"
"Koztarsasag Part-Republic Party",3795,"KP","Republican Party","Hungary"
"LMP (Lehet Más A Politika)",1650,"LMP—Greens","Politics Can Be Different — LMP – Hungary's Green Party","Hungary"
"Lehet Mas a Politika (LMP)",1650,"LMP—Greens","Politics Can Be Different — LMP – Hungary's Green Party","Hungary"
"Lehet Más a Politika (LMP)",1650,"LMP—Greens","Politics Can Be Different — LMP – Hungary's Green Party","Hungary"
"Lehet Más a Politika (LMP) (Politics Can Be Different)",1650,"LMP—Greens","Politics Can Be Different — LMP – Hungary's Green Party","Hungary"
"Lehet Más a Politika (Politics Can Be Different)",1650,"LMP—Greens","Politics Can Be Different — LMP – Hungary's Green Party","Hungary"
"MDF",1697,"MDF","Hungarian Democratic Forum","Hungary"
"MDF - FIDESZ - MPP Joint Candidate",,,,"Hungary"
"MDF-Hungarian Democratic Forum",1697,"MDF","Hungarian Democratic Forum","Hungary"
"MEMO (Megoldás Mozgalom)",9128,"MEMO","Solution Movement","Hungary"
"MIEP-Hungarian Justice a Life P",1597,"MIEP","Hungarian Justice and Life Party","Hungary"
"MIÉP",1597,"MIEP","Hungarian Justice and Life Party","Hungary"
"MIÉP (Magyar Igazság És Élet Pártja)",1597,"MIEP","Hungarian Justice and Life Party","Hungary"
"MKKP (Magyar Kétfarkú Kutya Párt)",6129,"MKKP","Hungarian Two-tailed Dog Party","Hungary"
"MRDP (MAGYARORSZÁGI ROMÁK DEMOKRATIKUS PÁRTJA)",,,,"Hungary"
"MSZDP (Magyar Szociáldemokrata Párt)",1726,"MSzDP","Social Democratic Party of Hungary (1989)","Hungary"
"MSZDP-Social Democratic Party",1726,"MSzDP","Social Democratic Party of Hungary (1989)","Hungary"
"MSZMP-Workers Party",299,"MSZMP","Hungarian Socialist Workers' Party","Hungary"
"MSZP",1408,"MSZP","Hungarian Socialist Party","Hungary"
"MSZP (Magyar Szocialista Párt)",1408,"MSZP","Hungarian Socialist Party","Hungary"
"MSZP-Hungarian Socialist Party",1408,"MSZP","Hungarian Socialist Party","Hungary"
"MSZP-Hungarian Socialist Party (ex Communists)",1408,"MSZP","Hungarian Socialist Party","Hungary"
"MUNKÁSPÁRT",859,"MKM","Hungarian Communist Workers' Party","Hungary"
"Magyar Demokrata Forum (MDF) - Hungarian Democratic Forum",1697,"MDF","Hungarian Democratic Forum","Hungary"
"Magyar Demokrata Fórum (MDF)",1697,"MDF","Hungarian Democratic Forum","Hungary"
"Magyar Demokrata Fórum - MDF",1697,"MDF","Hungarian Democratic Forum","Hungary"
"Magyar Demokrata Fórum-MDF",1697,"MDF","Hungarian Democratic Forum","Hungary"
"Magyar Demokrata Neppart (MDNP) - Hungarian Democratic Peopleas Party",,,,"Hungary"
"Magyar Igazsag es Elet Partja (MIEP) - Party of Hungarian Justice and Life",1597,"MIEP","Hungarian Justice and Life Party","Hungary"
"Magyar Igazság és Élet Pártja (MIÉP)",1597,"MIEP","Hungarian Justice and Life Party","Hungary"
"Magyar Igazság és Élet Pártja - MIÉP",1597,"MIEP","Hungarian Justice and Life Party","Hungary"
"Magyar Igazság és Élet Pártja-MIÉP",1597,"MIEP","Hungarian Justice and Life Party","Hungary"
"Magyar Kommunista Munkáspárt",859,"MKM","Hungarian Communist Workers' Party","Hungary"
"Magyar Kommunista Munkáspárt Munkáspárt",859,"MKM","Hungarian Communist Workers' Party","Hungary"
"Magyar Kétfarkú Kutya Párt (MKKP)",6129,"MKKP","Hungarian Two-tailed Dog Party","Hungary"
"Magyar Liberális Párt (Hungarian Liberal Party)",,,,"Hungary"
"Magyar Szocialista Munkaspart (MSZMP) - Hungarian Socialist WorkersA Party",299,"MSZMP","Hungarian Socialist Workers' Party","Hungary"
"Magyar Szocialista Munkáspárt-MSZMP",299,"MSZMP","Hungarian Socialist Workers' Party","Hungary"
"Magyar Szocialista Part (MSZP) - Hungarian Socialist Party (ex Communists)",1408,"MSZP","Hungarian Socialist Party","Hungary"
"Magyar Szocialista Párt (Hungarian Socialist Party)",1408,"MSZP","Hungarian Socialist Party","Hungary"
"Magyar Szocialista Párt (MSZP)",1408,"MSZP","Hungarian Socialist Party","Hungary"
"Magyar Szocialista Párt - MSZP",1408,"MSZP","Hungarian Socialist Party","Hungary"
"Magyar Szocialista Párt-MSZP",1408,"MSZP","Hungarian Socialist Party","Hungary"
"Magyar Videk es Polgari Part",,,,"Hungary"
"Magyar Vidék és Polgári Párt",,,,"Hungary"
"Magyarorszagi Szocialdemokrata Part",1726,"MSzDP","Social Democratic Party of Hungary (1989)","Hungary"
"Magyarorszagi Szocialdemokrata Part (MSZDP) - Social Democratic Party of Hungary",1726,"MSzDP","Social Democratic Party of Hungary (1989)","Hungary"
"Magyarorszagi Zoeld Part (MZP) - Green Party of Hungary",,,,"Hungary"
"Mi Hazánk Mozgalom",7349,"MHM","Our Homeland Movement","Hungary"
"Modern Magyarország Mozgalom (MOMA)",,,,"Hungary"
"Momentum Movement",8249,"MM","Momentum Movement","Hungary"
"Momentum Movement (Momentum)",8249,"MM","Momentum Movement","Hungary"
"Momentum Movement - M, Momentum Mozgalom",8249,"MM","Momentum Movement","Hungary"
"Momentum Movement - Momentum Mozgalom (MM)",8249,"MM","Momentum Movement","Hungary"
"Momentum Mozgalom",8249,"MM","Momentum Movement","Hungary"
"Movement for a Better Hungary (Jobbik)",42,"Jobbik","Movement for a Better Hungary","Hungary"
"Movement for a Better Hungary - Jobbik",42,"Jobbik","Movement for a Better Hungary","Hungary"
"Movement for a Better Hungary - Jobbik (Magyarorszagert Mozg",42,"Jobbik","Movement for a Better Hungary","Hungary"
"Movement for a Better Hungary - Jobbik (Magyarorszagert Mozgalom)",42,"Jobbik","Movement for a Better Hungary","Hungary"
"Movement for a Better Hungary - Jobbik Magyarorszagert Mozgalom",42,"Jobbik","Movement for a Better Hungary","Hungary"
"Munkaspart",859,"MKM","Hungarian Communist Workers' Party","Hungary"
"Munkáspárt",859,"MKM","Hungarian Communist Workers' Party","Hungary"
"Munkáspárt (Magyar Kommunista Munkáspárt)",859,"MKM","Hungarian Communist Workers' Party","Hungary"
"NDSZ-National Democratic Federation",,,,"Hungary"
"National Dem Fed",,,,"Hungary"
"National dem fed",,,,"Hungary"
"NÉP (Normális Élet Pártja)",,,,"Hungary"
"PCD-Politics Can be Different",1650,"LMP—Greens","Politics Can Be Different — LMP – Hungary's Green Party","Hungary"
"Party of entrepreneu",184,"VP","Entrepreneurs' Party","Hungary"
"Party of entrepreneurs",184,"VP","Entrepreneurs' Party","Hungary"
"Politics Can Be Different (LMP)",1650,"LMP—Greens","Politics Can Be Different — LMP – Hungary's Green Party","Hungary"
"Politics Can Be Different - LMP",1650,"LMP—Greens","Politics Can Be Different — LMP – Hungary's Green Party","Hungary"
"Politics Can Be Different - LMP (Lehet Mas a Politika)",1650,"LMP—Greens","Politics Can Be Different — LMP – Hungary's Green Party","Hungary"
"Politics can Be Different - LMP",1650,"LMP—Greens","Politics Can Be Different — LMP – Hungary's Green Party","Hungary"
"Párbeszéd (Párbeszéd Magyarországért Párt)",3115,"PM","Dialogue for Hungary","Hungary"
"Párbeszéd Magyarországért (Dialogue)",3115,"PM","Dialogue for Hungary","Hungary"
"Párbeszéd Magyarországért (PM)",3115,"PM","Dialogue for Hungary","Hungary"
"Republic Party",3795,"KP","Republican Party","Hungary"
"Republic party",3795,"KP","Republican Party","Hungary"
"SDHP (Soc Democr)",1726,"MSzDP","Social Democratic Party of Hungary (1989)","Hungary"
"SDHP (Soc Democrats)",1726,"MSzDP","Social Democratic Party of Hungary (1989)","Hungary"
"SDHP Soc Dem Party Hung",1726,"MSzDP","Social Democratic Party of Hungary (1989)","Hungary"
"SDHP-Social Democratic Party",1726,"MSzDP","Social Democratic Party of Hungary (1989)","Hungary"
"SZDP (SZOCIÁLDEMOKRATA PÁRT)",1726,"MSzDP","Social Democratic Party of Hungary (1989)","Hungary"
"SZDSZ",910,"SzDSz","Alliance of Free Democrats","Hungary"
"SZDSZ (Szabad Demokraták Szövetsége - A Magyar Liberális Párt)",910,"SzDSz","Alliance of Free Democrats","Hungary"
"SZDSZ-Alliance of Free Democrats",910,"SzDSz","Alliance of Free Democrats","Hungary"
"Szabad Demokratak Szovetsege (SZDSZ) - Aliance of Free Democrats",910,"SzDSz","Alliance of Free Democrats","Hungary"
"Szabad Demokraták Szövetsége - Magyar Liberális Párt",910,"SzDSz","Alliance of Free Democrats","Hungary"
"Szabad Demokraták Szövetsége - Magyar Liberális Párt (SZDSZ)",910,"SzDSz","Alliance of Free Democrats","Hungary"
"Szabad Demokraták Szövetsége - SZDSZ",910,"SzDSz","Alliance of Free Democrats","Hungary"
"Szabad Demokraták Szövetsége-SZDSZ",910,"SzDSz","Alliance of Free Democrats","Hungary"
"Together",2458,"Egyutt","Together — Party for a New Era","Hungary"
"Together – Party for a New Era (Együtt)",2458,"Egyutt","Together — Party for a New Era","Hungary"
"Together, Party for a New Era - Egyuett-a Korszakvaltok Partja",2458,"Egyutt","Together — Party for a New Era","Hungary"
"Together, Party for a New Era - Egyutt-a Korszakvaltok Partja (EGYUTT)",2458,"Egyutt","Together — Party for a New Era","Hungary"
"UJ Szovetseg",,,,"Hungary"
"Vallalkozok",184,"VP","Entrepreneurs' Party","Hungary"
"Vallalkozok Partja-Entrepreneurs P",184,"VP","Entrepreneurs' Party","Hungary"
"WP-Workers Party",859,"MKM","Hungarian Communist Workers' Party","Hungary"
"Workers Party - WP",859,"MKM","Hungarian Communist Workers' Party","Hungary"
"Working Party",859,"MKM","Hungarian Communist Workers' Party","Hungary"
"Új Kezdet – (New Beginning)",,,,"Hungary"
"Alliance Party",1396,"Sam","Social Democratic Alliance","Iceland"
"Alpyoubandalag",1249,"Ab","People's Alliance","Iceland"
"Alpyouflokkur",1325,"A","Social Democratic Party","Iceland"
"Alþýðufylkingunni",494,"Th-Ff","People's Movement","Iceland"
"Bandalag jafnaoarmanna",854,"BJ","Social Democratic Federation","Iceland"
"Bjartri framtíð",2517,"BF","Bright Future","Iceland"
"Borgarahreyfinguna",224,"B","Citizens' Movement","Iceland"
"Bright Future",2517,"BF","Bright Future","Iceland"
"Bright Future (A)",2517,"BF","Bright Future","Iceland"
"Bright Future - A",2517,"BF","Bright Future","Iceland"
"Bright Future - Bjarta framtíð (A)",2517,"BF","Bright Future","Iceland"
"Centre Party",7565,"CP","Centre Party","Iceland"
"Centre Party (M)",7565,"CP","Centre Party","Iceland"
"Centre Party - Midflokkurinn (M)",7565,"CP","Centre Party","Iceland"
"Citizen Movement",224,"B","Citizens' Movement","Iceland"
"Citizen's Movement",224,"B","Citizens' Movement","Iceland"
"Dawn",2518,"Dawn","Dawn — Organization of justice, fairness and democracy","Iceland"
"Dawn (T)",2518,"Dawn","Dawn — Organization of justice, fairness and democracy","Iceland"
"Dawn - Dögun (P)",2518,"Dawn","Dawn — Organization of justice, fairness and democracy","Iceland"
"Dawn - P",2518,"Dawn","Dawn — Organization of justice, fairness and democracy","Iceland"
"Dawn - The organization of justice, fairness and democracy",2518,"Dawn","Dawn — Organization of justice, fairness and democracy","Iceland"
"Democracy Movement",,,,"Iceland"
"Democracy Watch",,,,"Iceland"
"Democracy Watch - L",,,,"Iceland"
"Democracy Watch - Lýðræðisvaktina (L)",,,,"Iceland"
"Flokk fólksins",5852,"FlF","People's Party","Iceland"
"Flokk mannsins",,,,"Iceland"
"Flokki fólksins",5852,"FlF","People's Party","Iceland"
"Flokki heimilanna",2519,"FH","Households Party","Iceland"
"Framsoknarflokkur",964,"F","Progressive Party","Iceland"
"Framsóknarflokkinn",964,"F","Progressive Party","Iceland"
"Framsóknarflokknum",964,"F","Progressive Party","Iceland"
"Households Party",2519,"FH","Households Party","Iceland"
"Households Party - Flokk heimilanna (I)",2519,"FH","Households Party","Iceland"
"Households Party - I",2519,"FH","Households Party","Iceland"
"Hreyfingunni",224,"B","Citizens' Movement","Iceland"
"Humanist Party",1070,"Fm","Humanist Party","Iceland"
"Humanist Party - Húmanistaflokkinn (H)",1070,"Fm","Humanist Party","Iceland"
"Icelandic National Front",,,,"Iceland"
"Icelandic National Front - Íslensku þjóðfylkinguna (E)",,,,"Iceland"
"Independence Party",363,"Sj","Independence Party","Iceland"
"Independence Party (D)",363,"Sj","Independence Party","Iceland"
"Independence Party - D",363,"Sj","Independence Party","Iceland"
"Independence Party - Sjalfstaedisflokkurinn (D)",363,"Sj","Independence Party","Iceland"
"Independence Party - Sjalfstaedisflokkurinn (D), 2017",363,"Sj","Independence Party","Iceland"
"Independence Party - Sjálfstæðisflokkinn (D)",363,"Sj","Independence Party","Iceland"
"Independent Party",363,"Sj","Independence Party","Iceland"
"Left  Green Movement",457,"Graen","Left-Green Movement","Iceland"
"Left - Green Movement",457,"Graen","Left-Green Movement","Iceland"
"Left - Greens",457,"Graen","Left-Green Movement","Iceland"
"Left-Green Movement",457,"Graen","Left-Green Movement","Iceland"
"Left-Green Movement (V)",457,"Graen","Left-Green Movement","Iceland"
"Left-Green Movement - V",457,"Graen","Left-Green Movement","Iceland"
"Left-Green Movement - Vinstri hreyfingin/ graent frambod (V)",457,"Graen","Left-Green Movement","Iceland"
"Left-Green Movement - Vinstri hreyfingin/ graent frambod (V), 2017",457,"Graen","Left-Green Movement","Iceland"
"Left-Green Movement - Vinstri hreyfinguna  græn framboð (V)",457,"Graen","Left-Green Movement","Iceland"
"Left-Green Movement - Vinstri hreyfinguna-grænt framboð (V)",457,"Graen","Left-Green Movement","Iceland"
"Liberal Party",1224,"Ff","Liberal Party","Iceland"
"Miðflokkinn",7565,"CP","Centre Party","Iceland"
"Miðflokknum",7565,"CP","Centre Party","Iceland"
"People's Front of Iceland",494,"Th-Ff","People's Movement","Iceland"
"People's Front of Iceland (R)",,,,"Iceland"
"People's Front of Iceland - Alþýðufylkinguna (R)",494,"Th-Ff","People's Movement","Iceland"
"People's Party",5852,"FlF","People's Party","Iceland"
"People's Party (F)",5852,"FlF","People's Party","Iceland"
"People's Party - Flokk fólksins (F)",5852,"FlF","People's Party","Iceland"
"People's front of Iceland - Alþýðufylkinguna (R)",494,"Th-Ff","People's Movement","Iceland"
"People's front of Iceland - R",494,"Th-Ff","People's Movement","Iceland"
"Peoples Party - Flokkur folksins (F)",5852,"FlF","People's Party","Iceland"
"Peoples Party - Flokkur folksins (F), 2017",5852,"FlF","People's Party","Iceland"
"People´s Alliance",1249,"Ab","People's Alliance","Iceland"
"Pirata",2048,"Pi","Pirate Party of Iceland","Iceland"
"Pirate Party",2048,"Pi","Pirate Party of Iceland","Iceland"
"Pirate Party (P)",2048,"Pi","Pirate Party of Iceland","Iceland"
"Pirate Party - Piratar (P)",2048,"Pi","Pirate Party of Iceland","Iceland"
"Pirate Party - Piratar (P), 2017",2048,"Pi","Pirate Party of Iceland","Iceland"
"Pirate Party - Pírata (P)",2048,"Pi","Pirate Party of Iceland","Iceland"
"Pirate Party - Pírata (Þ)",2048,"Pi","Pirate Party of Iceland","Iceland"
"Pirate Party - Þ",2048,"Pi","Pirate Party of Iceland","Iceland"
"Pirate party",2048,"Pi","Pirate Party of Iceland","Iceland"
"Pjooarflokk",1071,"Thod","National Party","Iceland"
"Progressive Party",964,"F","Progressive Party","Iceland"
"Progressive Party (B)",964,"F","Progressive Party","Iceland"
"Progressive Party - B",964,"F","Progressive Party","Iceland"
"Progressive Party - Framsoknarflokkurinn  (B)",964,"F","Progressive Party","Iceland"
"Progressive Party - Framsoknarflokkurinn (B), 2017",964,"F","Progressive Party","Iceland"
"Progressive Party - Framsóknarflokkinn (B)",964,"F","Progressive Party","Iceland"
"Pírata",2048,"Pi","Pirate Party of Iceland","Iceland"
"Pírötum",2048,"Pi","Pirate Party of Iceland","Iceland"
"Rainbow",2515,"Rebo","Rainbow","Iceland"
"Rainbow - J",2515,"Rebo","Rainbow","Iceland"
"Rainbow - Regnbogann (J)",2515,"Rebo","Rainbow","Iceland"
"Reform Party",5454,"V","Reform Party","Iceland"
"Reform Party (C)",5454,"V","Reform Party","Iceland"
"Right - Green People's",2516,"HG","RIght-Green People's Party","Iceland"
"Right - Green People's Party",2516,"HG","RIght-Green People's Party","Iceland"
"Right Green People's Party - G",2516,"HG","RIght-Green People's Party","Iceland"
"Right Green Peoples Party - Hægri græna (G)",2516,"HG","RIght-Green People's Party","Iceland"
"Rural Party - Landsbyggðarflokkinn (M)",,,,"Iceland"
"Samfylkinguna",1396,"Sam","Social Democratic Alliance","Iceland"
"Samfylkingunni",1396,"Sam","Social Democratic Alliance","Iceland"
"Samstöðu",,,,"Iceland"
"Samtok um kvennalista",1955,"Kv","Women's List","Iceland"
"Sjalfstaeoisflokkur",363,"Sj","Independence Party","Iceland"
"Sjálfstæðisflokkinn",363,"Sj","Independence Party","Iceland"
"Sjálfstæðisflokknum",363,"Sj","Independence Party","Iceland"
"Social Democratic Alliance",1396,"Sam","Social Democratic Alliance","Iceland"
"Social Democratic Alliance (S)",1396,"Sam","Social Democratic Alliance","Iceland"
"Social Democratic Alliance - S",1396,"Sam","Social Democratic Alliance","Iceland"
"Social Democratic Alliance - Samfylkingin (S)",1396,"Sam","Social Democratic Alliance","Iceland"
"Social Democratic Alliance - Samfylkingin (S), 2017",1396,"Sam","Social Democratic Alliance","Iceland"
"Social Democratic Alliance - Samfylkinguna (S)",1396,"Sam","Social Democratic Alliance","Iceland"
"Social Democratic Party",1325,"A","Social Democratic Party","Iceland"
"Socialist Party of Iceland - Sosialistaflokkur islands (J)",9004,"SFI","Icelandic Socialist Party","Iceland"
"Sturla Jónsson - Framboð Sturlu Jónssonar (K)",,,,"Iceland"
"Sturla Jónsson - K",,,,"Iceland"
"Sósíalistaflokki Íslands",9004,"SFI","Icelandic Socialist Party","Iceland"
"Sósíalistaflokkurinn",9004,"SFI","Icelandic Socialist Party","Iceland"
"The Alliance",1396,"Sam","Social Democratic Alliance","Iceland"
"The Christian Party",,,,"Iceland"
"The Humanist Party",1070,"Fm","Humanist Party","Iceland"
"The Icelandic National Front",,,,"Iceland"
"The Independence Party",363,"Sj","Independence Party","Iceland"
"The Left Green Movement",457,"Graen","Left-Green Movement","Iceland"
"The Left-Green Movement",457,"Graen","Left-Green Movement","Iceland"
"The Movement",224,"B","Citizens' Movement","Iceland"
"The People's Front of Iceland",494,"Th-Ff","People's Movement","Iceland"
"The People's Party",5852,"FlF","People's Party","Iceland"
"The People's Party",5852,"FlF","People's Party","Iceland"
"The Progressive Party",964,"F","Progressive Party","Iceland"
"The Reform Party",5454,"V","Reform Party","Iceland"
"The Reform Party (C)",5454,"V","Reform Party","Iceland"
"The Reform Party - Vidreisn (C)",5454,"V","Reform Party","Iceland"
"The Reform Party - Vidreisn (C), 2017",5454,"V","Reform Party","Iceland"
"The Reform Party - Viðreisn (C)",5454,"V","Reform Party","Iceland"
"The Social Democratic Alliance",1396,"Sam","Social Democratic Alliance","Iceland"
"Vinstri hreyfinguna - grænt framboð",457,"Graen","Left-Green Movement","Iceland"
"Vinstri hreyfinguna-Grænt framboð",457,"Graen","Left-Green Movement","Iceland"
"Vinstri hreyfingunni - grænu framboði",457,"Graen","Left-Green Movement","Iceland"
"Viðreisn",5454,"V","Reform Party","Iceland"
"Women´s Alliance",525,"Sk","Womens Alliance","Iceland"
"Öðrum, skrá hér",,,,"Iceland"
"AGP",5177,"AGP","Assam Peoples Association","India"
"AGP (P)",5177,"AGP","Assam Peoples Association","India"
"Aam Aadmi Party (AAP)",5180,"AAP","Common Man's Party","India"
"Aam Aadmi Party(AAP)",5180,"AAP","Common Man's Party","India"
"Akalai Dal",2499,"SAD","Shirmani Akali Dal","India"
"Akali Dal",2499,"SAD","Shirmani Akali Dal","India"
"All India Anna Dravida Munnetra Kazhagam (AIADMK)",1571,"AIADMK","All India Anna Dravidian Progress Federation","India"
"All India Anna Dravida Munnetra Kazhagam(AIADMK)",1571,"AIADMK","All India Anna Dravidian Progress Federation","India"
"All India Anna Dravida Munnetra Kazhgam (AIADMK)",1571,"AIADMK","All India Anna Dravidian Progress Federation","India"
"All India Anna Dravidian Progress Federation",1571,"AIADMK","All India Anna Dravidian Progress Federation","India"
"All India Anna Dravidian Progressive Federation",1571,"AIADMK","All India Anna Dravidian Progress Federation","India"
"All India Forward Bloc",,,,"India"
"All India Majlis-e-Ittehadul Muslimeen (AIMIM / MIM)",,,,"India"
"All India MajlistoetoIttehadul Muslimeen (AIMIM/MIM)",,,,"India"
"All India Trinamool Congress",2494,"AITMC","All India Trinamool Congress","India"
"All India Trinamool Congress(AITC/TMC)",2494,"AITMC","All India Trinamool Congress","India"
"All Indian Muslim League",7257,"AIML","All-India Muslim League","India"
"All Jharkhand Students Union Party(AJSUP)",,,,"India"
"Amma Makkal Munnetra Kazhagam(AMMK)",,,,"India"
"Apna Dal",,,,"India"
"Apna Dal-Sonelal(AD-S)",,,,"India"
"Asom Gana Parishad(AGP)",5177,"AGP","Assam Peoples Association","India"
"Assam People's Association",5177,"AGP","Assam Peoples Association","India"
"Assam Peoples Association",5177,"AGP","Assam Peoples Association","India"
"Atulya Bharat Party",,,,"India"
"Autonomous State Demand Committee",,,,"India"
"B.J.D. Sakha",2495,"BJD","Biju Janata Dal","India"
"BBM (Ambedkar)",,,,"India"
"BJD (Volunteered)",2495,"BJD","Biju Janata Dal","India"
"BJP +",,,,"India"
"BJP+",,,,"India"
"BJP: Bharatiya Janata Party",422,"BJP","Indian People's Party","India"
"BSP",937,"BSP","Bahujan Samaj Party","India"
"BSP: Bahujan Samaj Party",937,"BSP","Bahujan Samaj Party","India"
"Bahujan Samaj Party",937,"BSP","Bahujan Samaj Party","India"
"Bahujan Samaj Party(BSP)",937,"BSP","Bahujan Samaj Party","India"
"Bharatiya Janata Party(BJP)",422,"BJP","Indian People's Party","India"
"Bharatiya Tribal Party(BTP)",,,,"India"
"Bhartiya Janata Party  (BJP)",422,"BJP","Indian People's Party","India"
"Biju Janata Dal",2495,"BJD","Biju Janata Dal","India"
"Biju Janata Dal (BJD)",2495,"BJD","Biju Janata Dal","India"
"Biju Janata Dal(BJD)",2495,"BJD","Biju Janata Dal","India"
"Biju People's Party",2495,"BJD","Biju Janata Dal","India"
"CPI",408,"CPI","Communist Party of India","India"
"CPI (M): Communist Party of India (Marxist)",893,"CPI(M)","Communist Party of India (Marxist)","India"
"CPI(M)",893,"CPI(M)","Communist Party of India (Marxist)","India"
"CPI(ML)",,,,"India"
"Common Man's Party",5180,"AAP","Common Man's Party","India"
"Communist Party Of India (Marxist)",893,"CPI(M)","Communist Party of India (Marxist)","India"
"Communist Party of India",408,"CPI","Communist Party of India","India"
"Communist Party of India (CPI)",408,"CPI","Communist Party of India","India"
"Communist Party of India (Marxist)",893,"CPI(M)","Communist Party of India (Marxist)","India"
"Communist Party of Inida(CPI)",408,"CPI","Communist Party of India","India"
"Communist Party of Inida-Marxist(CPI-M)",893,"CPI(M)","Communist Party of India (Marxist)","India"
"Congress +",,,,"India"
"Congress Party",1297,"INC","Indian National Congress","India"
"Congress Tiwary",1297,"INC","Indian National Congress","India"
"DMDK",,,,"India"
"Desiya Murpokku Dravida Kazhagam(DMDK)",,,,"India"
"Dmdk",,,,"India"
"Dravida Munnetra Kazhagam ( DMK)",17,"DMK","Dravidian Progress Federation","India"
"Dravida Munnetra Kazhagam (DMK)",17,"DMK","Dravidian Progress Federation","India"
"Dravida Munnetra Kazhagam(DMK)",17,"DMK","Dravidian Progress Federation","India"
"Dravida Munnetra Kazhgam DMK (Dravidian Progressive Federation)",17,"DMK","Dravidian Progress Federation","India"
"Dravidian Progress Federation",17,"DMK","Dravidian Progress Federation","India"
"Dravidian Progressive Federation",17,"DMK","Dravidian Progress Federation","India"
"Hand pump (Volunteered)",,,,"India"
"Haryana Development Party",,,,"India"
"Haryana Janhit Congress",,,,"India"
"INC+",,,,"India"
"INLD (Chautala)",,,,"India"
"Indian Congress (Socialist)",4104,"ICS","Indian Congress (Socialist)","India"
"Indian National Congress",1297,"INC","Indian National Congress","India"
"Indian National Congress (INC)",1297,"INC","Indian National Congress","India"
"Indian National Congress(INC/Congress)",1297,"INC","Indian National Congress","India"
"Indian National Lok Dal",,,,"India"
"Indian People's Party",422,"BJP","Indian People's Party","India"
"Indian People's Party (BJP)",422,"BJP","Indian People's Party","India"
"Indian Union Muslim League",1455,"IUML","Indian Union Muslim League","India"
"J.D.S. (Volunteered)",2496,"JD(S)","Janata Dal (Secular)","India"
"JMM",,,,"India"
"Jana Sena Party(JSP)",,,,"India"
"Jananayak Janata Party(JJP)",,,,"India"
"Janata Dal (Secular)",2496,"JD(S)","Janata Dal (Secular)","India"
"Janata Dal (Secular) (JD (S)",2496,"JD(S)","Janata Dal (Secular)","India"
"Janata Dal (Secular) (JD (S))",2496,"JD(S)","Janata Dal (Secular)","India"
"Janata Dal (Secular) - (JDS)",2496,"JD(S)","Janata Dal (Secular)","India"
"Janata Dal (United)",2498,"JD(U)","Janata Dal (United)","India"
"Janata Dal United (JDU)",2498,"JD(U)","Janata Dal (United)","India"
"Janata Dal United(JD-U)",2498,"JD(U)","Janata Dal (United)","India"
"Janata Dal United(JDU)",2498,"JD(U)","Janata Dal (United)","India"
"Janata Dal-Secular(JD-S)",2496,"JD(S)","Janata Dal (Secular)","India"
"Jannayak Janta Party",,,,"India"
"Jansatta Dal Loktantrik(JDL)",,,,"India"
"Jharkhand Development Front (Democratic)",,,,"India"
"Jharkhand Liberation Front",,,,"India"
"Jharkhand Mukti Morcha (JMM)",,,,"India"
"Jharkhand Mukti Morcha(JMM)",,,,"India"
"Jharkhand mukti morcha (Volunteered)",,,,"India"
"Jharkland Mukti Morcha (JMM)",,,,"India"
"Karnataka State Farmers' Association",,,,"India"
"Kerala Congress",,,,"India"
"Kerala Congress  (Secularism)",,,,"India"
"LOKSATTA",,,,"India"
"Left (CPI, CPI (M) etc)",,,,"India"
"Left Democratic Front(LDF)",6321,"LF","Left Front","India"
"Left Front",6321,"LF","Left Front","India"
"Left Front / Communist Party",,,,"India"
"Left Front/ Communist Party",,,,"India"
"Left front Parties/ Communist Party",,,,"India"
"Left front/ Communist Party",,,,"India"
"Lok Dal (Ajit Singh) RLD",,,,"India"
"Lok JanShakti Party (LJP)",,,,"India"
"Lok Janshakti Party",,,,"India"
"Lok Janshakti Party (LJP - Paswan)",,,,"India"
"Lok Janshakti Party(LJP)",,,,"India"
"Lok Satta Party",,,,"India"
"Loksatta",,,,"India"
"Loktantrik Janata Dal(LJD)",,,,"India"
"MANSE (Volunteered)",,,,"India"
"MCC (Roy)",,,,"India"
"MDMK",,,,"India"
"MIM",,,,"India"
"MURUASU",,,,"India"
"Maharashtra Nav Nirman Sena (MNS)",,,,"India"
"Maharashtra Nav Nirman Sena(MNS)",,,,"India"
"Maharashtra Navnirman Sena(MNS)",,,,"India"
"Maharashtra Reformation Army",,,,"India"
"Maharatera navnirman sena (Volunteered)",,,,"India"
"Marumalarchi Dravida Munnetra Kazhagam (MDMK)",,,,"India"
"Marumalarchi Dravida Munnetra Kazhagam(MDMK)",,,,"India"
"Marxist Coordination Committee",,,,"India"
"Muruasu",,,,"India"
"Muslim League",7257,"AIML","All-India Muslim League","India"
"NCP (Pawar)",2490,"NCP","Nationalist Congress Party","India"
"NPF",,,,"India"
"Naam Tamilar Katchi(NTK)",,,,"India"
"National People's Party",,,,"India"
"National People's Party (RJD)",2497,"RJD","Rashtriya Janata Dal","India"
"National People's Party (RLD)",,,,"India"
"Nationalist Congress Party",2490,"NCP","Nationalist Congress Party","India"
"Nationalist Congress Party(NCP)",2490,"NCP","Nationalist Congress Party","India"
"PMK",8935,"PMK","Working people's party","India"
"Paattali Makkall Katchi(PMK)",8935,"PMK","Working people's party","India"
"Party of the Telugu Land",2492,"TDP","Telugu Desam Party","India"
"Peasants and Workers Party of India",,,,"India"
"People's Army Party",,,,"India"
"People's Manpower Party",8935,"PMK","Working people's party","India"
"People's Party (United)",2498,"JD(U)","Janata Dal (United)","India"
"People´s Power",,,,"India"
"Pragatisheel Samajwadi Party(PSP)",5174,"PSP","Praja Socialist Party","India"
"R.S.P. (Volunteered)",,,,"India"
"RJD (Laloo)",2497,"RJD","Rashtriya Janata Dal","India"
"RPI (Athavale)",5175,"RPI","Republican Party Of India","India"
"RPI (Volunteered)",5175,"RPI","Republican Party Of India","India"
"RSP",,,,"India"
"Ralod (Volunteered)",,,,"India"
"Rashtriya Janata Dal (RJD)",2497,"RJD","Rashtriya Janata Dal","India"
"Rashtriya Janata Dal (RJD) - National People's Party)",2497,"RJD","Rashtriya Janata Dal","India"
"Rashtriya Janata Dal(RJD)",2497,"RJD","Rashtriya Janata Dal","India"
"Regional Party",,,,"India"
"Regional/State parties",,,,"India"
"Republican Party Of India",5175,"RPI","Republican Party Of India","India"
"Republican Party of India",5175,"RPI","Republican Party Of India","India"
"Republican Party of India (Athawale)",5175,"RPI","Republican Party Of India","India"
"Republican Party of India (Khobragade)",5175,"RPI","Republican Party Of India","India"
"Revolutionary Socialist Party",,,,"India"
"SP: Samajwadi Party",2491,"SP","Socialist Party","India"
"Samajwadi Party (SP)",2491,"SP","Socialist Party","India"
"Samajwadi Party(SP)",2491,"SP","Socialist Party","India"
"Samatha Party",4102,"SAP","Samta Party","India"
"Shiromani Akali Dal(SAD)",2499,"SAD","Shirmani Akali Dal","India"
"Shiv Sena",2394,"SS","Shivaji's Army","India"
"Shiv Sena (SHS)",2394,"SS","Shivaji's Army","India"
"Shiv Sena(SS)",2394,"SS","Shivaji's Army","India"
"Shivaji's Army",2394,"SS","Shivaji's Army","India"
"Socialist Party",2491,"SP","Socialist Party","India"
"Socialist Unity Centre of India",,,,"India"
"Supreme Akali Party",2499,"SAD","Shirmani Akali Dal","India"
"TDP (Naidu)",2492,"TDP","Telugu Desam Party","India"
"TDP(ntr)",2492,"TDP","Telugu Desam Party","India"
"TMC",2494,"AITMC","All India Trinamool Congress","India"
"TRMC",,,,"India"
"TRS",,,,"India"
"Telangana Rashtra  Samithi",,,,"India"
"Telangana Rashtra Samithi",,,,"India"
"Telangana Rashtra Samiti(TRS)",,,,"India"
"Telegu Desham Party (TDP)",2492,"TDP","Telugu Desam Party","India"
"Telugu Desam (Land of Telegu)",2492,"TDP","Telugu Desam Party","India"
"Telugu Desam Party",2492,"TDP","Telugu Desam Party","India"
"Telugu Desam Party(TDP)",2492,"TDP","Telugu Desam Party","India"
"The Praja Rajyam Party",,,,"India"
"Third Front",,,,"India"
"Third front",,,,"India"
"Tribal Youth Association",,,,"India"
"Trinamool Congress",2494,"AITMC","All India Trinamool Congress","India"
"Trinamul Congress",2494,"AITMC","All India Trinamool Congress","India"
"United Democratic Front(UDF)",,,,"India"
"United Front",,,,"India"
"Viduthalai Chiruthaigal Katchi(VCK)",,,,"India"
"YSR Party",5179,"YSR","Youth, Labour and Farmer Congress Party","India"
"YSR congress (Volunteered)",5179,"YSR","Youth, Labour and Farmer Congress Party","India"
"Youth, Labor, and Farmer Congress Party",5179,"YSR","Youth, Labour and Farmer Congress Party","India"
"Yuvajana Sramika Rythu Congress Party (YSR Congress Party)",5179,"YSR","Youth, Labour and Farmer Congress Party","India"
"Yuvajana Sramika Rythu Congress Party(YSRCP)",5179,"YSR","Youth, Labour and Farmer Congress Party","India"
"Change Indonesia Movement Party",,,,"Indonesia"
"Concern for thel Nation Functional Party",4209,"PKPB","Concern for the Nation Functional Party","Indonesia"
"Crescent Star Party",4210,"PBB","Crescent Star Party","Indonesia"
"Democrat Party",2561,"PD","Democratic Party","Indonesia"
"Democratic Party",2561,"PD","Democratic Party","Indonesia"
"Democratic Party (PD )",2561,"PD","Democratic Party","Indonesia"
"Freedom Bull National Party",,,,"Indonesia"
"Functional Group Party",2304,"Golkar","Party of the Functional Groups","Indonesia"
"Golkar Party - Party of Functional Groups",2304,"Golkar","Party of the Functional Groups","Indonesia"
"Golongan Karya (GOLKAR)",2304,"Golkar","Party of the Functional Groups","Indonesia"
"Great Indonesia Movement Party",4495,"Gerindra","Great Indonesia Movement Party","Indonesia"
"Indonesian  Democracy Party of Struggle",2560,"PDIP","Indonesian Democratic Party of Struggle","Indonesia"
"Indonesian Association Party",,,,"Indonesia"
"Indonesian Democratic Party (PDI )",4498,"PDI","The Indonesian Democratic Party","Indonesia"
"Indonesian Democratic Party of Struggle",2560,"PDIP","Indonesian Democratic Party of Struggle","Indonesia"
"Indonesian Democratic Party-Struggle",2560,"PDIP","Indonesian Democratic Party of Struggle","Indonesia"
"Indonesian Democratic Vanguard Party",,,,"Indonesia"
"Indonesian National Party Marhaenism",4500,"PNI","Indonesian National Party","Indonesia"
"Indonesian Solidarity Party",8504,"PSI","Socialist Party of Indonesia","Indonesia"
"Indonesian United Renaissance People Party",,,,"Indonesia"
"Indonesian Unity Party",,,,"Indonesia"
"Justice and Unity Party",4476,"PKP","Justice and Unity Party / Indonesian Justice and Unity Party","Indonesia"
"KNPI",,,,"Indonesia"
"Nasdem Party",4496,"Nasdem","Nasdem Party","Indonesia"
"Nation Awakening Party",2559,"PKB","National Awakening Party","Indonesia"
"National Awakening Party",2559,"PKB","National Awakening Party","Indonesia"
"National Mandate Party",2557,"PAN","National Mandate Party","Indonesia"
"New Indonesia Union Party",,,,"Indonesia"
"PDI Perjuangan",2560,"PDIP","Indonesian Democratic Party of Struggle","Indonesia"
"PDI-Perjuangan",2560,"PDIP","Indonesian Democratic Party of Struggle","Indonesia"
"PKNU",,,,"Indonesia"
"PKP",4476,"PKP","Justice and Unity Party / Indonesian Justice and Unity Party","Indonesia"
"Partai Aceh",,,,"Indonesia"
"Partai Amanat Nasional (National Mandate Party)",2557,"PAN","National Mandate Party","Indonesia"
"Partai Amanat Nasional (National Mandate Party) (PAN)",2557,"PAN","National Mandate Party","Indonesia"
"Partai Amanat Nasional (PAN)",2557,"PAN","National Mandate Party","Indonesia"
"Partai Barisan Nasional",,,,"Indonesia"
"Partai Berkarya",,,,"Indonesia"
"Partai Bintang Reformasi (PBR)",4212,"PBR","Reform Star Party","Indonesia"
"Partai Bintang reformasi (PBR)",4212,"PBR","Reform Star Party","Indonesia"
"Partai Bulan Bintang (PBB)",4210,"PBB","Crescent Star Party","Indonesia"
"Partai Bulan dan Bintang (PBB)",4210,"PBB","Crescent Star Party","Indonesia"
"Partai Buruh",,,,"Indonesia"
"Partai Buruh Sosial Demokrat (PBSD)",,,,"Indonesia"
"Partai Damai Aceh",,,,"Indonesia"
"Partai Damai Sejahtera (PDS)",4211,"PDS","Prosperous Peace Party","Indonesia"
"Partai Demokrasi Indonesia Perjuangan (Indonesian Democratic Party – Struggle)",2560,"PDIP","Indonesian Democratic Party of Struggle","Indonesia"
"Partai Demokrasi Indonesia Perjuangan (Indonesian Democratic Party – Struggle) PDI-P",2560,"PDIP","Indonesian Democratic Party of Struggle","Indonesia"
"Partai Demokrasi Indonesia Perjuangan (PDIP)",2560,"PDIP","Indonesian Democratic Party of Struggle","Indonesia"
"Partai Demokrasi Indonesia-Perjuangan (PDI-P)",2560,"PDIP","Indonesian Democratic Party of Struggle","Indonesia"
"Partai Demokrasi IndonesiaPerjuangan (PDI-P)",2560,"PDIP","Indonesian Democratic Party of Struggle","Indonesia"
"Partai Demokrasi Indonesia—Perjuangan (PDI-P)",2560,"PDIP","Indonesian Democratic Party of Struggle","Indonesia"
"Partai Demokrasi Kebangsaan",,,,"Indonesia"
"Partai Demokrasi Kebangsaan (PDK)",,,,"Indonesia"
"Partai Demokrasi Pembaharuan",,,,"Indonesia"
"Partai Demokrasi Pembaharuan (PDP)",,,,"Indonesia"
"Partai Demokrasi Pembaruan (PDP)",,,,"Indonesia"
"Partai Demokrat",2561,"PD","Democratic Party","Indonesia"
"Partai Demokrat (Democratic Party Indonesia)",2561,"PD","Democratic Party","Indonesia"
"Partai Demokrat (PD)",2561,"PD","Democratic Party","Indonesia"
"Partai Gerakan Indonesia Raya (GERINDRA)",4495,"Gerindra","Great Indonesia Movement Party","Indonesia"
"Partai Gerakan Indonesia Raya (Gerindra)",4495,"Gerindra","Great Indonesia Movement Party","Indonesia"
"Partai Gerakan Indonesia Raya (Great Indonesia Movement Party) (Gerindra)",4495,"Gerindra","Great Indonesia Movement Party","Indonesia"
"Partai Gerakan Perubahan Indonesia (Garuda)",,,,"Indonesia"
"Partai Gerindra",4495,"Gerindra","Great Indonesia Movement Party","Indonesia"
"Partai Golkar",2304,"Golkar","Party of the Functional Groups","Indonesia"
"Partai Golongan Karya",2304,"Golkar","Party of the Functional Groups","Indonesia"
"Partai Golongan Karya (Golkar)",2304,"Golkar","Party of the Functional Groups","Indonesia"
"Partai Golongan Karya (Party of the Functional Groups)",2304,"Golkar","Party of the Functional Groups","Indonesia"
"Partai Golongan Karya (Party of the Functional Groups) (Golkar)",2304,"Golkar","Party of the Functional Groups","Indonesia"
"Partai Hanura",4497,"Hanura","People's Conscience Party","Indonesia"
"Partai Hati Nurani Rakyat (HANURA)",4497,"Hanura","People's Conscience Party","Indonesia"
"Partai Hati Nurani Rakyat (Hanura)",4497,"Hanura","People's Conscience Party","Indonesia"
"Partai Hati Nurani Rakyat (People's Conscience Party)",4497,"Hanura","People's Conscience Party","Indonesia"
"Partai Hati Nurani Rakyat (People's Conscience Party) (Hanura)",4497,"Hanura","People's Conscience Party","Indonesia"
"Partai Indonesia Sejahtera",,,,"Indonesia"
"Partai Karya Peduli Bangsa (PKPB)",4209,"PKPB","Concern for the Nation Functional Party","Indonesia"
"Partai Karya Perjuangan",,,,"Indonesia"
"Partai Karya Perjuangan (PKP)",,,,"Indonesia"
"Partai Karya Republik (Pakar)",,,,"Indonesia"
"Partai Kasih Demokrasi Indonesia (PKDI)",,,,"Indonesia"
"Partai Keadilan Dan Persatuan Indonesia (PKPI)",4476,"PKP","Justice and Unity Party / Indonesian Justice and Unity Party","Indonesia"
"Partai Keadilan Sejahtera (PKS)",2556,"PKS","Prosperous Justice Party / Welfare and Justice Party","Indonesia"
"Partai Keadilan Sejahtera (Propserous Justice Party)",2556,"PKS","Prosperous Justice Party / Welfare and Justice Party","Indonesia"
"Partai Keadilan Sejahtera (Propserous Justice Party) (PKS)",2556,"PKS","Prosperous Justice Party / Welfare and Justice Party","Indonesia"
"Partai Keadilan dan Persatuan Indonesia",4476,"PKP","Justice and Unity Party / Indonesian Justice and Unity Party","Indonesia"
"Partai Keadilan dan Persatuan Indonesia (PKPI)",4476,"PKP","Justice and Unity Party / Indonesian Justice and Unity Party","Indonesia"
"Partai Kebangkitan Bangsa (National Awakening Party)",2559,"PKB","National Awakening Party","Indonesia"
"Partai Kebangkitan Bangsa (National Awakening Party) (PKB)",2559,"PKB","National Awakening Party","Indonesia"
"Partai Kebangkitan Bangsa (PKB)",2559,"PKB","National Awakening Party","Indonesia"
"Partai Kebangkitan Nasional Ulama (PKNU)",,,,"Indonesia"
"Partai Kebangsaan Nasional Ulama (PKNU)",,,,"Indonesia"
"Partai Kedaulatan",,,,"Indonesia"
"Partai Kesatuan Demokrasi Indonesia (PKDI)",,,,"Indonesia"
"Partai Matahari Bangsa",,,,"Indonesia"
"Partai Matahari Bangsa (PMB)",,,,"Indonesia"
"Partai Merdeka",,,,"Indonesia"
"Partai NasDem",4496,"Nasdem","Nasdem Party","Indonesia"
"Partai Nasional Banteng Kemerdekaan (PNBK)",,,,"Indonesia"
"Partai Nasional Benteng Kerakyatan Indonesia (PNBKI)",,,,"Indonesia"
"Partai Nasional Demokrat (Nasdem)",4496,"Nasdem","Nasdem Party","Indonesia"
"Partai Nasional Demokrat (National Democratic Party)",4496,"Nasdem","Nasdem Party","Indonesia"
"Partai Nasional Demokrat (National Democratic Party) (Nasdem)",4496,"Nasdem","Nasdem Party","Indonesia"
"Partai Nasional Indonesia Marhaenisme",4500,"PNI","Indonesian National Party","Indonesia"
"Partai Nasional Indonesia Marhaenisme (PNI Marhaenisme)",4500,"PNI","Indonesian National Party","Indonesia"
"Partai Nasional Indonesia Marhaenisme (PNI-Marhaenisme)",4500,"PNI","Indonesian National Party","Indonesia"
"Partai Patriot",,,,"Indonesia"
"Partai Patriot Pancasila (Partai PPP)",,,,"Indonesia"
"Partai Peduli Rakyat Nasional",,,,"Indonesia"
"Partai Pelopor",,,,"Indonesia"
"Partai Pemuda Indonesia",,,,"Indonesia"
"Partai Penegak Demokrasi Indonesia",,,,"Indonesia"
"Partai Penegak Demokrasi Indonesia (PPDI)",,,,"Indonesia"
"Partai Pengusaha dan Pekerja Indonesia",,,,"Indonesia"
"Partai Persatuan Daerah (PPD)",,,,"Indonesia"
"Partai Persatuan Indonesia (Perindo)",,,,"Indonesia"
"Partai Persatuan Nahdlatul Ummah Indonesia",,,,"Indonesia"
"Partai Persatuan Nahdlatul Ummah Indonesia (PPNU-Indonesia)",,,,"Indonesia"
"Partai Persatuan Pembangunan",2558,"PPP","United Development Party","Indonesia"
"Partai Persatuan Pembangunan (PPP)",2558,"PPP","United Development Party","Indonesia"
"Partai Persatuan Pembangunan (United Development Party)",2558,"PPP","United Development Party","Indonesia"
"Partai Persatuan Pembangunan (United Development Party) (PPP)",2558,"PPP","United Development Party","Indonesia"
"Partai Republik Nusantara",,,,"Indonesia"
"Partai Serikat Indonesia (PSI)",8504,"PSI","Socialist Party of Indonesia","Indonesia"
"Partai Solidaritas Indonesia (PSI)",8504,"PSI","Socialist Party of Indonesia","Indonesia"
"Partai gerakan Indonesia Raya (Great Indonesia Movement Party)",4495,"Gerindra","Great Indonesia Movement Party","Indonesia"
"Patriot Pancasila Party",,,,"Indonesia"
"Peace and Prosperous Party",4211,"PDS","Prosperous Peace Party","Indonesia"
"People's Conscience Party",4497,"Hanura","People's Conscience Party","Indonesia"
"Prosperous Justice Party",2556,"PKS","Prosperous Justice Party / Welfare and Justice Party","Indonesia"
"Prosperous and Justice Party",2556,"PKS","Prosperous Justice Party / Welfare and Justice Party","Indonesia"
"Reform Star Party",4212,"PBR","Reform Star Party","Indonesia"
"Social Democrat Labour Party",,,,"Indonesia"
"United Democratic Nationhood Party",,,,"Indonesia"
"United Development Party",2558,"PPP","United Development Party","Indonesia"
"United Development Party (PPP)",2558,"PPP","United Development Party","Indonesia"
"Vanguard Party",,,,"Indonesia"
"Welfare and Justice Party",2556,"PKS","Prosperous Justice Party / Welfare and Justice Party","Indonesia"
"Working Party",,,,"Indonesia"
"pan",2557,"PAN","National Mandate Party","Indonesia"
"pbb",4210,"PBB","Crescent Star Party","Indonesia"
"pkb",2559,"PKB","National Awakening Party","Indonesia"
"pkpi",4476,"PKP","Justice and Unity Party / Indonesian Justice and Unity Party","Indonesia"
"pks",2556,"PKS","Prosperous Justice Party / Welfare and Justice Party","Indonesia"
"ppp",2558,"PPP","United Development Party","Indonesia"
"Fundamentalists",,,,"Iran"
"Left",,,,"Iran"
"Reformists",6322,"Reformist","Council for Coordinating the Reforms Front","Iran"
"Right",,,,"Iran"
"Al-Ahrar Bloc",5927,"SM","Sadrist Movement","Iraq"
"Arab Unionist in Kirkuk",,,,"Iraq"
"Asa'ib Ahl al-Haq",,,,"Iraq"
"Assembly of Independent Democrats",,,,"Iraq"
"Badr Organization",7827,"BO","Badr Organization","Iraq"
"Civil Society for Reform",,,,"Iraq"
"Coalition for Democracy and Justice",7584,"CDJ","Coalition for Democracy and Justice","Iraq"
"Coexistence and Brotherhood",,,,"Iraq"
"Communist Party",7832,"ICP","Iraqi Communist Party","Iraq"
"Fatah Alliance",7585,"FA","Fatah Alliance","Iraq"
"Front for National Dialogue",7471,"Hiwar","Iraqi National Dialogue Front","Iraq"
"Fulfillment of Nineveh",,,,"Iraq"
"Goran",3661,"BG","Movement for Change","Iraq"
"Gorran Movement",3661,"BG","Movement for Change","Iraq"
"Hizb allah",,,,"Iraq"
"IIP Iraqi Islamic Party",5618,"IIP","Iraqi Islamic Party","Iraq"
"INA Iraqi National Accord",5614,"INA","Iraqi National Accord","Iraq"
"Iraqi Communist Party",7832,"ICP","Iraqi Communist Party","Iraq"
"Iraqi Front for National Dialogue",7471,"Hiwar","Iraqi National Dialogue Front","Iraq"
"Iraqi Hizbullah",,,,"Iraq"
"Iraqi Islamic Party",5618,"IIP","Iraqi Islamic Party","Iraq"
"Iraqi National Accord",5614,"INA","Iraqi National Accord","Iraq"
"Iraqi National Congress",7121,"INC","Iraqi National Congress","Iraq"
"Iraqi National Gathering",,,,"Iraq"
"Iraqi National dialogue front (Saleh AlMotlak)",7471,"Hiwar","Iraqi National Dialogue Front","Iraq"
"Iraqi Turkmen Front",7595,"ITF","Iraqi Turkmen Front","Iraq"
"Islamic Dawa Party",5615,"IDP","Islamic Dawa Party","Iraq"
"Islamic Party",5618,"IIP","Iraqi Islamic Party","Iraq"
"Islamic Supreme Council",5619,"ISCI","Islamic Supreme Council of Iraq","Iraq"
"Islamic Supreme Council of Iraq",5619,"ISCI","Islamic Supreme Council of Iraq","Iraq"
"Istiqamah",,,,"Iraq"
"KDP Kurdistan Democratic Party",5617,"KDP","Kurdistan Democratic Party","Iraq"
"Khaled Al Obeidi",,,,"Iraq"
"Kuran / Yousef Mohammed",,,,"Iraq"
"Kurdistan Democratic Party",5617,"KDP","Kurdistan Democratic Party","Iraq"
"Kurdistan Islamic Group",3662,"KIK","Kurdistan Islamic Group","Iraq"
"Kurdistan Islamic Party",,,,"Iraq"
"Kurdistan Islamic Union",3767,"Yekgirtû","Kurdish Islamic Union","Iraq"
"Member of Parliament Ahmed Al - Jubouri",,,,"Iraq"
"Movement for Change",3661,"BG","Movement for Change","Iraq"
"Muttahidoon",7122,"URC","Uniters for Reform Coalition","Iraq"
"National Accord",5614,"INA","Iraqi National Accord","Iraq"
"National Movement for Reform and Progress",7690,"NMDR","National Movement for Development and Reform","Iraq"
"National Reform Movement",7690,"NMDR","National Movement for Development and Reform","Iraq"
"National Reform Trend",7690,"NMDR","National Movement for Development and Reform","Iraq"
"National Wisdom Movement",7591,"NWM","National Wisdom Movement","Iraq"
"Patriotic Union of Kurdistan",5616,"PUK","Patriotic Union of Kurdistan","Iraq"
"Sadrist Movement; OmaS Office of the Martyr",5927,"SM","Sadrist Movement","Iraq"
"State of Law Coalition",7594,"SLC","State of Law Coalition","Iraq"
"State of Law Coallition",7594,"SLC","State of Law Coalition","Iraq"
"The Arab Project in Iraq / Khamis Al-Hanjar",,,,"Iraq"
"The Iraqi Front for National Dialogue",7471,"Hiwar","Iraqi National Dialogue Front","Iraq"
"The New Generation Movement",7592,"NCM","New Generation Movement","Iraq"
"The New Generation/SASHWAR ABD ALWAHID",7592,"NCM","New Generation Movement","Iraq"
"The people of reform / Faik Sheikh Ali and Sharaouq Abayji",,,,"Iraq"
"The solution / Mohammed and Jamal Karbouli",,,,"Iraq"
"Turkmen Front",7595,"ITF","Iraqi Turkmen Front","Iraq"
"Turkmen People's Party",,,,"Iraq"
"Unified Iraqi Coalition (Islamic Daawa Party of Dr. Ibra",,,,"Iraq"
"United Nineveh Party",,,,"Iraq"
"United for Iraq",,,,"Iraq"
"Uprightness / chest",,,,"Iraq"
"Victory Alliance",7597,"VA","Victory Alliance","Iraq"
"Virtue",8985,"IVP","Islamic Virtue Party","Iraq"
"Virtue Party",8985,"IVP","Islamic Virtue Party","Iraq"
"al hadba coalition",7845,"AH","Al-Hadba","Iraq"
"al-Ahrar Bloc (Sadarist movement)",5927,"SM","Sadrist Movement","Iraq"
"al-Dawa",5615,"IDP","Islamic Dawa Party","Iraq"
"al-iraqiya list",8821,"INM","Iraqi National Movement","Iraq"
"communist party",7832,"ICP","Iraqi Communist Party","Iraq"
"iraqi front for national dialogue",7471,"Hiwar","Iraqi National Dialogue Front","Iraq"
"iraqi islamic party (iip)",5618,"IIP","Iraqi Islamic Party","Iraq"
"iraqi national accord (wifaq)",5614,"INA","Iraqi National Accord","Iraq"
"iraqi turkmen front",7595,"ITF","Iraqi Turkmen Front","Iraq"
"islamic call (dawa) party",5615,"IDP","Islamic Dawa Party","Iraq"
"islamic supreme council of iraq (isci)",5619,"ISCI","Islamic Supreme Council of Iraq","Iraq"
"islamic virtue party, aka fadhila",8985,"IVP","Islamic Virtue Party","Iraq"
"kurdistan democratic national union",,,,"Iraq"
"kurdistan democratic party",5617,"KDP","Kurdistan Democratic Party","Iraq"
"kurdistan islamic union",3767,"Yekgirtû","Kurdish Islamic Union","Iraq"
"national reform trend",7690,"NMDR","National Movement for Development and Reform","Iraq"
"puk",5616,"PUK","Patriotic Union of Kurdistan","Iraq"
"state of law coalition",7594,"SLC","State of Law Coalition","Iraq"
"tajdeed party",8881,"T","Renewal List","Iraq"
"the change movement (gorran)",3661,"BG","Movement for Change","Iraq"
"the iraqi accord front (tawafuq)",5924,"IAF","Iraqi Accord Front - Tawafuq","Iraq"
"the sadrist movement",5927,"SM","Sadrist Movement","Iraq"
"the society of the muslim brotherhood",,,,"Iraq"
"ْUnifying",,,,"Iraq"
"Anti-Austerity Alliance",8242,"AAA / S","Anti-Austerity Alliance / Solidarity","Ireland"
"Anti-Austerity Alliance - People Before Profit",,,,"Ireland"
"Aontu",8642,"A","Aontu","Ireland"
"Christian Solidarity",,,,"Ireland"
"Democratic Left",1172,"DLP","Democratic Left","Ireland"
"Democratic left",1172,"DLP","Democratic Left","Ireland"
"Direct Democracy Ireland",3209,"DDI","Direct Democracy Ireland","Ireland"
"Family of the Irish - FG",1288,"FG","Fine Gael (Familiy of the Irish)","Ireland"
"Fianna Fail",1055,"FF","Fianna Fail — The Republican Party","Ireland"
"Fianna Fáil",1055,"FF","Fianna Fail — The Republican Party","Ireland"
"Fine Gael",1288,"FG","Fine Gael (Familiy of the Irish)","Ireland"
"Fine Goel",1288,"FG","Fine Gael (Familiy of the Irish)","Ireland"
"Green Party",1775,"Greens","Green Party","Ireland"
"Green Party - GP",1775,"Greens","Green Party","Ireland"
"Greens",1775,"Greens","Green Party","Ireland"
"Independent Alliance",8179,"IA","Independent Alliance","Ireland"
"Independents4Change",8181,"I4C","Independents 4 Change","Ireland"
"Irish Labour Party - LAB",562,"Lab","Labour Party","Ireland"
"Labour",562,"Lab","Labour Party","Ireland"
"Labour Party",562,"Lab","Labour Party","Ireland"
"Labour Party - LAB",562,"Lab","Labour Party","Ireland"
"People Before Profit",242,"PBPA","People Before Profit Alliance","Ireland"
"Progressive Democrat",924,"PD","Progressive Democrats","Ireland"
"Progressive Democrats",924,"PD","Progressive Democrats","Ireland"
"Progressive Democrats - PD",924,"PD","Progressive Democrats","Ireland"
"Progressive Party",,,,"Ireland"
"Progressive party",,,,"Ireland"
"RENUA Ireland",4869,"RI","Renua Ireland","Ireland"
"Renua Ireland",4869,"RI","Renua Ireland","Ireland"
"Sinn Fein",2507,"SF","Sinn Fein / We Ourselves","Ireland"
"Sinn Féin",2507,"SF","Sinn Fein / We Ourselves","Ireland"
"Social Democrats",4870,"DS","Social Democrats","Ireland"
"Socialist Party",1448,"SP","Socialist Party","Ireland"
"Socialist Party - United Left Alliance",,,,"Ireland"
"Solidarity/People Before Profit (Solidarity/PBP)",8241,"S — PBP","Solidarity — People Before Profit","Ireland"
"South Kerry - Independent Party",,,,"Ireland"
"South Kerry Independent Party",,,,"Ireland"
"The Republican Party - FF",1055,"FF","Fianna Fail — The Republican Party","Ireland"
"The Republican Party - FF, Fianna Fail",,,,"Ireland"
"Tribe of the Gaels/Family of the Irish - FG, Fine Gael",,,,"Ireland"
"United Left Alliance",1978,"ULA","United Left Alliance","Ireland"
"WUAG",,,,"Ireland"
"We ourselves - SF",2507,"SF","Sinn Fein / We Ourselves","Ireland"
"We ourselves - SF, Sinn Fein",,,,"Ireland"
"Worker s Party",208,"WP","Workers Party","Ireland"
"Workers Party",208,"WP","Workers Party","Ireland"
"Workers party",208,"WP","Workers Party","Ireland"
"Workers' Party",208,"WP","Workers Party","Ireland"
"Agodat Yisrael",,,,"Israel"
"Ale Yarok",3129,"AlYa","Green Leaf","Israel"
"Ale yarok",3129,"AlYa","Green Leaf","Israel"
"Am Shalem",3125,"AmSh","Whole Nation","Israel"
"Am ehad",640,"AE","One Nation","Israel"
"Arab Democratic Party",447,"Mada","Arab Democratic Party","Israel"
"Arab United List",1337,"Raam","United Arab List","Israel"
"Arab United List [Ra'am – Ta'al – Mada]",3147,"Raam — Taal","United Arab List — Arab Movement for Renewal","Israel"
"Avoda",1436,"Labor","Israeli Labor Party","Israel"
"Bait Yehudi - The Jewish Home",3677,"HH","Jewish Home","Israel"
"Balad",1663,"Balad","National Democratic Assembly","Israel"
"Balad - National Democratic Alliance",1663,"Balad","National Democratic Assembly","Israel"
"Balad-Raam headed by Abbas and Shchade",,,,"Israel"
"Blue and White",7599,"KL","Blue and White","Israel"
"Blue-White",7599,"KL","Blue and White","Israel"
"Blue-White headed by Ganz and Lapid",7599,"KL","Blue and White","Israel"
"Bridge",3148,"One","Bridge","Israel"
"Brit leumit demokratit (BLD)",1663,"Balad","National Democratic Assembly","Israel"
"Center Party",1061,"MiHa/CP","Centre Party","Israel"
"Chadash",421,"Hadash","The Democratic Front for Peace and Equality","Israel"
"Change",557,"Shinui","Change","Israel"
"Crossroads",745,"Tzomet","Crossroads","Israel"
"Degel Hatorah",,,,"Israel"
"Energy",3131,"Meretz","Energy","Israel"
"Forward",484,"Kadima","Forward","Israel"
"Freedom Party",1655,"Herut","Freedom Party","Israel"
"Gesher",,,,"Israel"
"Gesher headed by Orli Levy-Abekasis",,,,"Israel"
"Gil- Gimlaey Israeli la' Knesset",3121,"Gil","Pensioners of Israel","Israel"
"Gimlaim",3121,"Gil","Pensioners of Israel","Israel"
"Green Leaf",3129,"AlYa","Green Leaf","Israel"
"Green Movement + Meimad",,,,"Israel"
"Guardians of the Sephardim (Shas)",455,"SHAS","Sephardi Torah Guardians","Israel"
"Ha Likud Israel Beitenu",,,,"Israel"
"Ha' Likud",1036,"L","Likud-National Liberal Movement","Israel"
"Ha'avoda (Labor Party)",1436,"Labor","Israeli Labor Party","Israel"
"Ha'ihud HaLeumi",,,,"Israel"
"HaAvoda- the Israeli Labor Party",1436,"Labor","Israeli Labor Party","Israel"
"HaBait HaYehudi",3677,"HH","Jewish Home","Israel"
"HaBait HaYehudi (including Ichud Leumi)",,,,"Israel"
"HaBait HaYehudi [including Ichud Leumi]",,,,"Israel"
"HaBayit HaYehudi",3677,"HH","Jewish Home","Israel"
"HaLikud",1036,"L","Likud-National Liberal Movement","Israel"
"HaMahane HaTzioni",,,,"Israel"
"HaReshima HaArvit",,,,"Israel"
"HaReshima HaMeshutefet",7912,"JL","Joint List","Israel"
"HaTnu'a HaYeruqa",3700,"HY","The Greens","Israel"
"HaTnua",3127,"Hat","The Movement","Israel"
"HaYerukim",3700,"HY","The Greens","Israel"
"Haadash",421,"Hadash","The Democratic Front for Peace and Equality","Israel"
"Haavoda",1436,"Labor","Israeli Labor Party","Israel"
"Habait hyehudi",3677,"HH","Jewish Home","Israel"
"Hadash",421,"Hadash","The Democratic Front for Peace and Equality","Israel"
"Hadash - Balad Block",,,,"Israel"
"Hadash-T'aal - The Democratic Front for Peace and Equality-Arab Movement for Renewal",,,,"Israel"
"Hadash-Taal",,,,"Israel"
"Hadash-Taal headed by Odeh and Tibi",,,,"Israel"
"Hadash/Dahamsha/Tibi/Metkademet",,,,"Israel"
"Haderch Hashlishit",729,"HH","The Third Way","Israel"
"Hadereh Hashlishit",729,"HH","The Third Way","Israel"
"Hadereh hashlishit",729,"HH","The Third Way","Israel"
"Haehud Halumi",,,,"Israel"
"Haehud haleumi",,,,"Israel"
"Hatnoah",3127,"Hat","The Movement","Israel"
"Hatnua",3127,"Hat","The Movement","Israel"
"Hatnua Haaravit Hame",,,,"Israel"
"Hatnua Haaravit Leshinuy",,,,"Israel"
"Hatnua Haaravit hame",,,,"Israel"
"Hatnua Haaravit leshinuy",,,,"Israel"
"Hatnua Harabit Hameauhedet",,,,"Israel"
"Hatnua Hayeruka-Memad",,,,"Israel"
"Havoda",1436,"Labor","Israeli Labor Party","Israel"
"Hayerukim",3700,"HY","The Greens","Israel"
"Homeland",1664,"M","Homeland","Israel"
"Hope for Change",,,,"Israel"
"Ichud Leumi",,,,"Israel"
"Independent Islamik Party",,,,"Israel"
"Israel Aheret",,,,"Israel"
"Israel Bealiya",1053,"YB","Israel for Immigration","Israel"
"Israel Beiteinu",235,"YB","Israel is Our Home","Israel"
"Israel Beitenu",235,"YB","Israel is Our Home","Israel"
"Israel Beteno",235,"YB","Israel is Our Home","Israel"
"Israel Betenu",235,"YB","Israel is Our Home","Israel"
"Israel Is Our Home",235,"YB","Israel is Our Home","Israel"
"Israel ahat",1314,"YA","One Israel","Israel"
"Israel baliya",1053,"YB","Israel for Immigration","Israel"
"Israel byteno",235,"YB","Israel is Our Home","Israel"
"Israel for Immigration",1053,"YB","Israel for Immigration","Israel"
"Israel for Immigration - Yisrael BaAliya",1053,"YB","Israel for Immigration","Israel"
"Israel is Our Home",235,"YB","Israel is Our Home","Israel"
"Israel is Our Home (Yisrael Beiteinu)",235,"YB","Israel is Our Home","Israel"
"Israel is Our Home - Yisrael Beiteinu",235,"YB","Israel is Our Home","Israel"
"Israel one",1314,"YA","One Israel","Israel"
"Israel one+gesher+me",,,,"Israel"
"Israel one+gesher+meymad",,,,"Israel"
"Israeli Labor Party",1436,"Labor","Israeli Labor Party","Israel"
"Israeli Labor Party  (Ha'avoda)",1436,"Labor","Israeli Labor Party","Israel"
"Jewish National Front",,,,"Israel"
"Joint Arab list - Ra'am , Ta'al ,Mada, Chadash  & Balad",,,,"Israel"
"Joint List",7912,"JL","Joint List","Israel"
"Kadima",484,"Kadima","Forward","Israel"
"Kulanu",3273,"Kulanu","All of Us","Israel"
"Labor Party",1436,"Labor","Israeli Labor Party","Israel"
"Labor-Gesher-Meretz",,,,"Israel"
"Left Bloc",,,,"Israel"
"Likud",1036,"L","Likud-National Liberal Movement","Israel"
"Likud - Gesher - Tzomet Block",,,,"Israel"
"Likud - The Consolidation",1036,"L","Likud-National Liberal Movement","Israel"
"Likud – The Consolidation",1036,"L","Likud-National Liberal Movement","Israel"
"Likud-National Liberal Movement",1036,"L","Likud-National Liberal Movement","Israel"
"Likud/Gesher/Tzomet",,,,"Israel"
"Mafdal",1447,"Mafdal","National Religious Party","Israel"
"Man's Rights in the Family Party",,,,"Israel"
"Meimad",,,,"Israel"
"Meretz",3131,"Meretz","Energy","Israel"
"Meretz (vigour)",3131,"Meretz","Energy","Israel"
"Metkademet",,,,"Israel"
"Mifleget Ha' Avoda",1436,"Labor","Israeli Labor Party","Israel"
"Moledet",1664,"M","Homeland","Israel"
"Movement for Renewal (Ta'al)",3147,"Raam — Taal","United Arab List — Arab Movement for Renewal","Israel"
"Movement for Renewal (Ta'al)",3147,"Raam — Taal","United Arab List — Arab Movement for Renewal","Israel"
"Movement for Renewal (Ta'al)",3147,"Raam — Taal","United Arab List — Arab Movement for Renewal","Israel"
"Movement for Renewal (Taal)",3147,"Raam — Taal","United Arab List — Arab Movement for Renewal","Israel"
"National Democratic Assembly",1663,"Balad","National Democratic Assembly","Israel"
"National Democratic Assembly (Balad)",1663,"Balad","National Democratic Assembly","Israel"
"National Liberal Party",,,,"Israel"
"National Religious Party",1447,"Mafdal","National Religious Party","Israel"
"National Union",,,,"Israel"
"National Union - National Religious Party",,,,"Israel"
"National religious party",1447,"Mafdal","National Religious Party","Israel"
"New Hope",9005,"NH","New Hope","Israel"
"One Nation",640,"AE","One Nation","Israel"
"Otzma Yehudit",,,,"Israel"
"Otzma leisrael",3146,"OL","Strength to Israel","Israel"
"Pensioners of Israel",3121,"Gil","Pensioners of Israel","Israel"
"Pensioners of Israel to the Knesset",3121,"Gil","Pensioners of Israel","Israel"
"Pnina Rosenblum",,,,"Israel"
"Pnina Rozenblum",,,,"Israel"
"R'aam - United Arab List",1337,"Raam","United Arab List","Israel"
"Ra'am headed by Mansour Abbas",1337,"Raam","United Arab List","Israel"
"Ra'am- Ta'al",3147,"Raam — Taal","United Arab List — Arab Movement for Renewal","Israel"
"Raam, Taal",3147,"Raam — Taal","United Arab List — Arab Movement for Renewal","Israel"
"Religious Bloc",,,,"Israel"
"Reshima aravit mitkademet(RAM)",1337,"Raam","United Arab List","Israel"
"Right Bloc",,,,"Israel"
"Right Wing Parties Union - Habayit Hayehudi, HaIchud Haleumi-Tkuma, and Otzma Yehudit",,,,"Israel"
"Sephardi Keepers of the Torah",455,"SHAS","Sephardi Torah Guardians","Israel"
"Sfarad's Keepers of the Torah",455,"SHAS","Sephardi Torah Guardians","Israel"
"Shas",455,"SHAS","Sephardi Torah Guardians","Israel"
"Shase",455,"SHAS","Sephardi Torah Guardians","Israel"
"Shass",455,"SHAS","Sephardi Torah Guardians","Israel"
"Shinui",557,"Shinui","Change","Israel"
"Shinui - Change",557,"Shinui","Change","Israel"
"Shinuy",557,"Shinui","Change","Israel"
"Strength to Israel",3146,"OL","Strength to Israel","Israel"
"Techia",638,"Tehiya","Renaissance Movement","Israel"
"The Arab List",,,,"Israel"
"The Consolidation (Likud)",1036,"L","Likud-National Liberal Movement","Israel"
"The Consolidation (Likud) - Yisrael Beiteinu",,,,"Israel"
"The Democratic Front for Peace and Equality",421,"Hadash","The Democratic Front for Peace and Equality","Israel"
"The Democratic Front for Peace and Equality (Hadash)",421,"Hadash","The Democratic Front for Peace and Equality","Israel"
"The Greens",3700,"HY","The Greens","Israel"
"The Jewish Home",3677,"HH","Jewish Home","Israel"
"The Jewish Home (Habayit Hayehudi)",3677,"HH","Jewish Home","Israel"
"The Jewish House",3677,"HH","Jewish Home","Israel"
"The Joint Arab Party (HaReshima HaMeshutefet)",7912,"JL","Joint List","Israel"
"The Joint List",7912,"JL","Joint List","Israel"
"The Movement",3127,"Hat","The Movement","Israel"
"The New Right headed by Bennett and Shaked",7350,"HaHe","New Right","Israel"
"The Religious Zionism",,,,"Israel"
"The Third Way",729,"HH","The Third Way","Israel"
"The United Arab Party",1337,"Raam","United Arab List","Israel"
"The center party",1061,"MiHa/CP","Centre Party","Israel"
"The central party",1061,"MiHa/CP","Centre Party","Israel"
"There is a Future",3128,"Yesh","There is a Future","Israel"
"There is a Future (Yesh Atid)",3128,"Yesh","There is a Future","Israel"
"Tiby",,,,"Israel"
"Tkuma",,,,"Israel"
"Tnua Haravit Leshinui",,,,"Israel"
"Tzomet",745,"Tzomet","Crossroads","Israel"
"United Arab List",1337,"Raam","United Arab List","Israel"
"United Arab List (Ra'am)",1337,"Raam","United Arab List","Israel"
"United Arab List (Ra'am)",1337,"Raam","United Arab List","Israel"
"United Arab List (Ra'am)",1337,"Raam","United Arab List","Israel"
"United Arab List - Arab Movement for Renewal",3147,"Raam — Taal","United Arab List — Arab Movement for Renewal","Israel"
"United Torah Judaism",1075,"YH","United Torah Judaism","Israel"
"United Torah Judaism (Yahadut Ha'tora)",1075,"YH","United Torah Judaism","Israel"
"United Torah Judaism (Yahadut Hatora)",1075,"YH","United Torah Judaism","Israel"
"United Torah Judaism (Yahadut Hatorah)",1075,"YH","United Torah Judaism","Israel"
"United Torah Judaism and Degel HaTorah",,,,"Israel"
"Vigour (Meretz)",3131,"Meretz","Energy","Israel"
"Ya'Hadut Ha'Tora",1075,"YH","United Torah Judaism","Israel"
"Yachad",3274,"Yachad","Together","Israel"
"Yahadot Hatora",1075,"YH","United Torah Judaism","Israel"
"Yahadut HaTora",1075,"YH","United Torah Judaism","Israel"
"Yahadut Haotra - Agudat Israel - Degel Tora",1075,"YH","United Torah Judaism","Israel"
"Yahadut Hatora",1075,"YH","United Torah Judaism","Israel"
"Yahadut-Hatora",1075,"YH","United Torah Judaism","Israel"
"Yahadut-hatora",1075,"YH","United Torah Judaism","Israel"
"Yahadut-hatora, Agudat-Isarel, Degel-hatora",1075,"YH","United Torah Judaism","Israel"
"Yamina",9095,"Y","Yamina","Israel"
"Yamina – The new Right and Right wing parties",9095,"Y","Yamina","Israel"
"Yehadut HaTora",1075,"YH","United Torah Judaism","Israel"
"Yesh Atid",3128,"Yesh","There is a Future","Israel"
"Yesh Atid (Yair Lapid) - There Is a Future",3128,"Yesh","There is a Future","Israel"
"Yesh atid",3128,"Yesh","There is a Future","Israel"
"Yisrael Beiteinu",235,"YB","Israel is Our Home","Israel"
"Yisrael Beitenu - Israel Our Home",235,"YB","Israel is Our Home","Israel"
"Ysrael Baaliya",1053,"YB","Israel for Immigration","Israel"
"Zehut headed by Feiglin",7351,"Z","Zehut","Israel"
"Zionist Union (Labor and Hatnuah)",,,,"Israel"
"Zionist Union (Mahane Zioni)",,,,"Israel"
"Zionut datit Otzma yehudit - Religious Zionism and Jewish power",,,,"Israel"
"a'am headed by Mansour Abbas",1337,"Raam","United Arab List","Israel"
"ale yarok",3129,"AlYa","Green Leaf","Israel"
"hamachane-hamamlakhti (Beni Gantz) - The state camp",,,,"Israel"
"mafdal",1447,"Mafdal","National Religious Party","Israel"
" +Europa",6155,"+E","More Europe","Italy"
"+ Europa",6155,"+E","More Europe","Italy"
"+Europa",6155,"+E","More Europe","Italy"
"+Europa",6155,"+E","More Europe","Italy"
"5 Star Movement",2046,"M5S","Five Star Movement","Italy"
"5 Star Movement - Movimento 5 Stelle",2046,"M5S","Five Star Movement","Italy"
"ALLEANZA NAZIONALE",813,"AN","National Alliance","Italy"
"AN",813,"AN","National Alliance","Italy"
"API (Alleanza per Italia)",,,,"Italy"
"API di Rutelli",,,,"Italy"
"Alleanza Democratica",614,"AD","Democratic Alliance","Italy"
"Alleanza Nazionale",813,"AN","National Alliance","Italy"
"Alleanza Nazionale (Fini)",813,"AN","National Alliance","Italy"
"Alleanza Nazionale MSI",,,,"Italy"
"Alleanza Verdi e Sinistra",,,,"Italy"
"Alleanza per l'Italia di Rutelli (API)",,,,"Italy"
"Allenza per l'Italia di Rutelli (API)",,,,"Italy"
"Alliance for Italy - API/ Alleanza per l'Italia",,,,"Italy"
"Alternativa Popolare (AP) (Popular Alternative)",9090,"AP","Popular Alternative","Italy"
"Alternativa Popolare (Popular Alternative)",9090,"AP","Popular Alternative","Italy"
"Alternativa popolare",9090,"AP","Popular Alternative","Italy"
"Altro (SPECIFICARE)",,,,"Italy"
"Articolo 1 (Article 1)",8361,"Art.1","Article One","Italy"
"Articolo 1 Mdp",8361,"Art.1","Article One","Italy"
"Articolo 1 – Movimento Democratico Progressista (Article 1 – Democrats and Progressives)",8361,"Art.1","Article One","Italy"
"Azione di Calenda",9082,"A","Action","Italy"
"Blank or invalid ballot",,,,"Italy"
"Brothers of Italy",2280,"FdI","Brothers of Italy","Italy"
"Brothers of Italy - Fratelli d'Italia (Giorgia Meloni)",2280,"FdI","Brothers of Italy","Italy"
"Brothers of Italy - Fratelli d'Italia (Giorgia Meloni)",2280,"FdI","Brothers of Italy","Italy"
"Brothers of Italy - Fratelli d'Italia (Giorgia Meloni)",2280,"FdI","Brothers of Italy","Italy"
"Brothers of Italy with Giorgia Meloni",2280,"FdI","Brothers of Italy","Italy"
"CCD",1767,"CCD","Christian Democratic Center","Italy"
"CCD-CDU",,,,"Italy"
"CDU",763,"CDU","United Christian Democrats","Italy"
"Calenda (Action + Italy Alive) - Calenda (Azione + Italia Viva)",,,,"Italy"
"CasaPound",8244,"CPI","CasaPound Italy","Italy"
"CasaPound Italy",8244,"CPI","CasaPound Italy","Italy"
"Casapound Italia",8244,"CPI","CasaPound Italy","Italy"
"Centro Cristiano Democratico",1767,"CCD","Christian Democratic Center","Italy"
"Christian Democracy - New PSI",,,,"Italy"
"Civia Popolare Lorenzin",,,,"Italy"
"Civic Commitment - Impegno Civico (Luigi Di Maio)",,,,"Italy"
"Civic-Popular list",,,,"Italy"
"Civica Popolare (Popular Civic)",7670,"CP","Popular Civic List","Italy"
"Communist Party",34,"PCI","Italian Communist Party","Italy"
"Communist Refoundation Party",1404,"PRC","Communist Refoundation Party","Italy"
"Comunisti Italiani",1635,"PdCI","Party of Italian Communists","Italy"
"DC",934,"DC","Christian Democrats","Italy"
"DP",1429,"DP","Proletarian Democracy","Italy"
"Daisy - Democracy is Freedom",279,"DL — M","Democracy is Freedom — The Daisy","Italy"
"Dem. sinistra",878,"DS","Democrats of the Left","Italy"
"Democratic Party",802,"PD","Democratic Party","Italy"
"Democratic Party - Partito Democratico",802,"PD","Democratic Party","Italy"
"Democratici",643,"ID","Democracy","Italy"
"Democratici di Sinistra",878,"DS","Democrats of the Left","Italy"
"Democratici-Patti Segni,All.dem",,,,"Italy"
"Democrats of the Left",878,"DS","Democrats of the Left","Italy"
"Democrazia Cristiana",934,"DC","Christian Democrats","Italy"
"Democrazia Europea",1327,"DE","European Democracy","Italy"
"Democrazia Proletaria",1429,"DP","Proletarian Democracy","Italy"
"Destra Sociale - Fiamma Tricolore",,,,"Italy"
"Destra sociale- Fiamma tricolore",,,,"Italy"
"Energie per lItalia (Energies for Italy)",,,,"Italy"
"FARE - Giannino",,,,"Italy"
"FI",1626,"FI","Go Italy","Italy"
"FORZA ITALIA",1626,"FI","Go Italy","Italy"
"Federalisti",,,,"Italy"
"Federation of the Greens",851,"FdV","Federation of the Greens","Italy"
"Federation of the Left - Federazione della sinistra",,,,"Italy"
"Federazione dei Verdi",851,"FdV","Federation of the Greens","Italy"
"Federazione della sinistra",,,,"Italy"
"Fiamma Tricol.",1101,"MSFT","Fiamma Tricolore","Italy"
"Fiamma Tricolore",1101,"MSFT","Fiamma Tricolore","Italy"
"Fiamma Tricolore - Destra Sociale",,,,"Italy"
"Five Star Movement",2046,"M5S","Five Star Movement","Italy"
"Five Star Movement - Movimento 5 Stelle",2046,"M5S","Five Star Movement","Italy"
"For a Revolutionary Left",,,,"Italy"
"Forward Italy (Forza Italia)",8058,"FI","Forward Italy (2013)","Italy"
"Forza Italia",1626,"FI","Go Italy","Italy"
"Forza Italia (Berlusconi)",1626,"FI","Go Italy","Italy"
"Forza Italia (Forward Italy)",8058,"FI","Forward Italy (2013)","Italy"
"Forza Nuova (non presente nelle due isole maggiori)",,,,"Italy"
"Fratelli d Italia/Alleanza Nazionale",,,,"Italy"
"Fratelli d'Italia",2280,"FdI","Brothers of Italy","Italy"
"Fratelli d'Italia (Brothers of Italy)",2280,"FdI","Brothers of Italy","Italy"
"Fratelli d'Italia - An",,,,"Italy"
"Fratelli d'Italia con Giorgia Meloni",2280,"FdI","Brothers of Italy","Italy"
"Fratelli d'Italia di Crosetto, La Russa, Meloni",2280,"FdI","Brothers of Italy","Italy"
"Fratelli d'Italia/Alleanza Nazionale",,,,"Italy"
"Fratelli d'Italia/Alleanza Nazionale (Brothers of Italy)",,,,"Italy"
"Fratelli dItalia/Alleanza Nazionale (Brothers of Italy)",,,,"Italy"
"Free and Equal",8246,"LeU","Free and Equal","Italy"
"Future and Freedom for Italy - Futuro e Libertà per l'Italia",1179,"FLI","Future and Freedom for Italy","Italy"
"Futuro e Liberta",1179,"FLI","Future and Freedom for Italy","Italy"
"Futuro e Libertà",1179,"FLI","Future and Freedom for Italy","Italy"
"Go Italy",1626,"FI","Go Italy","Italy"
"Go Italy – Forza Italia (Berlusconi Presidente)",1626,"FI","Go Italy","Italy"
"Green-Left Alliance (Green Europe + Italian Left) - Alleanza Verdi Sinistra (Europa Verde + Sinistra Italiana)",,,,"Italy"
"Greens - Verdi",851,"FdV","Federation of the Greens","Italy"
"House of Liberties",6241,"CdL","House of Freedom","Italy"
"Il Popolo della Liberty",365,"IPdL","The People of Freedom","Italy"
"Il Popolo della Libertà",365,"IPdL","The People of Freedom","Italy"
"Impegno Civico",,,,"Italy"
"Italexit",9081,"Italexit","Italexit per l'Italia","Italy"
"Italexit - Italexit (Gianluigi Paragone)",9081,"Italexit","Italexit per l'Italia","Italy"
"Italexit per L'italia",9081,"Italexit","Italexit per l'Italia","Italy"
"Italia Europa Insieme",7671,"IEI","Together","Italy"
"Italia Sovrana e Popolare",9127,"ISP","Sovereign and Popular Italy","Italy"
"Italia Viva",8641,"IV","Italy Alive","Italy"
"Italia Viva (Azione Italia)",8641,"IV","Italy Alive","Italy"
"Italia dei Valori",768,"IdV","List Di Pietro — Italy of Values","Italy"
"Italia dei Valori - Lista Di Pietro",768,"IdV","List Di Pietro — Italy of Values","Italy"
"Italia dei valori (IDV)",768,"IdV","List Di Pietro — Italy of Values","Italy"
"Italia dei valori (IDV) (Italy of Values)",768,"IdV","List Di Pietro — Italy of Values","Italy"
"Italy Europe Together",7671,"IEI","Together","Italy"
"Italy of Values",768,"IdV","List Di Pietro — Italy of Values","Italy"
"Italy of Values - Italia dei Valori/ Lista Di Pietro",768,"IdV","List Di Pietro — Italy of Values","Italy"
"Italy to the Italians",,,,"Italy"
"LEGA NORD",1221,"LN","North League","Italy"
"LISTA PANNELLA RIFOR",,,,"Italy"
"La Destra",8188,"LD","The Right","Italy"
"La Destra di Francesco Storace",8188,"LD","The Right","Italy"
"La Margherita",279,"DL — M","Democracy is Freedom — The Daisy","Italy"
"La destra",8188,"LD","The Right","Italy"
"Laburisti",,,,"Italy"
"League",1221,"LN","North League","Italy"
"League – Lega (Salvini Premier)",1221,"LN","North League","Italy"
"Left Ecology Freedom - Sinistra e Libertà",7031,"SEL","Left Ecology Freedom","Italy"
"Lega",1221,"LN","North League","Italy"
"Lega Nord",1221,"LN","North League","Italy"
"Lega Nord (Bossi)",1221,"LN","North League","Italy"
"Lega Nord (Northern League)",1221,"LN","North League","Italy"
"Lega formerly known as Lega Nord (Northern League)",1221,"LN","North League","Italy"
"Liberal Democratici Riformisti",,,,"Italy"
"Liberal-Democratici",,,,"Italy"
"Liberali Uguali",,,,"Italy"
"Liberali Uguali (LEU)",8246,"LeU","Free and Equal","Italy"
"Liberi e Uguali",8246,"LeU","Free and Equal","Italy"
"Liberi e Uguali (LEU)",8246,"LeU","Free and Equal","Italy"
"Lista Bonino-Pannella",2134,"LB","Bonino List","Italy"
"Lista Pannella",3742,"LP","Pannella List","Italy"
"Lista Pannella Rifor",,,,"Italy"
"Lista Pannella-Rifomatori",,,,"Italy"
"Lista di Pietro",768,"IdV","List Di Pietro — Italy of Values","Italy"
"Liste Verdi",851,"FdV","Federation of the Greens","Italy"
"Liste etn. loc.",,,,"Italy"
"Liste etniche locali (per es. Sudtiroler-Volkspartei, Par",,,,"Italy"
"Liste regionaliste (per es. Liga veneta, Lega lombarda)",,,,"Italy"
"MOVIMENTO SOCIALE",1696,"MSI","Italian Social Movement / Italian Social Movement-National Right","Italy"
"MSI-DN",1696,"MSI","Italian Social Movement / Italian Social Movement-National Right","Italy"
"More Europe",6155,"+E","More Europe","Italy"
"More Europe - +Europa (Emma Bonino)",6155,"+E","More Europe","Italy"
"Movimento 5 Stelle",2046,"M5S","Five Star Movement","Italy"
"Movimento 5 stelle",2046,"M5S","Five Star Movement","Italy"
"Movimento 5 stelle (Five Star Movement)",2046,"M5S","Five Star Movement","Italy"
"Movimento Sociale",1696,"MSI","Italian Social Movement / Italian Social Movement-National Right","Italy"
"Movimento Sociale Fiamma Tricolore",1101,"MSFT","Fiamma Tricolore","Italy"
"Movimento Sociale-Destra Nazionale",1696,"MSI","Italian Social Movement / Italian Social Movement-National Right","Italy"
"Movimento per l'Autonomia",1045,"MpA","Movement for Autonomy","Italy"
"Movimento per l'Autonomia di Lombardo",1045,"MpA","Movement for Autonomy","Italy"
"Movimento per le Autonomie",1045,"MpA","Movement for Autonomy","Italy"
"Mpa di Lombardo",1045,"MpA","Movement for Autonomy","Italy"
"National Alliance",813,"AN","National Alliance","Italy"
"Noi Moderati",,,,"Italy"
"Noi con l'Italia",9141,"NcI","Us with Italy","Italy"
"Noi con l'Italia - UDC",,,,"Italy"
"North League - Lega Nord",1221,"LN","North League","Italy"
"Northern League/League",1221,"LN","North League","Italy"
"Nuovi communisti Italia",,,,"Italy"
"Nuovo Centro Destra/Unione di Centro",,,,"Italy"
"Nuovo Centro Destra/Unione di Centro (New Centre-Right)",,,,"Italy"
"Nuovo Centrodestra/Unione di Centro (NCD-UdC) (New Centre-Right)",,,,"Italy"
"Nuovo PSI",888,"NPSI","New PSI","Italy"
"P. comun. Ital.",1635,"PdCI","Party of Italian Communists","Italy"
"PARTITO POPOLARE ITA",1701,"PPI","Italian People's Party","Italy"
"PATTO SEGNI",688,"PS","Segni Pact","Italy"
"PCI",34,"PCI","Italian Communist Party","Italy"
"PDS (d Alema)",8054,"PDS","Democratic Party of the Left","Italy"
"PDS (ex PCI)",8054,"PDS","Democratic Party of the Left","Italy"
"PDUP",598,"PdUP","Manifesto / Party of Proletarian Unity for Communism","Italy"
"PLI",1461,"PLI","Italian Liberal Party","Italy"
"PPI",1701,"PPI","Italian People's Party","Italy"
"PR",2419,"PRI","Italian Radical Party / Historical Radical Party","Italy"
"PRI",394,"PRI","Italian Republican Party","Italy"
"PSI",742,"PSI","Italian Socialist Party","Italy"
"Pannella-Bonino",2134,"LB","Bonino List","Italy"
"Partido Democratico",802,"PD","Democratic Party","Italy"
"Partido Democratico (PD)",802,"PD","Democratic Party","Italy"
"Partito Comunista",34,"PCI","Italian Communist Party","Italy"
"Partito Comunista Italiano",34,"PCI","Italian Communist Party","Italy"
"Partito Comunista dei Lavoratori (non presente al Sud e nelle isole)",,,,"Italy"
"Partito Democratico",802,"PD","Democratic Party","Italy"
"Partito Democratico (PD)",802,"PD","Democratic Party","Italy"
"Partito Democratico (PD) (Democratic Party)",802,"PD","Democratic Party","Italy"
"Partito Liberale Italiano",1461,"PLI","Italian Liberal Party","Italy"
"Partito Pensionati",772,"PP","Pensioners' Party","Italy"
"Partito Popolare",1701,"PPI","Italian People's Party","Italy"
"Partito Popolare Ital",1701,"PPI","Italian People's Party","Italy"
"Partito Radicale",1449,"R","Radicals","Italy"
"Partito Republicano Italiano",394,"PRI","Italian Republican Party","Italy"
"Partito Socialista",742,"PSI","Italian Socialist Party","Italy"
"Partito Socialista Democratico Italiano",1126,"PSDI","Italian Democratic Socialist Party","Italy"
"Partito Socialista Italiano",742,"PSI","Italian Socialist Party","Italy"
"Partito dei Comunisti Italiani",1635,"PdCI","Party of Italian Communists","Italy"
"Partito della Rifondazione Comunista",1404,"PRC","Communist Refoundation Party","Italy"
"Partito pensionati",772,"PP","Pensioners' Party","Italy"
"Party of Italian Communists",1635,"PdCI","Party of Italian Communists","Italy"
"Patto Di Segni",688,"PS","Segni Pact","Italy"
"Patto segni",688,"PS","Segni Pact","Italy"
"Popolari",1701,"PPI","Italian People's Party","Italy"
"Popolari Liberali",,,,"Italy"
"Popolari UDEUR",115,"UDEUR","Union of Democrats for Europe","Italy"
"Popolo della Liberta",365,"IPdL","The People of Freedom","Italy"
"Popolo della Libertà (PDL)",365,"IPdL","The People of Freedom","Italy"
"Popolo delle Libertà (PDL)",365,"IPdL","The People of Freedom","Italy"
"Popular - UDEUR",115,"UDEUR","Union of Democrats for Europe","Italy"
"Popular Civic List",7670,"CP","Popular Civic List","Italy"
"Popular Civic Lorenzin",7670,"CP","Popular Civic List","Italy"
"Potere al popolo",8247,"PaP","Power to the People","Italy"
"Power to the People",8247,"PaP","Power to the People","Italy"
"Power to the People!",8247,"PaP","Power to the People","Italy"
"RI",259,"RiI","Italian Renewal","Italy"
"RIFONDAZIONE COMUNIS",1404,"PRC","Communist Refoundation Party","Italy"
"RINNOVAMENTO ITALIAN",259,"RiI","Italian Renewal","Italy"
"Radicali",1449,"R","Radicals","Italy"
"Radicali Italiani",8248,"RI","Italian Radicals","Italy"
"Radicali Italiani (Amnistia giustizia e libertà)",8248,"RI","Italian Radicals","Italy"
"Radicali Italiani (Italian Radicals)",8248,"RI","Italian Radicals","Italy"
"Radicals: Bonino-Pannella-List - Radicali: Lista Bonino-Pannella",2134,"LB","Bonino List","Italy"
"Rete",131,"LR","The Network / Movement for Democracy","Italy"
"Rifond. comun.",1404,"PRC","Communist Refoundation Party","Italy"
"Rifondazione Com",1404,"PRC","Communist Refoundation Party","Italy"
"Rifondazione Communista",1404,"PRC","Communist Refoundation Party","Italy"
"Rifondazione Comunis",1404,"PRC","Communist Refoundation Party","Italy"
"Rifondazione Comunista",1404,"PRC","Communist Refoundation Party","Italy"
"Rifondazione Comunista (Communist Refoundation Party)",1404,"PRC","Communist Refoundation Party","Italy"
"Rifondazione Comunista (PRC) (Communist Refoundation Party)",1404,"PRC","Communist Refoundation Party","Italy"
"Rifondazione Comunista / RDCI",,,,"Italy"
"Rifondazione communista",1404,"PRC","Communist Refoundation Party","Italy"
"Rifondazione comunisti italiani",,,,"Italy"
"Rifondazione e Comunisti Italiani (Lista Anticapitalista)",,,,"Italy"
"Rinnovamento Italiano",259,"RiI","Italian Renewal","Italy"
"Rivoluzione Civile (Ingroia)",2277,"RC","Civil Revolution","Italy"
"Rose in the Fist",1711,"RnP","Rose in the Fist","Italy"
"SDI",750,"SDI","Italian Democrat Socialists","Italy"
"SOCIALISTI ITALIANI",7009,"SI","Italian Socialists","Italy"
"SVP - PATT",,,,"Italy"
"SVP-PATT",,,,"Italy"
"Scelta Civica",2281,"SC","Civic Choice","Italy"
"Scelta Civica (Civic Choice)",2281,"SC","Civic Choice","Italy"
"Scelta Civica (SC) (Civic Choice)",2281,"SC","Civic Choice","Italy"
"Scelta Civica (con Monti)",2281,"SC","Civic Choice","Italy"
"Sinistra Democratica",,,,"Italy"
"Sinistra Ecologia e Libertà (SEL)",7031,"SEL","Left Ecology Freedom","Italy"
"Sinistra Ecologia e Libertà (SEL) (Left Ecology Freedom – Italian Left)",7031,"SEL","Left Ecology Freedom","Italy"
"Sinistra Ecologica Libertà (SEL) (Left Ecology Freedom – Italian Left)",7031,"SEL","Left Ecology Freedom","Italy"
"Sinistra e Liberta",7031,"SEL","Left Ecology Freedom","Italy"
"Sinistra e Libertà",7031,"SEL","Left Ecology Freedom","Italy"
"Sinistra e libertà",7031,"SEL","Left Ecology Freedom","Italy"
"Sinistra italiana",1212,"SI","Italian Left","Italy"
"Social Alternative",327,"ASM","Social Alternative Mussolini","Italy"
"Socialist Party - Partito Socialista",742,"PSI","Italian Socialist Party","Italy"
"Socialisti Italiani",7009,"SI","Italian Socialists","Italy"
"Südtiroler Volkspartei (minoranza tedesca, con Partito Autonomista Trentino Tirolese)",1369,"SVP","South Tyrol Peoples Party","Italy"
"Terzo Polo (Azione-Italia Viva)",,,,"Italy"
"The People of Family",,,,"Italy"
"The People of Freedom - Il Popolo della Libertà",365,"IPdL","The People of Freedom","Italy"
"The People of the Family",,,,"Italy"
"The Right - La Destra",8188,"LD","The Right","Italy"
"The Socialists",7009,"SI","Italian Socialists","Italy"
"The Union",1372,"LU","The Union","Italy"
"Together List",7671,"IEI","Together","Italy"
"Together list",7671,"IEI","Together","Italy"
"UDC",1758,"UDC","Union of Christian and Centre Democrats","Italy"
"UDEUR - Popolari",115,"UDEUR","Union of Democrats for Europe","Italy"
"UDR",734,"UDR","Union of republican democrats","Italy"
"Union of Christian and Centre Democrats",1758,"UDC","Union of Christian and Centre Democrats","Italy"
"Union of the Centre - Udc/ Unione di Centro",201,"UdC","Union of the Centre","Italy"
"Unione Popolare",,,,"Italy"
"Unione Valdotaine",548,"UV","Valdotanian Union","Italy"
"Unione di Centro (UDC)",1758,"UDC","Union of Christian and Centre Democrats","Italy"
"Unione di Centro (UDC-Rosa Bianca)",201,"UdC","Union of the Centre","Italy"
"Unioni dei Democratici Cristiani e di Centro",1758,"UDC","Union of Christian and Centre Democrats","Italy"
"Us with Italy",9141,"NcI","Us with Italy","Italy"
"Us with Italy - Christian Democratic Union",,,,"Italy"
"Us with Italy - UDC (Union of the Centre)",,,,"Italy"
"Verdi",851,"FdV","Federation of the Greens","Italy"
"Verdi (Ripa di Meana)",851,"FdV","Federation of the Greens","Italy"
"Verdi/ Europa Verde",9110,"EV","Green Europe","Italy"
"Vox Italia",,,,"Italy"
"ccd",1767,"CCD","Christian Democratic Center","Italy"
"cdu",763,"CDU","United Christian Democrats","Italy"
"msi",1696,"MSI","Italian Social Movement / Italian Social Movement-National Right","Italy"
"pds",8054,"PDS","Democratic Party of the Left","Italy"
"pri",394,"PRI","Italian Republican Party","Italy"
"psi",742,"PSI","Italian Socialist Party","Italy"
"udr",734,"UDR","Union of republican democrats","Italy"
"verdi",851,"FdV","Federation of the Greens","Italy"
"CDP (Constitutional Democratic Party)",6135,"KDP","Constitutional Democratic Party of Japan","Japan"
"CGP",1515,"K","Clean Government Party / New Komeito","Japan"
"Clean Government Party",1515,"K","Clean Government Party / New Komeito","Japan"
"Clean Government Party / New Komeito",1515,"K","Clean Government Party / New Komeito","Japan"
"Communist",736,"JCP","Japan Communist Party","Japan"
"Constitutional Democratic Party of Japan",6135,"KDP","Constitutional Democratic Party of Japan","Japan"
"Constitutional Democratic Party of Japan",6135,"KDP","Constitutional Democratic Party of Japan","Japan"
"Constitutional Democratic Party of Japan",6135,"KDP","Constitutional Democratic Party of Japan","Japan"
"DP Democratic Party",,,,"Japan"
"DPFP (Democratic Party for the People)",9006,"DPP","Democratic Party for the People","Japan"
"DPJ",1804,"DPJ","Democratic Party of Japan","Japan"
"DPJ (Democratic Party of Japan)",1804,"DPJ","Democratic Party of Japan","Japan"
"Democratc Party for the People",9006,"DPP","Democratic Party for the People","Japan"
"Democratic Party For the People",9006,"DPP","Democratic Party for the People","Japan"
"Democratic Party for the People",9006,"DPP","Democratic Party for the People","Japan"
"Democratic Party of Japan",1804,"DPJ","Democratic Party of Japan","Japan"
"Democratic Party of Japan - DPJ",1804,"DPJ","Democratic Party of Japan","Japan"
"Democratic Socialist",867,"DSP","Democratic Socialist Party","Japan"
"Green Breeze Party",,,,"Japan"
"Green Wind",,,,"Japan"
"Greens Japan",,,,"Japan"
"Group of non-affiliated politicians (Mushozoku no kai)",,,,"Japan"
"Initiatives from Osaka",,,,"Japan"
"JCP",736,"JCP","Japan Communist Party","Japan"
"JCP (Japanese Communist Party)",736,"JCP","Japan Communist Party","Japan"
"JRP (Japan Restoration Party)",2080,"JReP","Japan Restoration [Innovation] Party","Japan"
"Japan Communist Party",736,"JCP","Japan Communist Party","Japan"
"Japan Democratic Socialist Party",867,"DSP","Democratic Socialist Party","Japan"
"Japan Innovation Party",9008,"JaRep","Japan Innovation Party","Japan"
"Japan Renewal",1109,"JRP","Japan Renewal Party","Japan"
"Japan Restoration Party",2080,"JReP","Japan Restoration [Innovation] Party","Japan"
"Japan Social Democratic Party",3,"JSP/SDP","Japan Socialist Party / Social Democratic Party","Japan"
"Japan Socialist Party",3,"JSP/SDP","Japan Socialist Party / Social Democratic Party","Japan"
"Japanese Communist Party",736,"JCP","Japan Communist Party","Japan"
"Japanese Communist Party - JCP",736,"JCP","Japan Communist Party","Japan"
"Jimin to - Liberal Democratic Party of JAPAN (LDP)",1746,"LDP","Liberal Democratic Party","Japan"
"KOMEITO",1515,"K","Clean Government Party / New Komeito","Japan"
"Kibo no to - The Party of Hope",6134,"PH","Party of Hope","Japan"
"Kizuna Party",,,,"Japan"
"Kokumin Ikari no Koe (Angry Voice of the People)",,,,"Japan"
"Komei",1515,"K","Clean Government Party / New Komeito","Japan"
"Komei to - KOMEITO (NKP)",1515,"K","Clean Government Party / New Komeito","Japan"
"Komeito",1515,"K","Clean Government Party / New Komeito","Japan"
"Komeito(CGP)",1515,"K","Clean Government Party / New Komeito","Japan"
"Koumeito",1515,"K","Clean Government Party / New Komeito","Japan"
"Kyosan to - Japanese Communist Party (JCP)",736,"JCP","Japan Communist Party","Japan"
"LDP",1746,"LDP","Liberal Democratic Party","Japan"
"LDP (Liberal Democratic Party)",1746,"LDP","Liberal Democratic Party","Japan"
"LP",13,"LP","Liberal Party","Japan"
"Liberal Democr Party",1746,"LDP","Liberal Democratic Party","Japan"
"Liberal Democratic",1746,"LDP","Liberal Democratic Party","Japan"
"Liberal Democratic Party",1746,"LDP","Liberal Democratic Party","Japan"
"Liberal Democratic Party - LDP",1746,"LDP","Liberal Democratic Party","Japan"
"Liberal Democratic Party of JAPAN",1746,"LDP","Liberal Democratic Party","Japan"
"Liberal Democratic Party of Japan",1746,"LDP","Liberal Democratic Party","Japan"
"Liberal League",348,"LL","Liberal League","Japan"
"Liberal Party",13,"LP","Liberal Party","Japan"
"Minna",,,,"Japan"
"NCGP (New Clean Government Party)",1515,"K","Clean Government Party / New Komeito","Japan"
"NCGP(New Clean Government Party)",1515,"K","Clean Government Party / New Komeito","Japan"
"NCP",702,"NCP","New Conservative Party","Japan"
"NHK Kara Kokumin o Mamoru To",9007,"NHK","The party that protects those who do not pay the NHK license fee","Japan"
"NHK To Saiban Shiteiru To Bengoshihou 72jou Ihande",,,,"Japan"
"NPN (New Party Nippon)",692,"NPN","New Party Nippon","Japan"
"New Conservative Party",702,"NCP","New Conservative Party","Japan"
"New Frontier Party",282,"NFP","New Frontier Party","Japan"
"New Komeito",1515,"K","Clean Government Party / New Komeito","Japan"
"New Komeito - New Clean Government Party",1515,"K","Clean Government Party / New Komeito","Japan"
"New Party",,,,"Japan"
"New Party Daichi",,,,"Japan"
"New Party Sakigake",392,"NPS","New Party Sakigake","Japan"
"New Renaissance Party",,,,"Japan"
"Nihon no kokoro - The Party for Japanese Kokoro (PJK)",3215,"PFG/PJK","Party for Future Generations /  Party for Japanese Kokoro","Japan"
"Nippon Ishin no Kai (Initiatives from Osaka)",9008,"JaRep","Japan Innovation Party","Japan"
"Nippon ishin no kai - Japan Innovation Party (JIP)",9008,"JaRep","Japan Innovation Party","Japan"
"Okinawa Socialist Masses Party",,,,"Japan"
"Other   (Volunteered)",,,,"Japan"
"PNP (People's New Party)",352,"PNP","People's New Party","Japan"
"Party for Japanese Kokoro",3215,"PFG/PJK","Party for Future Generations /  Party for Japanese Kokoro","Japan"
"Party of Hope",6134,"PH","Party of Hope","Japan"
"People's Life Party",,,,"Japan"
"People's New Party",352,"PNP","People's New Party","Japan"
"Refomers Network Party",,,,"Japan"
"Reiwa Shinsengumi",9009,"ReiShin","Reiwa Shinsengumi","Japan"
"Rikkenminsyu to - The Constitutional Democratic Party of Japan (CDP)",6135,"KDP","Constitutional Democratic Party of Japan","Japan"
"SDP",3,"JSP/SDP","Japan Socialist Party / Social Democratic Party","Japan"
"SDP (Social Democratic Party)",3,"JSP/SDP","Japan Socialist Party / Social Democratic Party","Japan"
"SPJ (Sunrise Party of Japan)",,,,"Japan"
"Shamin to - Social Democratic Party (SDP)",3,"JSP/SDP","Japan Socialist Party / Social Democratic Party","Japan"
"Shijiseitou Nashi",,,,"Japan"
"Social Democr Party",3,"JSP/SDP","Japan Socialist Party / Social Democratic Party","Japan"
"Social Democratic",3,"JSP/SDP","Japan Socialist Party / Social Democratic Party","Japan"
"Social Democratic Party",3,"JSP/SDP","Japan Socialist Party / Social Democratic Party","Japan"
"Social Democratic Party - SDPJ",3,"JSP/SDP","Japan Socialist Party / Social Democratic Party","Japan"
"Social Democratic Party / Old Japan Socialist Party",3,"JSP/SDP","Japan Socialist Party / Social Democratic Party","Japan"
"Social Democratic Party of Japan",3,"JSP/SDP","Japan Socialist Party / Social Democratic Party","Japan"
"Sunrise Party",,,,"Japan"
"The Constitutional Democratic Party of Japan",6135,"KDP","Constitutional Democratic Party of Japan","Japan"
"The Democratic Party",,,,"Japan"
"The Democratic Party of Japan",1804,"DPJ","Democratic Party of Japan","Japan"
"The Democratic Party of Japan - DPJ",1804,"DPJ","Democratic Party of Japan","Japan"
"The Democratic Party of Japan - DPJ ( Minshuto)",1804,"DPJ","Democratic Party of Japan","Japan"
"The Happiness Realization Party",,,,"Japan"
"The Japanese Communist Party",736,"JCP","Japan Communist Party","Japan"
"The Japanese Communist Party - JCP",736,"JCP","Japan Communist Party","Japan"
"The Japanese Communist Party - JCP (, Nihon Kyosan-to)",736,"JCP","Japan Communist Party","Japan"
"The Liberal Democratic Party of Japan - LDP  ( Jiyu-Minshuto)",1746,"LDP","Liberal Democratic Party","Japan"
"The New Komeito-NKP ( Shin Komeito)",1515,"K","Clean Government Party / New Komeito","Japan"
"The Party for Future Generations",3215,"PFG/PJK","Party for Future Generations /  Party for Japanese Kokoro","Japan"
"The Party for Japanese Kokoro",3215,"PFG/PJK","Party for Future Generations /  Party for Japanese Kokoro","Japan"
"The Party of Hope",6134,"PH","Party of Hope","Japan"
"The People's Life Party",,,,"Japan"
"The People's Life Party & Taro Yamamoto and Friends",,,,"Japan"
"The People's Life Party (& Taro Yamamoto and Friends)",,,,"Japan"
"The Social Democratic Party-SDPJ ( Shakai Minshu-to)",3,"JSP/SDP","Japan Socialist Party / Social Democratic Party","Japan"
"Tomorrow Party (Now includes LF (People's Life First) and Anti TPP (Anti-Nuclear, Consumption Tax Hike Freeze Realizatio",,,,"Japan"
"United Progressive Liberals",,,,"Japan"
"United Social Democratic",,,,"Japan"
"United Social Democratic Party",,,,"Japan"
"YP (Your Party)",1777,"YP","Your Party","Japan"
"Your Party",1777,"YP","Your Party","Japan"
"Al Aawn National Party",,,,"Jordan"
"Al Ahed Party (The Promise)",,,,"Jordan"
"Al Wasat Al Islami party",4609,"Wasat","Muslim Centre Party","Jordan"
"Al-Ahrar Party",,,,"Jordan"
"Al-Ba'th Progressive Party",6372,"ABP","Arab Ba'th Party","Jordan"
"Al-Mustaqbal Party",,,,"Jordan"
"Islamic Brotherhood (Muslim Brothers)",,,,"Jordan"
"Islamic Labor Front",4537,"IAF","Islamic Action Front","Jordan"
"Islamic Labour Front",4537,"IAF","Islamic Action Front","Jordan"
"Islamic Middle Party",5588,"ICP","Islamic Centrist Party","Jordan"
"Jordanian Social Democratic Party",,,,"Jordan"
"Jordanian United Front Party",8920,"JUFP","Jordanian United Front Party","Jordan"
"Justice and Reform Party",,,,"Jordan"
"Nation Party",,,,"Jordan"
"National Congress Party",,,,"Jordan"
"National Current Party",,,,"Jordan"
"National Union Party",4612,"NUP","National Union Party","Jordan"
"National Unity Party",4611,"Home","The Homeland","Jordan"
"People's Action Party",,,,"Jordan"
"People's Action Party",,,,"Jordan"
"The Arab Islamic Democratic Party",,,,"Jordan"
"The Arab Jordanian al-Ansar Party",,,,"Jordan"
"The Direct Democratic Nationalistic Movement Party",,,,"Jordan"
"The Islamic Action Front",4537,"IAF","Islamic Action Front","Jordan"
"The Jordanian Ba'th Arab Socialist Party",6372,"ABP","Arab Ba'th Party","Jordan"
"The Jordanian Communist Party",,,,"Jordan"
"The Jordanian Democratic Popular Unity Party",,,,"Jordan"
"The Jordanian Natioanl Union Party",4612,"NUP","National Union Party","Jordan"
"The Jordanian People's Democratic Party",,,,"Jordan"
"The National Action Party",,,,"Jordan"
"The National Constitution Party",6371,"ACP","Arab Constitutional Party","Jordan"
"The National Constitutional Party",6371,"ACP","Arab Constitutional Party","Jordan"
"Ak Zhol Democratic Party",3747,"AkZhol","Democratic Party of Kazakhstan Bright Path","Kazakhstan"
"Cohesion party",,,,"Kazakhstan"
"Communist People's Party of Kazakhstan",3749,"QKXP","Communist People's Party of Kazakhstan","Kazakhstan"
"Communist party  of Kazakhstan",4350,"QKP","Communist Party of Kazakhstan","Kazakhstan"
"Democratic Choice of Kazakhstan / Forward! Party / Peop",4351,"DVK/AK","Democratic Choice of Kazakhstan / Forward! Party","Kazakhstan"
"Democratic Party Adilet",,,,"Kazakhstan"
"Kazakhstani Social Democratic Party Auyl",5627,"Auyl","Kazakhstani Social Democratic Party Auyl","Kazakhstan"
"Nationwide Social Democratic Party",3750,"ZSDP","Nationwide Social Democratic Party","Kazakhstan"
"Nur Otan",3748,"NO","Bright Fatherland","Kazakhstan"
"Party of Kazakh party",,,,"Kazakhstan"
"Rukhaniyat party",,,,"Kazakhstan"
"Alliance Party of Kenya",3866,"APK","Alliance Party of Kenya","Kenya"
"Alliance Party of Kenya (APK)",3866,"APK","Alliance Party of Kenya","Kenya"
"Alliance for Real Change",,,,"Kenya"
"Alliance for Real Change (ARK)",,,,"Kenya"
"Amani (United Democratic Forum Party (UDFP), New FORD Kenya,",,,,"Kenya"
"Amani (United Democratic Forum Party (UDFP), New FORD Kenya, KANU, The National Vision Party)",,,,"Kenya"
"Amani National Congress",7609,"ANC","Amani National Congress","Kenya"
"Amani National Congress  ANC Amani National Congress",7609,"ANC","Amani National Congress","Kenya"
"CORD (ODM, Ford-Kenya, FORD People, WIPER Democratic Movemen",,,,"Kenya"
"CORD (ODM, Ford-Kenya, FORD People, WIPER Democratic Movement, TIP, Chama cha Uzalendo, Mkenya Solidarity Movement, , Pe",,,,"Kenya"
"CORD coalition",,,,"Kenya"
"Chama Cha Mapinduzi",,,,"Kenya"
"Chama Cha Uzalendo (CCU)",,,,"Kenya"
"DP",3860,"DP","Democratic Party","Kenya"
"Democratic Party of Kenya (DP)",3860,"DP","Democratic Party","Kenya"
"Democratic Party of Kenya DP Democratic Party",3860,"DP","Democratic Party","Kenya"
"Democtatic Party (DP)",3860,"DP","Democratic Party","Kenya"
"Eagle (Kenya National Congress, Party of Action)",,,,"Kenya"
"FORD - Asili",3862,"FORD-A","Forum for the Restoration of Democracy-Asili","Kenya"
"FORD - Kenya",3863,"FORD-K","Forum for the Restoration of Democracy-Kenya","Kenya"
"FORD Asili",3862,"FORD-A","Forum for the Restoration of Democracy-Asili","Kenya"
"FORD Kenya",3863,"FORD-K","Forum for the Restoration of Democracy-Kenya","Kenya"
"FORD People",7971,"FORD-P","Forum for the Restoration of Democracy - People","Kenya"
"FORD – Kenya",3863,"FORD-K","Forum for the Restoration of Democracy-Kenya","Kenya"
"Ford Asili (Ford - A)",3862,"FORD-A","Forum for the Restoration of Democracy-Asili","Kenya"
"Ford Asili (Ford-A)",3862,"FORD-A","Forum for the Restoration of Democracy-Asili","Kenya"
"Ford Kenya",3863,"FORD-K","Forum for the Restoration of Democracy-Kenya","Kenya"
"Ford Kenya (Ford -K)",3863,"FORD-K","Forum for the Restoration of Democracy-Kenya","Kenya"
"Ford People (Ford -P)",7971,"FORD-P","Forum for the Restoration of Democracy - People","Kenya"
"Ford People (Ford-P)",7971,"FORD-P","Forum for the Restoration of Democracy - People","Kenya"
"Ford- Kenya (Ford-K)",3863,"FORD-K","Forum for the Restoration of Democracy-Kenya","Kenya"
"Ford-Asili",3862,"FORD-A","Forum for the Restoration of Democracy-Asili","Kenya"
"Ford-Kenya (Ford-K)",3863,"FORD-K","Forum for the Restoration of Democracy-Kenya","Kenya"
"Ford-People (F/P)",7971,"FORD-P","Forum for the Restoration of Democracy - People","Kenya"
"Ford-k",3863,"FORD-K","Forum for the Restoration of Democracy-Kenya","Kenya"
"Forum for Restoration of Democracy - Kenya",3863,"FORD-K","Forum for the Restoration of Democracy-Kenya","Kenya"
"Forum for the Restoration of Democracy–Kenya FORD–Kenya Forum for the Restoration of Democracy–Kenya (FORD–Kenya)",3863,"FORD-K","Forum for the Restoration of Democracy-Kenya","Kenya"
"Forum for the Restoration of Democracy–People FORD-Asili Forum for the Restoration of Democracy–People",7971,"FORD-P","Forum for the Restoration of Democracy - People","Kenya"
"G7",,,,"Kenya"
"Grand National Union (GNU)",4081,"GNU","Grand National Union of Kenya","Kenya"
"Islamic Party of Kenya",,,,"Kenya"
"Jubilee (TNA, URP, NARC, Republican Congress, Shirikisho Par",,,,"Kenya"
"Jubilee (TNA, URP, NARC, Republican Congress, Shirikisho Party of Kenya (SPK), Democratic Party of Kenya (DP), FORD Asil",,,,"Kenya"
"Jubilee Alliance Party",6912,"JP","Jubilee Party","Kenya"
"Jubilee Alliance Party (JAP)",6912,"JP","Jubilee Party","Kenya"
"Jubilee Alliance Party (JAP)/Jubilee Party",6912,"JP","Jubilee Party","Kenya"
"Jubilee Party",6912,"JP","Jubilee Party","Kenya"
"Jubilee Party of Kenya  Jubilee Jubilee Party of Kenya",6912,"JP","Jubilee Party","Kenya"
"KADDU -Asili",,,,"Kenya"
"KADDU-Asili",,,,"Kenya"
"KADU-Asili",,,,"Kenya"
"KANU",2316,"KANU","Kenya African National Union","Kenya"
"Kenya African Democratic Develoment Union (KADDU)",,,,"Kenya"
"Kenya African Democratic Development Union (KADDU)",,,,"Kenya"
"Kenya African National Union",2316,"KANU","Kenya African National Union","Kenya"
"Kenya African National Union  KANU Kenya African National Union",2316,"KANU","Kenya African National Union","Kenya"
"Kenya African National Union (KANU)",2316,"KANU","Kenya African National Union","Kenya"
"Kenya National Congress (KNC)",,,,"Kenya"
"Kenya Social Congress",,,,"Kenya"
"Kenya Social Congress  (KSC)",,,,"Kenya"
"Kenya Social Congress (KSC)",,,,"Kenya"
"Labour Party",,,,"Kenya"
"Labour Party of Kenya LPK Labour Party of Kenya",,,,"Kenya"
"Liberal Democratic Party (LDP)",4858,"LDP","Liberal Democratic Party","Kenya"
"Maendeleo Chap Chap",,,,"Kenya"
"Maendeleo Chap Chap Party MCC Maendeleo Chap Chap Party",,,,"Kenya"
"Muungano Party",,,,"Kenya"
"NAK",,,,"Kenya"
"NARC - Kenya",7970,"NARC-K","National Rainbow Coalition—Kenya","Kenya"
"NARC Kenya",7970,"NARC-K","National Rainbow Coalition—Kenya","Kenya"
"NARC – Kenya",7970,"NARC-K","National Rainbow Coalition—Kenya","Kenya"
"NARCK Kenya",7970,"NARC-K","National Rainbow Coalition—Kenya","Kenya"
"NARK-Kenya",7970,"NARC-K","National Rainbow Coalition—Kenya","Kenya"
"NPK",7932,"NPK","National Party of Kenya","Kenya"
"Narc-Kenya",7970,"NARC-K","National Rainbow Coalition—Kenya","Kenya"
"National Democratic Movement",,,,"Kenya"
"National Party of Kenya (NPK)",7932,"NPK","National Party of Kenya","Kenya"
"National Rainbow Coalition",5834,"NARC","National Rainbow Coalition","Kenya"
"National Rainbow Coalition (NARC)",5834,"NARC","National Rainbow Coalition","Kenya"
"National Rainbow Coalition–Kenya  NARC–Kenya National Rainbow Coalition–Kenya",7970,"NARC-K","National Rainbow Coalition—Kenya","Kenya"
"National Super Alliance",,,,"Kenya"
"National Super Alliance (NASA coalition)",,,,"Kenya"
"National Super Alliance NASA National Super Alliance",,,,"Kenya"
"New Ford Kenya (NFK)",7972,"NFK-K","New Forum for the Restoration of Democracy—Kenya","Kenya"
"New Ford Kenya (New Ford -K)",7972,"NFK-K","New Forum for the Restoration of Democracy—Kenya","Kenya"
"ODM",2360,"ODM","Orange Democratic Movement","Kenya"
"ODM Kenya",2361,"ODM-Kenya","Orange Democratic Movement-Kenya","Kenya"
"Orange Democratic Movement",2360,"ODM","Orange Democratic Movement","Kenya"
"Orange Democratic Movement  ODM Orange Democratic Movement",2360,"ODM","Orange Democratic Movement","Kenya"
"Orange Democratic Movement (ODM)",2360,"ODM","Orange Democratic Movement","Kenya"
"Orange Democratic Movement Party (ODM)",2360,"ODM","Orange Democratic Movement","Kenya"
"Orange Democratic Movement Party of Kenya (ODM-K)",2361,"ODM-Kenya","Orange Democratic Movement-Kenya","Kenya"
"PNU",2359,"PNU","Party of National Unity","Kenya"
"Party of Action (POA)",,,,"Kenya"
"Party of Independent Candidates of Kenya",,,,"Kenya"
"Party of National Unity",2359,"PNU","Party of National Unity","Kenya"
"Party of National Unity (PNU)",2359,"PNU","Party of National Unity","Kenya"
"People's Empowerment Party  PEP People's Empowerment Party",,,,"Kenya"
"Progressive Party of Kenya (PPK)",,,,"Kenya"
"Restore and Build Kenya",,,,"Kenya"
"Restore and Build Kenya (RBK)",,,,"Kenya"
"SAFINA",3858,"S","Safina","Kenya"
"SAFINA party",3858,"S","Safina","Kenya"
"Saba Saba Asili",,,,"Kenya"
"Safina",3858,"S","Safina","Kenya"
"Shirikisho",,,,"Kenya"
"Sisi kwa Sisi party",,,,"Kenya"
"Social Democratic Party (SDP)",3854,"SDP","Social Democratic Party","Kenya"
"Social Democratic Party of Kenya (SDP)",3854,"SDP","Social Democratic Party","Kenya"
"The National Alliance",3867,"TNA","The National Alliance","Kenya"
"The National Alliance (TNA)",3867,"TNA","The National Alliance","Kenya"
"The National Alliance party (TNA)",3867,"TNA","The National Alliance","Kenya"
"Thirdway Alliance",,,,"Kenya"
"Thirdway Alliance Party of Kenya  Thirdway Alliance Party of Kenya",,,,"Kenya"
"United Democratic Alliance",,,,"Kenya"
"United Democratic Alliance (UDA)",,,,"Kenya"
"United Democratic Alliance UDA United Democratic Alliance",,,,"Kenya"
"United Democratic Forum Party  UDFP United Democratic Forum Party",3864,"UDFP","United Democratic Forum Party","Kenya"
"United Democratic Front (Forum)",3864,"UDFP","United Democratic Forum Party","Kenya"
"United Democratic Front (UDF)",3864,"UDFP","United Democratic Forum Party","Kenya"
"United Democratic Movement",8872,"UDM","United Democratic Movement","Kenya"
"United Democratic Movement UDM United Democratic Movement",8872,"UDM","United Democratic Movement","Kenya"
"United Democratic Party of Kenya (UDM)",8872,"UDM","United Democratic Movement","Kenya"
"United Republican Party",3856,"URP","United Republican Party","Kenya"
"United Republican Party (URP)",3856,"URP","United Republican Party","Kenya"
"Unity Party of Kenya UPK Unity Party of Kenya",,,,"Kenya"
"Wiper Democratic Movement (WDM-K)",2362,"WDM-K","Wiper Democratic Movement—Kenya","Kenya"
"Wiper Democratic Movement - Kenya",2362,"WDM-K","Wiper Democratic Movement—Kenya","Kenya"
"Wiper Democratic Movement – Kenya",2362,"WDM-K","Wiper Democratic Movement—Kenya","Kenya"
"Wiper Democratic Movement- Kenya  WDM-K Wiper Democratic Movement- Kenya",2362,"WDM-K","Wiper Democratic Movement—Kenya","Kenya"
"Aleanca Kosova e Re (AKR)",3,"AKR","Aleanca Kosova e Re","Kosovo"
"Aleanca për Ardhmërinë e Kosovës (AAK)",5,"AAK","Aleanca për Ardhmërinë e Kosovës","Kosovo"
"Alliance for the Future of Kosovo",5,"AAK","Aleanca për Ardhmërinë e Kosovës","Kosovo"
"Civic Initiative of Gora",12,"GIG","Građanska Inicijativa Gora","Kosovo"
"Democratic Ashkali Party of Kosovo",10,"PDAK","Partia Demokratike e Ashkanlive të Kosovës","Kosovo"
"Democratic League of Dardania-Albanian Christian Democratic",6,"LDD","Lidhja Demokratike e Dardanisë","Kosovo"
"Democratic League of Kosovo",4,"LDK","Lidhja Demokratike e Kosovës","Kosovo"
"Democratic Party of Kosovo",2,"PDK","Partia Demokratike e Kosovës","Kosovo"
"Demokratska Stranka (DS)",,,,"Kosovo"
"Demokratska Stranka Srbije (DSS)",,,,"Kosovo"
"Independent Liberal Party",11,"SLS","Samostalna Liberalna Stranka","Kosovo"
"Liberalno Demokratska Partija (LDP)",,,,"Kosovo"
"Lidhja Demokratike e Kosovës (LDK)",4,"LDK","Lidhja Demokratike e Kosovës","Kosovo"
"Lëvizja Vetëvendosje (VV)",1,"VV","Lëvizja VETËVENDOSJE!","Kosovo"
"New Kosovo Alliance",3,"AKR","Aleanca Kosova e Re","Kosovo"
"Partia Demokratike e Kosovës (PDK)",2,"PDK","Partia Demokratike e Kosovës","Kosovo"
"Partia e Drejtësisë (PD)",7,"PD","Partia e Drejtësisë","Kosovo"
"Party of Justice",7,"PD","Partia e Drejtësisë","Kosovo"
"Reformist Party ORA",8,"ORA","Partia Reformiste ORA","Kosovo"
"Serb Democratic Party of Kosovo and Metohija",,,,"Kosovo"
"Serb Kosovo-Metohija Party",,,,"Kosovo"
"Serb People's Party",,,,"Kosovo"
"Socialisticka Partija Srbije (SPS)",,,,"Kosovo"
"Srpska Liberalna Stranka (SLS)",,,,"Kosovo"
"Srpska Napredna Stranka (SNS)",,,,"Kosovo"
"Turkish Democratic Party of Kosovo",9,"KDTP","Kosova Demokratik Türk Partisi","Kosovo"
"'Manas' youth organization",,,,"Kyrgyzstan"
"Adilet",7201,"A","Democratic Party ""Justice""","Kyrgyzstan"
"Agrarian Labor Party of Kyrgyzstan",,,,"Kyrgyzstan"
"Agrarian Party of Kyrgyzstan",,,,"Kyrgyzstan"
"Alga Kyrgyzstan",6341,"AK","Forward Kyrgyzstan","Kyrgyzstan"
"Ar Namys",5910,"AN","Dignity","Kyrgyzstan"
"Aris",,,,"Kyrgyzstan"
"Asaba (Republic National Party)",7410,"Asaba","Republic National Party","Kyrgyzstan"
"Baitik Ata",,,,"Kyrgyzstan"
"Banner National Revival Party",,,,"Kyrgyzstan"
"Builders' movement",,,,"Kyrgyzstan"
"Coalition for Democracy and Civil Society",,,,"Kyrgyzstan"
"Communist Party",5613,"CPK","Communist Party of Kirghizia","Kyrgyzstan"
"Contemporary",,,,"Kyrgyzstan"
"Democratic Movement of Kyrgyzstan",,,,"Kyrgyzstan"
"Democratic Party ""Justice""",7201,"A","Democratic Party ""Justice""","Kyrgyzstan"
"Democratic Women's Party of Kyrgyzstan",6382,"DPZh","Democratic Women's Party of Kyrgyzstan","Kyrgyzstan"
"Development and Progress Party",6885,"OP","Önügüü — Progress","Kyrgyzstan"
"Dignity Party",5910,"AN","Dignity","Kyrgyzstan"
"Edinstvo I Trud",,,,"Kyrgyzstan"
"Free Kyrgyzstan",,,,"Kyrgyzstan"
"Homeland Security",,,,"Kyrgyzstan"
"Jetigen - Yntymak",,,,"Kyrgyzstan"
"KDK",,,,"Kyrgyzstan"
"Kairan El Party",,,,"Kyrgyzstan"
"Kyrgyzstan Party",6883,"KP","Kyrgyzstan Party","Kyrgyzstan"
"Mekenim Kyrgyzstan",5909,"MS","My Country Party of Action","Kyrgyzstan"
"Molodej Kyrgyzstan",,,,"Kyrgyzstan"
"Moy Kyrgyzstan",5909,"MS","My Country Party of Action","Kyrgyzstan"
"My Country Party of Action",5909,"MS","My Country Party of Action","Kyrgyzstan"
"NGO 'Gender Development'",,,,"Kyrgyzstan"
"Narodnoe Dvijenie Kyrgyzstan",,,,"Kyrgyzstan"
"New Kyrgyzstan",,,,"Kyrgyzstan"
"Party of Citizens of Bishkek",,,,"Kyrgyzstan"
"Party of Communists of Kyrgyzstan",5612,"PKK","Party of Communists of Kyrgyzstan","Kyrgyzstan"
"Party of Cooperators of the Kyrgyz Republic",,,,"Kyrgyzstan"
"Party of Economic Revival of the Kyrgyz Republic",,,,"Kyrgyzstan"
"Party of Popular Unity and Consent",,,,"Kyrgyzstan"
"Party of Protection of Industrial, Agricultural Employe",,,,"Kyrgyzstan"
"Party of Unity of Kyrgyzstan",6881,"BK","United Kyrgyzstan","Kyrgyzstan"
"Party of the People (Destitute)",,,,"Kyrgyzstan"
"Party of the Veterans of the War in Afghanistan",6383,"PPVVA","Political Party of Afghan War Veterans","Kyrgyzstan"
"Party of the Working People",,,,"Kyrgyzstan"
"People of Manas Party of Spiritual Revival",,,,"Kyrgyzstan"
"Political Party of State Unity and Patriotism",,,,"Kyrgyzstan"
"Progressive Democratic Party ""Free Kyrgyzstan""",,,,"Kyrgyzstan"
"Republican Party of Kyrgyzstan",,,,"Kyrgyzstan"
"Republican People´s Party of Kyrgyzstan",,,,"Kyrgyzstan"
"Respublika",4528,"R","Respublika","Kyrgyzstan"
"Respublika - Ata-Zhurt",6882,"R — AZ","Respublika — Ata Zhurt","Kyrgyzstan"
"Social Democratic Party of Kyrgyzstan",4526,"KSP","Social Democratic Party of Kyrgyzstan","Kyrgyzstan"
"Social-Democrats Party",4526,"KSP","Social Democratic Party of Kyrgyzstan","Kyrgyzstan"
"Socialist Party",4527,"AM","Socialist Party 'Fatherland'","Kyrgyzstan"
"Socialist Party 'Fatherland'",4527,"AM","Socialist Party 'Fatherland'","Kyrgyzstan"
"Socio-Political Peasants' (Farmers') Party of Kyrgyzsta",,,,"Kyrgyzstan"
"United Kyrgyzstan",6881,"BK","United Kyrgyzstan","Kyrgyzstan"
"White Falcon",8484,"AS","White Falcon","Kyrgyzstan"
"Youth Party",,,,"Kyrgyzstan"
"Zastroyshik party",,,,"Kyrgyzstan"
"'Saskanas centre'-'Harmony Centre'",1056,"SC","Harmony Centre","Latvia"
"'Tevzemei un Brivibai,LNNK'-Alliance 'For Fatherland and Freedom'",1704,"TB/LNNK","For Fatherland and Freedom / LNNK","Latvia"
"Action Party",,,,"Latvia"
"All for Latvia",506,"VL","All For Latvia!","Latvia"
"Alliance ""Tçvzemei un Brîvîbai""/LNNK",1704,"TB/LNNK","For Fatherland and Freedom / LNNK","Latvia"
"Alliance 'Tzemei un Brai'/LNNK",1704,"TB/LNNK","For Fatherland and Freedom / LNNK","Latvia"
"Alliance for Fatherland and Freedom - LNNK, 'Tevzemei un Bri'",1704,"TB/LNNK","For Fatherland and Freedom / LNNK","Latvia"
"Alliance for Fatherland and Freedom - LNNK, 'Tevzemei un Brivibai'",1704,"TB/LNNK","For Fatherland and Freedom / LNNK","Latvia"
"Alliance of Political Parties 'Harmony Centre' - SC",1056,"SC","Harmony Centre","Latvia"
"Alliance of Social Democrats of Latvia",,,,"Latvia"
"Alliance ´Tevzemei un Brivibai´/LNNK",1704,"TB/LNNK","For Fatherland and Freedom / LNNK","Latvia"
"Apvieniba Tevzemei un Brivibai (TB)",671,"TB","For Fatherland and Freedom","Latvia"
"Association of Political Parties 'Harmony Centre'",1056,"SC","Harmony Centre","Latvia"
"Attīstībai/Par!",8393,"AP!","Development/For!","Latvia"
"Before el-s in 2002: ""For Human Rights in United Latvia""",176,"PCTVL","For Human Rights in a United Latvia","Latvia"
"Christian Democratic Union",304,"KDS","Christian Democratic Union","Latvia"
"Christian Democratic Union - KDS",304,"KDS","Christian Democratic Union","Latvia"
"Civic Union",415,"PS","Civic Union","Latvia"
"Coal. Latvian Dem. Labor/ Soc-Dem Wkrs/Defense Defrauded Ppl",,,,"Latvia"
"Concord Centre",1056,"SC","Harmony Centre","Latvia"
"Concord Centre (Saskanas Centrs)",1056,"SC","Harmony Centre","Latvia"
"Democratic Party",837,"DCP","Democratic Centre Party","Latvia"
"Democratic Party `Saimnieks`",19,"DPS","Democratic Party ""Saimnieks""","Latvia"
"Democratic patriotic association",,,,"Latvia"
"Demokratiska Partija Saimnieks (DPS) - Democratic Party Master",19,"DPS","Democratic Party ""Saimnieks""","Latvia"
"Development/For!",8393,"AP!","Development/For!","Latvia"
"First Party of Latvia",1778,"LPP","Latvia's First Party","Latvia"
"For Fatherland and Freedom/ LNNK",1704,"TB/LNNK","For Fatherland and Freedom / LNNK","Latvia"
"For Fatherland and Freedom/LNNK",1704,"TB/LNNK","For Fatherland and Freedom / LNNK","Latvia"
"For Human Rights in United Latvia",176,"PCTVL","For Human Rights in a United Latvia","Latvia"
"For Human Rights in United Latvia - PCTVL",176,"PCTVL","For Human Rights in a United Latvia","Latvia"
"For Human Rights in a United Latvia",176,"PCTVL","For Human Rights in a United Latvia","Latvia"
"For Latvia and Ventspils",,,,"Latvia"
"For Latvia from the Heart",3193,"NsL","For Latvia from the Heart","Latvia"
"For Latvia's development",3213,"LAAT","Latvian Development","Latvia"
"For a Good Latvia",393,"PLL","For a Good Latvia","Latvia"
"For a presidential republic",,,,"Latvia"
"Founded before elections in 2002: ""New Era""",1531,"JL","New Era","Latvia"
"Founded before elections in 2002: Light of Latgale",404,"LG","Light of Latgale","Latvia"
"Freedom Party",,,,"Latvia"
"Freedom, Free from Fear, Hate and Anger",,,,"Latvia"
"Freedom. Free from Fear, Hate and Anger",,,,"Latvia"
"Green and Farmer Union",701,"ZZS","Green and Farmers' Union","Latvia"
"Green and Farmer union",701,"ZZS","Green and Farmers' Union","Latvia"
"Greens and Farmers Union",701,"ZZS","Green and Farmers' Union","Latvia"
"Greens and Peasants Union - ZZS",701,"ZZS","Green and Farmers' Union","Latvia"
"Harmony",5976,"SDPS","Social Democratic Party ""Harmony""","Latvia"
"Harmony Centre",1056,"SC","Harmony Centre","Latvia"
"Harmony Centre, Saskanas Centre",1056,"SC","Harmony Centre","Latvia"
"Harmony Centre, Saskanas centre",1056,"SC","Harmony Centre","Latvia"
"Inheritance of Fatherland",,,,"Latvia"
"Jaunais Laiks",1531,"JL","New Era","Latvia"
"Jaunais Laiks-New Era",1531,"JL","New Era","Latvia"
"Jaunais laiks",1531,"JL","New Era","Latvia"
"Jaunā Vienotība",9089,"JV","New Unity","Latvia"
"Jaunā konservatīvā partija",6355,"JKP","New Conservative Party","Latvia"
"KPV LV",6356,"KPVLV—PCL","Who owns the state? — For a Humane Latvia","Latvia"
"LNNK Alliance",1789,"LNNK","Latvian National Independence Movement","Latvia"
"LSDSP/KDS/GKL",,,,"Latvia"
"Labor a Justice",,,,"Latvia"
"Latgale Democratic Party (LDP)",,,,"Latvia"
"Latgales Gaisma",404,"LG","Light of Latgale","Latvia"
"Latv Farmers Union",1702,"LZS","Latvian Farmers' Union","Latvia"
"Latv National Conservatives",,,,"Latvia"
"Latv National Democratic P",,,,"Latvia"
"Latvia first party and party Latvian way electoral union",461,"LPP/LC","Latvian First Party / Latvian Way Party","Latvia"
"Latvia's First Party",1778,"LPP","Latvia's First Party","Latvia"
"Latvia's First Party/Latvian Way",461,"LPP/LC","Latvian First Party / Latvian Way Party","Latvia"
"Latvia's First party/Latvia's Way",461,"LPP/LC","Latvian First Party / Latvian Way Party","Latvia"
"Latvia's Russian Union",5657,"LKS/RSL","Latvian Russian Union","Latvia"
"Latvia`s Way",1043,"LC","Latvian Way","Latvia"
"Latvian Association of Regions",3194,"LRa","Latvian Association of Regions","Latvia"
"Latvian Association of the Regions",3194,"LRa","Latvian Association of Regions","Latvia"
"Latvian Farmers` Union",1702,"LZS","Latvian Farmers' Union","Latvia"
"Latvian Liberal Party",,,,"Latvia"
"Latvian Popular Front",1315,"LTF","Popular Front of Latvia","Latvia"
"Latvian Russian Union",5657,"LKS/RSL","Latvian Russian Union","Latvia"
"Latvian Social Democratic Workers",741,"LSDSP","Latvian Social Democratic Workers' Party","Latvia"
"Latvian Social Democratic Workers Party (LSDSP)",741,"LSDSP","Latvian Social Democratic Workers' Party","Latvia"
"Latvian Social Democratic Workers Party - LSDSP",741,"LSDSP","Latvian Social Democratic Workers' Party","Latvia"
"Latvian Social Democratic Workers' Party (LSDSP)",741,"LSDSP","Latvian Social Democratic Workers' Party","Latvia"
"Latvian Socialdemocratic Worker Party",741,"LSDSP","Latvian Social Democratic Workers' Party","Latvia"
"Latvian Socialist P",588,"LSP","Socialist Party of Latvia","Latvia"
"Latvian Unity Party",373,"LVP","Latvian Unity Party","Latvia"
"Latvias First Party",1778,"LPP","Latvia's First Party","Latvia"
"Latvias Way",1043,"LC","Latvian Way","Latvia"
"Latviešu Nacionālisti",,,,"Latvia"
"Latvijas Krievu pilsonu partija (LKPP)",75,"LKPP","Latvia's Party of Russian Citizens","Latvia"
"Latvijas Krievu savienība",5657,"LKS/RSL","Latvian Russian Union","Latvia"
"Latvijas Liberala Partija (LLP)",,,,"Latvia"
"Latvijas Nacionala Kons./Zala Part.LNNK/LZP(Electoral Union)",,,,"Latvia"
"Latvijas Nacionali demokratiska partija",,,,"Latvia"
"Latvijas Reģionu Apvienība",3194,"LRa","Latvian Association of Regions","Latvia"
"Latvijas Socialistiska Partija (LSP)",588,"LSP","Socialist Party of Latvia","Latvia"
"Latvijas Tautas Front (LTF)",1315,"LTF","Popular Front of Latvia","Latvia"
"Latvijas Vienibas partija (LVP)",373,"LVP","Latvian Unity Party","Latvia"
"Latvijas Zemnieku savieniba (LZS) - Latvian Farmers Union",1702,"LZS","Latvian Farmers' Union","Latvia"
"Latvijas Zemnieku savienibas/ Kristigo Latgale (LZS/KDS/LDP)",,,,"Latvia"
"Made in Latvia",,,,"Latvia"
"Maznodrosinato politiska apvieniba",,,,"Latvia"
"Movement 'for 13th January'",,,,"Latvia"
"Nacionālā apvienība 'Visu Latvijai!' - 'Tēvzemei un Brīvībai/LNNK'",7619,,"National Alliance","Latvia"
"National Alliance",7619,,"National Alliance","Latvia"
"National Alliance 'All For Latvia!'  'For Fatherland and Freedom/LNNK' - NA'",7619,,"National Alliance","Latvia"
"National Alliance 'All For Latvia!' - 'For Fatherland and Fr",7619,,"National Alliance","Latvia"
"National Alliance - 'All for Latvia!' - For Fatherland and F",7619,,"National Alliance","Latvia"
"National Alliance ALL FOR LATVIA!-For Fatherland and Freedom/LNNK",7619,,"National Alliance","Latvia"
"National Force Union",,,,"Latvia"
"National Harmony Party",1719,"TSP","National Harmony Party","Latvia"
"National Political organization 'Latviesu Latvija'",,,,"Latvia"
"National Power Unity",,,,"Latvia"
"National Union All for Latvia For Fatherland and Freedom",,,,"Latvia"
"New Conservative Party",6355,"JKP","New Conservative Party","Latvia"
"New Democrats",1000,"JD","New Democrats","Latvia"
"New Democrats ('Jaunie Demokrati')",1000,"JD","New Democrats","Latvia"
"New Era",1531,"JL","New Era","Latvia"
"New Era, 'Jaunais Laiks'",1531,"JL","New Era","Latvia"
"New Unity",9089,"JV","New Unity","Latvia"
"No sirds Latvijai",3193,"NsL","For Latvia from the Heart","Latvia"
"Organisation 'For Human Rights in United Latvia'",176,"PCTVL","For Human Rights in a United Latvia","Latvia"
"Organisation For 'Human Rights in United Latvia'",176,"PCTVL","For Human Rights in a United Latvia","Latvia"
"Organisation For Human Rights in United Latvia",176,"PCTVL","For Human Rights in a United Latvia","Latvia"
"Organisation For Human Rights in United Latvia - PCTVL",176,"PCTVL","For Human Rights in a United Latvia","Latvia"
"Organisation for Human Rights in United Latvia",176,"PCTVL","For Human Rights in a United Latvia","Latvia"
"Partija Our Land un pretkomunistu apvieniba",,,,"Latvia"
"Party 'All For Latvia' ('Visu Latvijai!')",506,"VL","All For Latvia!","Latvia"
"Party 'All for Latvia', 'Visu Latvijai'",506,"VL","All For Latvia!","Latvia"
"Party 'All for Latvia', Alliance for Freedom and Fatherland -VL!-TB/LNNK",,,,"Latvia"
"Party 'Tevzemes savieniba'-'Fatherlands Union'",,,,"Latvia"
"Party 'United for Latvia'",3195,"ViLa","United for Latvia","Latvia"
"Party 'Unity'",852,"V","Unity","Latvia"
"Party 'Visu Latvijai'-'All for Latvia'",506,"VL","All For Latvia!","Latvia"
"Party All for Latvia, 'Visu Latvijai'",506,"VL","All For Latvia!","Latvia"
"Party of National Agreement",,,,"Latvia"
"Party of Russian Cit",75,"LKPP","Latvia's Party of Russian Citizens","Latvia"
"Party of Social Justice",,,,"Latvia"
"Party ´Tevzemes savieniba´",,,,"Latvia"
"Party ´Visu Latvijai´",506,"VL","All For Latvia!","Latvia"
"People Harmony Party",1719,"TSP","National Harmony Party","Latvia"
"People Movement for Latvia",1654,"TKL — ZP","People's Movement for Latvia — Siegerist Party","Latvia"
"People's Control",,,,"Latvia"
"People's Control (Tautas kontrole)",,,,"Latvia"
"People's Control - Tautas kontrole",,,,"Latvia"
"People's Party",1755,"TP","People's Party","Latvia"
"People`s Party",1755,"TP","People's Party","Latvia"
"Peoples Movement f",1654,"TKL — ZP","People's Movement for Latvia — Siegerist Party","Latvia"
"Peoples Party",1755,"TP","People's Party","Latvia"
"Pol Org f Human rights i United Latvia",176,"PCTVL","For Human Rights in a United Latvia","Latvia"
"Polit Assoc of the U",,,,"Latvia"
"Political Patriotic Union 'Motherland'",897,"D","Motherland","Latvia"
"Political Union 'Dzimtene', Latvia Socialist Party",,,,"Latvia"
"Political Union 'Dzimtene'-'Motherland'",897,"D","Motherland","Latvia"
"Political Union of E",871,"TPA","Political Union of Economists","Latvia"
"Political Union,´Dzimtene´",897,"D","Motherland","Latvia"
"Political alliance 'Centre'",5707,"DC","Democratic Centre","Latvia"
"Political org. 'Green and Farmer Union'",701,"ZZS","Green and Farmers' Union","Latvia"
"Political organisation ""Green and Farmer Union""",701,"ZZS","Green and Farmers' Union","Latvia"
"Political organisation 'Green and Farmer union'",701,"ZZS","Green and Farmers' Union","Latvia"
"Political organisation ´Green and Farmer union´",701,"ZZS","Green and Farmers' Union","Latvia"
"Politiskā partija KPV LV",6356,"KPVLV—PCL","Who owns the state? — For a Humane Latvia","Latvia"
"Popular Control/ Tautas kontrole",,,,"Latvia"
"Progressives",6357,"P","The Progressive","Latvia"
"Progresīvie",6357,"P","The Progressive","Latvia"
"Prty Our Land",,,,"Latvia"
"Russian Party",,,,"Latvia"
"Russian Union",5657,"LKS/RSL","Latvian Russian Union","Latvia"
"SKG Alliance",,,,"Latvia"
"Saskanas centrs",1056,"SC","Harmony Centre","Latvia"
"Savieniba Latvijas cels (LC) Alliance Latvias Way",1043,"LC","Latvian Way","Latvia"
"Social Democratic Party 'Harmony'",5976,"SDPS","Social Democratic Party ""Harmony""","Latvia"
"Social Democratic Union",,,,"Latvia"
"Social Democratic Union (SDS)",,,,"Latvia"
"Social Democratic Welfare Party",680,"SDLP","Social Democratic Welfare Party","Latvia"
"Social Democratic Workers Party of Latvia",741,"LSDSP","Latvian Social Democratic Workers' Party","Latvia"
"Social-democratic Welfare Party",680,"SDLP","Social Democratic Welfare Party","Latvia"
"Social-democratic party 'Harmony'",5976,"SDPS","Social Democratic Party ""Harmony""","Latvia"
"Social-democratic party HARMONY",5976,"SDPS","Social Democratic Party ""Harmony""","Latvia"
"Society for Different Politics",627,"SCP","Society for Other Politics","Latvia"
"Society for Political Change",627,"SCP","Society for Other Politics","Latvia"
"Society for other Politics, 'Citai politikai'",627,"SCP","Society for Other Politics","Latvia"
"Sociāldemokrātiskā partija 'Saskaņa'",5976,"SDPS","Social Democratic Party ""Harmony""","Latvia"
"Tautas Saskanas Partija (TSP)",1719,"TSP","National Harmony Party","Latvia"
"Tautas kustiba Latvijaj (Zigerista partija)",1654,"TKL — ZP","People's Movement for Latvia — Siegerist Party","Latvia"
"Tautsamnieku politiska apvieniba Tautsaimnieks",,,,"Latvia"
"The Association of Labor Party",,,,"Latvia"
"The Association of Labor Party, Union of Christ.Democrats",,,,"Latvia"
"The Association of Latvia Social Democrats",,,,"Latvia"
"The Association of Latvian Social Democrats",,,,"Latvia"
"The Conservative Party",944,"K","Conservative Party","Latvia"
"The Democratic Party Saimieks",19,"DPS","Democratic Party ""Saimnieks""","Latvia"
"The Democrats Party",,,,"Latvia"
"The Democratss Party",,,,"Latvia"
"The Latvian Farmers Union",1702,"LZS","Latvian Farmers' Union","Latvia"
"The Latvian Farmer´s Union",1702,"LZS","Latvian Farmers' Union","Latvia"
"The Latvian National Democratic Party",,,,"Latvia"
"The Latvian Unity Party",373,"LVP","Latvian Unity Party","Latvia"
"The National Harmony Party",1719,"TSP","National Harmony Party","Latvia"
"The New Era (Jaunais laiks)",1531,"JL","New Era","Latvia"
"The New Party",1632,"JP","New Party","Latvia"
"The People's Party",1755,"TP","People's Party","Latvia"
"The People's Party (Tautas partija)",1755,"TP","People's Party","Latvia"
"The Peoples Movement ""For Latvia""",1654,"TKL — ZP","People's Movement for Latvia — Siegerist Party","Latvia"
"The Peoples Party",1755,"TP","People's Party","Latvia"
"The Peoples Union ""Freedom""",,,,"Latvia"
"The Peoples party",1755,"TP","People's Party","Latvia"
"The People´s Party",1755,"TP","People's Party","Latvia"
"The Political Organization ""Helsinki 86""",,,,"Latvia"
"The Progressives",6357,"P","The Progressive","Latvia"
"The Social Democratic womens organization",,,,"Latvia"
"The Union ""For Fatherland and Freedom""/LNNK",1704,"TB/LNNK","For Fatherland and Freedom / LNNK","Latvia"
"The Union ""Latvia´s Way""",1043,"LC","Latvian Way","Latvia"
"The Union For Tatherland and Freedom",671,"TB","For Fatherland and Freedom","Latvia"
"The Union Latvias way",1043,"LC","Latvian Way","Latvia"
"The Union of Greens and Farmers",701,"ZZS","Green and Farmers' Union","Latvia"
"The Union of Greens and Farmers - ZZS",701,"ZZS","Green and Farmers' Union","Latvia"
"The political organisation ""For Human Rights in United Latvia""",176,"PCTVL","For Human Rights in a United Latvia","Latvia"
"Union 'Citai politikai'",627,"SCP","Society for Other Politics","Latvia"
"Union 'For Human Rights in a United Latvia'",176,"PCTVL","For Human Rights in a United Latvia","Latvia"
"Union 'For human rights in united Latvia'",176,"PCTVL","For Human Rights in a United Latvia","Latvia"
"Union 'Latvia's First Party' and 'Latvia's Way'",461,"LPP/LC","Latvian First Party / Latvian Way Party","Latvia"
"Union 'Latvias First Party' and 'Latvias Way'",461,"LPP/LC","Latvian First Party / Latvian Way Party","Latvia"
"Union 'Latvias First Party' and 'Latvias Way' - LPP/LC",461,"LPP/LC","Latvian First Party / Latvian Way Party","Latvia"
"Union - Latvia's Way",1043,"LC","Latvian Way","Latvia"
"Union For Fatherland and Freedom/LNNK",1704,"TB/LNNK","For Fatherland and Freedom / LNNK","Latvia"
"Union Latvias First Party and Latvias Way",461,"LPP/LC","Latvian First Party / Latvian Way Party","Latvia"
"Union Latvias Way",1043,"LC","Latvian Way","Latvia"
"Union f Latv Far",1702,"LZS","Latvian Farmers' Union","Latvia"
"Union for Fatherland",671,"TB","For Fatherland and Freedom","Latvia"
"Union of Greens and Farmers",701,"ZZS","Green and Farmers' Union","Latvia"
"Union of the Green and Farmers (Zalo un Zemnieku savieniba)",701,"ZZS","Green and Farmers' Union","Latvia"
"Union ´Latvias First Party´ and ´Latvias Way´",461,"LPP/LC","Latvian First Party / Latvian Way Party","Latvia"
"United for Latvia",3195,"ViLa","United for Latvia","Latvia"
"Unity",852,"V","Unity","Latvia"
"Unity - V",852,"V","Unity","Latvia"
"Who Owns the State? (KPV LV)",6356,"KPVLV—PCL","Who owns the state? — For a Humane Latvia","Latvia"
"Zatler's Reform Party",1476,"ZRP","Zatlers' Reform Party","Latvia"
"Zatlers Reform Party",1476,"ZRP","Zatlers' Reform Party","Latvia"
"Zatlers' Reform Party",1476,"ZRP","Zatlers' Reform Party","Latvia"
"Zatlers' Reform Party - ZRP",1476,"ZRP","Zatlers' Reform Party","Latvia"
"Zaļo un Zemnieku savienība",701,"ZZS","Green and Farmers' Union","Latvia"
"lesers Reform Party - LPP/LC (Latvias First Party, Latvias Way)",,,,"Latvia"
"Al Hamanq",,,,"Lebanon"
"Al Hizb Al Taqadomi Al Ishtiraki",2565,"PSP","Progressive Socialist Party","Lebanon"
"Al Marada",3166,"MM","Marada Movement","Lebanon"
"Al Quwat Al Lebananyah",3235,"LF","Lebanese Forces","Lebanon"
"Al Wataniin Al Ahrar",6391,"NLP","National Liberal Party","Lebanon"
"Al Yassar Al Dimocrati",,,,"Lebanon"
"Amal Movement",3165,"Amal","Amal Movement","Lebanon"
"Arab Liberation Party",8351,"ALP","Arab Liberation Party","Lebanon"
"Arab Socialist Ba'ath Party",8940,"ASBP-L","Arab Socialist Ba'ath Party in Lebanon","Lebanon"
"Arab Socialist Ba'ath Party",8940,"ASBP-L","Arab Socialist Ba'ath Party in Lebanon","Lebanon"
"Arab Socialist Ba'ath Party",8940,"ASBP-L","Arab Socialist Ba'ath Party in Lebanon","Lebanon"
"Arab Unity Party",,,,"Lebanon"
"Armenian Democratic Liberal Party",,,,"Lebanon"
"Armenian Revolutionary Federation",,,,"Lebanon"
"Association of Islamic Charitable Projects",,,,"Lebanon"
"Azm and Saade Movement",,,,"Lebanon"
"Communist",,,,"Lebanon"
"Communist Party",,,,"Lebanon"
"Democratic Dialogue Party",,,,"Lebanon"
"Democratic Left",,,,"Lebanon"
"Democratic Left Movement",,,,"Lebanon"
"El Hizb El souri El Kaoumi El Ijtimaii",3236,"SSNP","Syrian Social Nationalist Party","Lebanon"
"El Marada",3166,"MM","Marada Movement","Lebanon"
"Enterprise Society",,,,"Lebanon"
"FFS",,,,"Lebanon"
"Free Patriotic Movement",2564,"FPM","Free Patriotic Movement","Lebanon"
"Future Movement",2562,"FM","Future Movement","Lebanon"
"Green Party",,,,"Lebanon"
"Haraket Al-Shaab",,,,"Lebanon"
"Haraket Amal",3165,"Amal","Amal Movement","Lebanon"
"Hezbollah",3238,"Hizb","Hezbollah","Lebanon"
"Hizb Al Katayeb",2566,"Kateab","Lebanese Phalanges Party","Lebanon"
"Islamic Group",,,,"Lebanon"
"Kataeb",2566,"Kateab","Lebanese Phalanges Party","Lebanon"
"Kataeb Party",2566,"Kateab","Lebanese Phalanges Party","Lebanon"
"Kataeb Party (Phalange)",2566,"Kateab","Lebanese Phalanges Party","Lebanon"
"Lebanese Communist Party",,,,"Lebanon"
"Lebanese Democratic",2317,"LDP","Lebanese Democratic Party","Lebanon"
"Lebanese Democratic Party",2317,"LDP","Lebanese Democratic Party","Lebanon"
"Lebanese Forces",3235,"LF","Lebanese Forces","Lebanon"
"Lebanese Resistance Regiments",,,,"Lebanon"
"Lebanese communist party",,,,"Lebanon"
"Lebanese democratic party",2317,"LDP","Lebanese Democratic Party","Lebanon"
"Marada Movement",3166,"MM","Marada Movement","Lebanon"
"March 14",5844,"M14A","The March 14 Alliance","Lebanon"
"March 8",5845,"M8A","The March 8 Alliance","Lebanon"
"Nasserist Movement",,,,"Lebanon"
"Nasserist Party",,,,"Lebanon"
"National Bloc",4741,"NB","National Bloc","Lebanon"
"National Liberal Party",6391,"NLP","National Liberal Party","Lebanon"
"Organization of Communist Action",,,,"Lebanon"
"PNO",,,,"Lebanon"
"Popular Bloc",,,,"Lebanon"
"Popular Nasserist Organization",,,,"Lebanon"
"Progressive Socialist",2565,"PSP","Progressive Socialist Party","Lebanon"
"Progressive Socialist Party",2565,"PSP","Progressive Socialist Party","Lebanon"
"Promise Party",8984,"WP","Promise Party","Lebanon"
"Salafist Movement",,,,"Lebanon"
"Social Democrat Hunchakian Party",,,,"Lebanon"
"Syrian National Party",3236,"SSNP","Syrian Social Nationalist Party","Lebanon"
"Syrian National Social Party",3236,"SSNP","Syrian Social Nationalist Party","Lebanon"
"Syrian Social Nationalist Party",3236,"SSNP","Syrian Social Nationalist Party","Lebanon"
"Tachnak",,,,"Lebanon"
"Tashnag",,,,"Lebanon"
"Tayar Al Mustaqbal",2562,"FM","Future Movement","Lebanon"
"Tayar AlWatani Al Hur",2564,"FPM","Free Patriotic Movement","Lebanon"
"Tayyar at-Tawhid al-Lubnany",,,,"Lebanon"
"The Arab Current",,,,"Lebanon"
"The Future Movement",2562,"FM","Future Movement","Lebanon"
"The Lebanese Forces",3235,"LF","Lebanese Forces","Lebanon"
"The Marada Movement",3166,"MM","Marada Movement","Lebanon"
"The Phalange",2566,"Kateab","Lebanese Phalanges Party","Lebanon"
"The future of determination and happiness",,,,"Lebanon"
"Union Party",4742,"CU","Constitutionalist Union / Party of Constitutionalist Union","Lebanon"
"amal movement (harakat amal)",3165,"Amal","Amal Movement","Lebanon"
"arab liberation party",8351,"ALP","Arab Liberation Party","Lebanon"
"avant garde social democratic party (pads)",,,,"Lebanon"
"baath arab socialist party",8940,"ASBP-L","Arab Socialist Ba'ath Party in Lebanon","Lebanon"
"current for the future (tayyar al-mustaqbal)",2562,"FM","Future Movement","Lebanon"
"dashnak party (armenian revolutionary federation)",,,,"Lebanon"
"el marada movement",3166,"MM","Marada Movement","Lebanon"
"free patriotic movement",2564,"FPM","Free Patriotic Movement","Lebanon"
"hizbollah",3238,"Hizb","Hezbollah","Lebanon"
"islamic charitable projects association",,,,"Lebanon"
"kataeb party",2566,"Kateab","Lebanese Phalanges Party","Lebanon"
"lebanese communist party",,,,"Lebanon"
"lebanese democratic movement",,,,"Lebanon"
"lebanese national movement (lnm)",,,,"Lebanon"
"lebanese unification movement",,,,"Lebanon"
"national bloc",4741,"NB","National Bloc","Lebanon"
"national dialogue party",,,,"Lebanon"
"national liberal party (nlp)",6391,"NLP","National Liberal Party","Lebanon"
"popular nasserite organization",,,,"Lebanon"
"progressive socialist party",2565,"PSP","Progressive Socialist Party","Lebanon"
"ramgavar party",,,,"Lebanon"
"syrian social nationalist party",3236,"SSNP","Syrian Social Nationalist Party","Lebanon"
"the lebanese forces",3235,"LF","Lebanese Forces","Lebanon"
"union party",4742,"CU","Constitutionalist Union / Party of Constitutionalist Union","Lebanon"
"ACP",,,,"Lesotho"
"African National Congress (ANC)",,,,"Lesotho"
"All Basotho Convention (ABC)",3766,"ABC","All Basotho Convention","Lesotho"
"Alliance of Democrats (AD)",5980,"AD","Alliance of Democrats","Lesotho"
"BAC",4169,"BAC","Basutoland African Congress","Lesotho"
"BBK",,,,"Lesotho"
"BCP",4167,"BCP","Basotho Congress Party / Basutoland Congress Party","Lesotho"
"BDNP",,,,"Lesotho"
"BNP",4171,"BNP","Basotho National Party","Lesotho"
"Basotho Action Party (BAP)",,,,"Lesotho"
"Basotho African Congress (BAC)",4169,"BAC","Basutoland African Congress","Lesotho"
"Basotho Batho  Democratic Party (BBDP)",,,,"Lesotho"
"Basotho Batho Democratic Party",,,,"Lesotho"
"Basotho Congress Party (BCP)",4167,"BCP","Basotho Congress Party / Basutoland Congress Party","Lesotho"
"Basotho Democratic National Party (BDNP)",,,,"Lesotho"
"Basotho National Party",4171,"BNP","Basotho National Party","Lesotho"
"Basotho National Party (BNP)",4171,"BNP","Basotho National Party","Lesotho"
"Basutholand African Congress (BAC)",4169,"BAC","Basutoland African Congress","Lesotho"
"Basutoland Congress Party",4167,"BCP","Basotho Congress Party / Basutoland Congress Party","Lesotho"
"Christian Democratic Party",,,,"Lesotho"
"Christian Democratic Party (CDP)",,,,"Lesotho"
"Democratic Congress (DC)",4166,"DC","Democratic Congress","Lesotho"
"Democratic Party of Lesotho (DPL)",,,,"Lesotho"
"Kopanang Basotho Party",,,,"Lesotho"
"LCD",3771,"LCD","Lesotho Congress for Democracy","Lesotho"
"LPC",3768,"LPC","Lesotho People's Congress","Lesotho"
"LWP",3769,"LWP","Lesotho Workers Party","Lesotho"
"Lesotho Congress for Democracy",3771,"LCD","Lesotho Congress for Democracy","Lesotho"
"Lesotho Congress for Democracy (LCD)",3771,"LCD","Lesotho Congress for Democracy","Lesotho"
"Lesotho People's Congress (LPC)",3768,"LPC","Lesotho People's Congress","Lesotho"
"Lesotho People's Congress (LPC)",3768,"LPC","Lesotho People's Congress","Lesotho"
"Lesotho People's Congress (LPC)",3768,"LPC","Lesotho People's Congress","Lesotho"
"Lesotho Peoples Congress (LPC)",3768,"LPC","Lesotho People's Congress","Lesotho"
"Lesotho Workers Party (LWP)",3769,"LWP","Lesotho Workers Party","Lesotho"
"Lesotho Workers' Party'",3769,"LWP","Lesotho Workers Party","Lesotho"
"MFP",4172,"MFP","Marematlou Freedom Party","Lesotho"
"Marematlou Freedom Party",4172,"MFP","Marematlou Freedom Party","Lesotho"
"Marematlou Freedom Party (MFP)",4172,"MFP","Marematlou Freedom Party","Lesotho"
"Movement for Economic Change (MEC)",5982,"MEC","Movement for Economic Change","Lesotho"
"NFP",,,,"Lesotho"
"NLFP",,,,"Lesotho"
"National Independence Party (NIP)",4170,"NIP","National Independent Party","Lesotho"
"National Independent Party (NIP)",4170,"NIP","National Independent Party","Lesotho"
"National Progressive Party",,,,"Lesotho"
"National Progressive Party (NPP)",,,,"Lesotho"
"New Lesotho Freedom Party",,,,"Lesotho"
"PDF",,,,"Lesotho"
"Popular Front for Democracy",4173,"PFD","Popular Front for Democracy","Lesotho"
"Popular Front for Democracy (PFD)",4173,"PFD","Popular Front for Democracy","Lesotho"
"Reformed Congress of Lesotho (RCL)",8616,"RCL","Reformed Congress of Lesotho","Lesotho"
"Sefate Democratic Union",,,,"Lesotho"
"Socialist Revolution Party",,,,"Lesotho"
"Socialist Revolutionaries Party (SR)",,,,"Lesotho"
"UDF",,,,"Lesotho"
"All Liberia Coalition Party (ALCOP)",,,,"Liberia"
"All Liberian Party (ALP)",5986,"ALP","All Liberian Party","Liberia"
"Alliance of Peace and Democracy (APD) - UPP & LPP",,,,"Liberia"
"Alliance of Peace and Democracy (APD) – UPP & LPP",,,,"Liberia"
"Alternative National Congress (ANC)",5988,"ANC","Alternative National Congress","Liberia"
"Change Democratic Action (CDA)",,,,"Liberia"
"Citizens Unification Party (CUP)",,,,"Liberia"
"Coalitio for Liberia's Progress (CLP)",,,,"Liberia"
"Coalition for Democratic Change (CDC)",4136,"CDC","Congress for Democratic Change","Liberia"
"Collaboration of political parties (CPP)",,,,"Liberia"
"Congress for Democratic Change (CDC)",4136,"CDC","Congress for Democratic Change","Liberia"
"Free Democratic Party (FDP)",8862,"FDP","Free Democratic Party","Liberia"
"Freedom Alliance Party of Liberia (FAPL)",,,,"Liberia"
"Grassroot Democratic Party of Liberia (GDPL)",,,,"Liberia"
"Labour Party of Liberia (LPL)",8861,"LPL","Labor Party of Liberia","Liberia"
"Liberia Action Party (LAP)",5376,"LAP","Liberian Action Party","Liberia"
"Liberia Destiny Party (LDP)",,,,"Liberia"
"Liberia Equal Rights Party (LERP)",8860,"LERP","Liberia Equal Rights Party","Liberia"
"Liberia National Union (LINU)",,,,"Liberia"
"Liberia Reconstruction Party (LRP",,,,"Liberia"
"Liberia Reconstruction Party (LRP)",,,,"Liberia"
"Liberia Transformation Party  (TPL)",5164,"LTP","Liberia Transformation Party","Liberia"
"Liberia Transformation Party (TPL)",5164,"LTP","Liberia Transformation Party","Liberia"
"Liberian National Union (LINU)",,,,"Liberia"
"Liberian People's Party (LPP)",5870,"LPP","Liberian People's Party","Liberia"
"Liberty Party",4139,"LPC","Liberty Party","Liberia"
"Liberty Party (LP)",4139,"LPC","Liberty Party","Liberia"
"Majority Party of Liberia (MAPOL)",,,,"Liberia"
"Movement for Democracy and Reconstruction (MDR)",5990,"MDR","Movement for Democracy and Reconstruction","Liberia"
"Movement for Economic Empowerment (MOVEE)",5992,"MOVEE","Movement for Economic Empowerment","Liberia"
"Movement for Progressive Change (MPC)",5162,"MPC","Movement for Progressive Change","Liberia"
"National Democratic Coalition (NDC)",6596,"NDC","National Democratic Coalition","Liberia"
"National Democratic Party of Liberia (NDPL)",4143,"NDPL","National Democratic Party of Liberia","Liberia"
"National Patriotic Party (NPP)",4142,"NPP","National Patriotic Party","Liberia"
"National Reform Party (NRP)",,,,"Liberia"
"National Reformation Party (NRP)",,,,"Liberia"
"National Union for Democratic Progress (NUDP)",5163,"NUDP","National Union for Democratic Progress","Liberia"
"National Vision Party of Liberia (NATVIPOL)",,,,"Liberia"
"New Liberia Party (NLP)",,,,"Liberia"
"Original Congress Party (OCP)",,,,"Liberia"
"People Unification Party (PUP)",5993,"PUP","People's Unification Party","Liberia"
"Progressive Democratic Party (PRODEM)",,,,"Liberia"
"Progressive People's Party (PPP)",,,,"Liberia"
"Progressive People's Party (PPP)",,,,"Liberia"
"Progressive People's Party (PPP)",,,,"Liberia"
"Progressive People¡¦s Party (PPP)",,,,"Liberia"
"The New DEAL Movement",8859,"NDM","New Deal Movement","Liberia"
"True Whig Party (TWP)",5837,"TWP","True Whig Party","Liberia"
"True Wing Party",,,,"Liberia"
"Union of Liberian Democrats (ULD)",,,,"Liberia"
"United People's Party (UPP)",5991,"UPP","United People's Party","Liberia"
"United People's Party (UPP)",5991,"UPP","United People's Party","Liberia"
"United People's Party (UPP)",5991,"UPP","United People's Party","Liberia"
"Unity Party (UP)",4140,"UP","Unity Party","Liberia"
"Victory for Change (VCP)",,,,"Liberia"
"Vision for Liberia Transformation (VOLT)",,,,"Liberia"
"Applying the Law of God",,,,"Libya"
"Authentic Party",,,,"Libya"
"Authenticity and Renewal Party",,,,"Libya"
"Democratic Party",,,,"Libya"
"Federal Bloc",,,,"Libya"
"Federalist Party",,,,"Libya"
"General Libya",,,,"Libya"
"Homeland Party",8827,"LNP","Libyan National Party / Homeland Party","Libya"
"JCP",3638,"JCP","Justice and Construction Party","Libya"
"Justice and Construction Party",3638,"JCP","Justice and Construction Party","Libya"
"NPDW",8712,"NPDW","National Party for Development and Welfare","Libya"
"National Centrist Party",8826,"NCP","National Centrist Party","Libya"
"National Federation",,,,"Libya"
"National Forces Alliance",3639,"NFC","National Forces Alliance","Libya"
"National Front",8435,"NFP","National Front Party","Libya"
"National Front Party",8435,"NFP","National Front Party","Libya"
"National Salvation Front",,,,"Libya"
"Political Youth of Libya Bloc",,,,"Libya"
"Salvation for the Nation",,,,"Libya"
"Taghyeer Party",,,,"Libya"
"Taghyeer Party Libya",,,,"Libya"
"The Message",,,,"Libya"
"Wadi Al-Hayah Party",,,,"Libya"
"Wasat Party",,,,"Libya"
"Wisdom Party",,,,"Libya"
" Labour Party - DP",102,"DP","Labour Party","Lithuania"
"Aliance of Lithuanian citizens",,,,"Lithuania"
"Alliance of Ethnic Minorities",1197,"LTMA","Alliance of the Lithuanian National Minorities","Lithuania"
"Anti-Corruption Coalition (Lithuanian Center Party; Lithuanian Pensioners' Party)",,,,"Lithuania"
"Buskevicius and Nationalists Coalition 'Against Corruption and Poverty' (Party 'Young Lithuania') - BTK",,,,"Lithuania"
"Center Union",1185,"LCS","Center Union of Lithuania","Lithuania"
"Centre Party - Nationalists (CPT)",,,,"Lithuania"
"Centre Party – Nationalists – CPT (Naglis Puteikis)",,,,"Lithuania"
"Christian Democratic Party",6804,"LKDP","Lithuanian Christian Democratic Party","Lithuania"
"Christian Party",8254,"KP","Christian Party","Lithuania"
"Christian Party (KP)",8254,"KP","Christian Party","Lithuania"
"Christian Party - KP",8254,"KP","Christian Party","Lithuania"
"Christian Party-KP",8254,"KP","Christian Party","Lithuania"
"Christian Union",,,,"Lithuania"
"Christian Union (KS)",,,,"Lithuania"
"Christian Union – KS (Rimantas Jonas Dagys)",,,,"Lithuania"
"Christian democratic party",6804,"LKDP","Lithuanian Christian Democratic Party","Lithuania"
"Christian democratic union",776,"KDS","Christian Democratic Union","Lithuania"
"Citizen's Democracy Party",105,"PDP","Civic Democratic Party","Lithuania"
"Coalition of Anti-Corruption and Poverty (Party of Young Lithuanians; Union of Nationalists)",,,,"Lithuania"
"Democratic Labor Party",546,"LDDP","Democratic Labour Party of Lithuania","Lithuania"
"Democratic Labour and Unity Party (DDVP)",,,,"Lithuania"
"Democratic Party",341,"LDP","Lithuanian Democratic Party","Lithuania"
"Democratic labour party",546,"LDDP","Democratic Labour Party of Lithuania","Lithuania"
"Democratic party",341,"LDP","Lithuanian Democratic Party","Lithuania"
"Electoral Action of Lithuanian - Union of Christian Families Poles - LLRA-KSS",,,,"Lithuania"
"Electoral Action of Lithuanian - Union of Christian Families Poles - LLRA-KSS (R. Tamasuniene)",,,,"Lithuania"
"Electoral Action of Lithuanian Poles - LLRA",556,"LLRA","Election Action of Lithuania's Poles","Lithuania"
"Electoral Action of Lithuanian Poles-LLRA",556,"LLRA","Election Action of Lithuania's Poles","Lithuania"
"Electoral Action of Poles in Lithuania (LLRA)",556,"LLRA","Election Action of Lithuania's Poles","Lithuania"
"Electoral Action of Poles in Lithuania (LLRA) - Christian Families Alliance (Leader: V.Tomaševski)",,,,"Lithuania"
"Electoral Action of Poles in Lithuania – Christian Families Alliance – LLRA-KSS (Valdemar Tomasevski)",,,,"Lithuania"
"Electoral Action of Poles in Lithuania-Christian Families Alliance (LLRA-KSS)",,,,"Lithuania"
"Electoral Action of Poles – Christian Families Aliance",,,,"Lithuania"
"Electorla Action of Lithuanian Poles - LLRA",556,"LLRA","Election Action of Lithuania's Poles","Lithuania"
"Freedom Party",8982,"LP","Freedom Party","Lithuania"
"Freedom Party (LP)",8982,"LP","Freedom Party","Lithuania"
"Freedom Party – LP (Ausrine Armonaite)",8982,"LP","Freedom Party","Lithuania"
"Freedom and Justice",,,,"Lithuania"
"Homeland Union",193,"TS — LKD","Homeland Union — Lithuanian Christian Democrats","Lithuania"
"Homeland Union  Lithuanian Christian Democrats-TS-LKD",193,"TS — LKD","Homeland Union — Lithuanian Christian Democrats","Lithuania"
"Homeland Union - Lithuanian Christian Democrats",193,"TS — LKD","Homeland Union — Lithuanian Christian Democrats","Lithuania"
"Homeland Union - Lithuanian Christian Democrats (TS-LKD)",193,"TS — LKD","Homeland Union — Lithuanian Christian Democrats","Lithuania"
"Homeland Union - Lithuanian Christian Democrats (TS-LKD) (Leader: G.Landsbergis)",193,"TS — LKD","Homeland Union — Lithuanian Christian Democrats","Lithuania"
"Homeland Union - Lithuanian Christian Democrats - TS-LKD",193,"TS — LKD","Homeland Union — Lithuanian Christian Democrats","Lithuania"
"Homeland Union - Lithuanian Christian Democrats - TS-LKD (G. Landsbergis)",193,"TS — LKD","Homeland Union — Lithuanian Christian Democrats","Lithuania"
"Homeland Union - Lithuanian Christian Democrats-TS-LKD",193,"TS — LKD","Homeland Union — Lithuanian Christian Democrats","Lithuania"
"Homeland Union – Lithuanian Christian Democrats – TS-LKD (Gabrielius Landsbergis)",193,"TS — LKD","Homeland Union — Lithuanian Christian Democrats","Lithuania"
"Homeland Union- Lithuanian Christian Democrats",193,"TS — LKD","Homeland Union — Lithuanian Christian Democrats","Lithuania"
"Homeland Union-Conservatives",193,"TS — LKD","Homeland Union — Lithuanian Christian Democrats","Lithuania"
"Homeland Union: Lithuanian Christian Democrats",193,"TS — LKD","Homeland Union — Lithuanian Christian Democrats","Lithuania"
"Homeland UnionLithuanian Christian Democrats - TS-LKD",193,"TS — LKD","Homeland Union — Lithuanian Christian Democrats","Lithuania"
"Independence party",,,,"Lithuania"
"Labor Party",102,"DP","Labour Party","Lithuania"
"Labour Party",102,"DP","Labour Party","Lithuania"
"Labour Party (DP)",102,"DP","Labour Party","Lithuania"
"Labour Party (DP) (V.Uspaskich)",102,"DP","Labour Party","Lithuania"
"Labour Party - DP",102,"DP","Labour Party","Lithuania"
"Labour Party - DP",102,"DP","Labour Party","Lithuania"
"Labour Party - DP (K. Dauksys)",102,"DP","Labour Party","Lithuania"
"Labour Party – DP (Viktor Uspaskich)",102,"DP","Labour Party","Lithuania"
"Labour Party-DP",102,"DP","Labour Party","Lithuania"
"Latvijas Vienibas partija (LVP)",,,,"Lithuania"
"Liberal Movement (LRLS) (Leader: E.Gentvilas)",1744,"LRLS","Liberals' Movement of the Republic of Lithuania","Lithuania"
"Liberal Movement of Lithuanian Republic - LRLS",1744,"LRLS","Liberals' Movement of the Republic of Lithuania","Lithuania"
"Liberal Movement of Lithuanian Republic - LRLS (E. Gentvilas)",1744,"LRLS","Liberals' Movement of the Republic of Lithuania","Lithuania"
"Liberal Movement of Lithuanian Republic – LRLS (Viktorija Cmilyte-Nielsen)",1744,"LRLS","Liberals' Movement of the Republic of Lithuania","Lithuania"
"Liberal Movement of Lithuanian Republic-LRLS",1744,"LRLS","Liberals' Movement of the Republic of Lithuania","Lithuania"
"Liberal Movement of the Republic of Lithuania",1744,"LRLS","Liberals' Movement of the Republic of Lithuania","Lithuania"
"Liberal Union",1357,"LLS","Liberal Union of Lithuania","Lithuania"
"Liberal Union of Lithuanian Republic",1357,"LLS","Liberal Union of Lithuania","Lithuania"
"Liberal and Center Union",1193,"LiCS","Liberal and Centre Union","Lithuania"
"Liberal and Centre Union (LiCS)",1193,"LiCS","Liberal and Centre Union","Lithuania"
"Liberal and Centre Union - LICS",1193,"LiCS","Liberal and Centre Union","Lithuania"
"Liberal and Centre Union - LiCS",1193,"LiCS","Liberal and Centre Union","Lithuania"
"Liberal and Centre Union-LiCS",1193,"LiCS","Liberal and Centre Union","Lithuania"
"Liberal union",1357,"LLS","Liberal Union of Lithuania","Lithuania"
"Liberals' Movement of the Republic of Lithuania (LRLS)",1744,"LRLS","Liberals' Movement of the Republic of Lithuania","Lithuania"
"Lietuviu nacionaline partija Jaunoji Lietuva (LNPJL) - Lithuanian National Party AYoung LithuaniaA",1026,"JL","Young Lithuania","Lithuania"
"Lietuvo Ukio Partija (LUP) - Lithuanian Party of Economy",330,"LUP","Lithuanian Party of Economy","Lithuania"
"Lietuvos Laisves Lyga (LLL) - Lithuanian Liberty League",612,"LLL","Lithuanian Liberty League","Lithuania"
"Lietuvos Lenku Rinkimu Akcija (LLRA) - Polish Election Action",556,"LLRA","Election Action of Lithuania's Poles","Lithuania"
"Lietuvos Tautininku Sajunga/Lietuvos Dem. Part. (LTS + LDS) - Lithuanian National Union/",,,,"Lithuania"
"Lietuvos Tautiniu Matumu Aljansas (LTMA) - Alliance of the Lithuanian National Minorities",1197,"LTMA","Alliance of the Lithuanian National Minorities","Lithuania"
"Lietuvos centro sajunga (LCS) - Lithuanian Center Union",1185,"LCS","Center Union of Lithuania","Lithuania"
"Lietuvos demokratine darbo partija (LDDP) - Lithuanian Democratic Labour Party",546,"LDDP","Democratic Labour Party of Lithuania","Lithuania"
"Lietuvos gyvenimo logikos partija (LGLP) - Lithuanian Logic of Life Party",,,,"Lithuania"
"Lietuvos krikscioniu demokratu partija (LKDP) - Lithuanian Christian Democratic Party",6804,"LKDP","Lithuanian Christian Democratic Party","Lithuania"
"Lietuvos liaudies partija (LLP) - Lithuanian People Party",8256,"LLP","Lithuanian People's Party","Lithuania"
"Lietuvos liberalu sajunga (LLS) - Lithuanian Liberal Union",1357,"LLS","Liberal Union of Lithuania","Lithuania"
"Lietuvos moteru partija (LMP) - Lithuanian WomenAs Party /New Democracy",1747,"LMP — NDP","Lithuanian Women's Party — New Democratic Party","Lithuania"
"Lietuvos politiniu kaliniu ir tremtiniu sajunga (LPKTS) -Lithuanian Political Prisoners and Deported People Union",753,"LPKTS","Union of Lithuanian Political Prisoners and Deportees","Lithuania"
"Lietuvos rusu sajunga (LRS) - Lithuanian Russians Union",168,"LRS","Lithuanian Russian Union","Lithuania"
"Lietuvos socialdemokratu partija (LSDP) - Lithianian Socialdemocratic Party",64,"LSDP","Lithuanian Social Democratic Party","Lithuania"
"Lietuvos socialinio teisingumo sajunga (LSTS) - Lithuanian Social Justice Union",,,,"Lithuania"
"Lietuvos socialistu partija (LSP) - Lithuanian Socialist Party",,,,"Lithuania"
"List of Lithuania (LS) (Leader: D.Kuolys)",6738,"List","Lithuanian List","Lithuania"
"Lithuania Union of Farmers and Greens",1490,"LVŽS / LVLS","Lithuanian Farmers and Greens Union / Lithuanian Peasant Popular Union","Lithuania"
"Lithuanian Center Party - Nationalists",,,,"Lithuania"
"Lithuanian Centre Party",5455,"LCP","Lithuanian Centre Party","Lithuania"
"Lithuanian Centre Party (LCP)",5455,"LCP","Lithuanian Centre Party","Lithuania"
"Lithuanian Centre Party (LCP) (Leader: N.Puteikis)",5455,"LCP","Lithuanian Centre Party","Lithuania"
"Lithuanian Famers and Greens Union (LVŽS) (Leader: R.Karbauskis)",1490,"LVŽS / LVLS","Lithuanian Farmers and Greens Union / Lithuanian Peasant Popular Union","Lithuania"
"Lithuanian Farmers and Greens Union",1490,"LVŽS / LVLS","Lithuanian Farmers and Greens Union / Lithuanian Peasant Popular Union","Lithuania"
"Lithuanian Folk Union",,,,"Lithuania"
"Lithuanian Freedom Union (Liberals)",5456,"LLSL","Lithuanian Freedom Union (Liberals)","Lithuania"
"Lithuanian Freedom Union (Liberals) (LLSL)",5456,"LLSL","Lithuanian Freedom Union (Liberals)","Lithuania"
"Lithuanian Freedom Union (liberals) - LLS",5456,"LLSL","Lithuanian Freedom Union (Liberals)","Lithuania"
"Lithuanian Freedom Union (liberals) - LLS (A. Zuokas)",5456,"LLSL","Lithuanian Freedom Union (Liberals)","Lithuania"
"Lithuanian Green Movement Party (LŽP) (Leader: R.Lapinskas)",1407,"LZP","Lithuanian Green Party","Lithuania"
"Lithuanian Green Party",1407,"LZP","Lithuanian Green Party","Lithuania"
"Lithuanian Green Party - LZP",1407,"LZP","Lithuanian Green Party","Lithuania"
"Lithuanian Green Party - LZP (L. Balsys)",1407,"LZP","Lithuanian Green Party","Lithuania"
"Lithuanian Green Party – LZP (Remigijus Lapinskas)",1407,"LZP","Lithuanian Green Party","Lithuania"
"Lithuanian Greens Party (LZP)",1407,"LZP","Lithuanian Green Party","Lithuania"
"Lithuanian Peasant Popular Union (LVLS)",6811,"LVLS","Lithuanian Popular Peasants' Union","Lithuania"
"Lithuanian Peasant and Greens Union (LVZS)",1490,"LVŽS / LVLS","Lithuanian Farmers and Greens Union / Lithuanian Peasant Popular Union","Lithuania"
"Lithuanian Peasants People Party - LVLP",,,,"Lithuania"
"Lithuanian Peasants People Party-LVLP",,,,"Lithuania"
"Lithuanian Peasants Populist Union",6811,"LVLS","Lithuanian Popular Peasants' Union","Lithuania"
"Lithuanian Peasants and Greens Union - LVS",1490,"LVŽS / LVLS","Lithuanian Farmers and Greens Union / Lithuanian Peasant Popular Union","Lithuania"
"Lithuanian Peasants and Greens Union - LVZS",1490,"LVŽS / LVLS","Lithuanian Farmers and Greens Union / Lithuanian Peasant Popular Union","Lithuania"
"Lithuanian Peasants and Greens Union - LVZS (S. Skvernelis)",1490,"LVŽS / LVLS","Lithuanian Farmers and Greens Union / Lithuanian Peasant Popular Union","Lithuania"
"Lithuanian Peasants and Greens Union – LVZS (Ramunas Karbauskis)",1490,"LVŽS / LVLS","Lithuanian Farmers and Greens Union / Lithuanian Peasant Popular Union","Lithuania"
"Lithuanian Peasants and Greens Union-LVS",1490,"LVŽS / LVLS","Lithuanian Farmers and Greens Union / Lithuanian Peasant Popular Union","Lithuania"
"Lithuanian Pensioners' Party (LPP)",8255,"LPP","Lithuanian Pensioners' Party","Lithuania"
"Lithuanian People's Party",8256,"LLP","Lithuanian People's Party","Lithuania"
"Lithuanian People's Party (LLP)",8256,"LLP","Lithuanian People's Party","Lithuania"
"Lithuanian People's Party (LZP)",8256,"LLP","Lithuanian People's Party","Lithuania"
"Lithuanian People's Party - LLP",8256,"LLP","Lithuanian People's Party","Lithuania"
"Lithuanian People's Party - LLP (R. Paulauskas)",8256,"LLP","Lithuanian People's Party","Lithuania"
"Lithuanian People's Party – LLP (Vaidotas Prunskus)",8256,"LLP","Lithuanian People's Party","Lithuania"
"Lithuanian People's Union 'For Just Lithuania'",1409,"UTL","People's Union ""For Just Lithuania""","Lithuania"
"Lithuanian People's Union 'For the Fair Lithuania' (UTL)",1409,"UTL","People's Union ""For Just Lithuania""","Lithuania"
"Lithuanian Poles Electoral Action",556,"LLRA","Election Action of Lithuania's Poles","Lithuania"
"Lithuanian Poles Electoral Action - Christian Families Alliance",,,,"Lithuania"
"Lithuanian Polish Election Action",556,"LLRA","Election Action of Lithuania's Poles","Lithuania"
"Lithuanian Polish Election action",556,"LLRA","Election Action of Lithuania's Poles","Lithuania"
"Lithuanian Rusians union",168,"LRS","Lithuanian Russian Union","Lithuania"
"Lithuanian Russian Union",168,"LRS","Lithuanian Russian Union","Lithuania"
"Lithuanian Social Democratic Labour Party",7352,"LSDDP—LRP","Social Democratic Labour Party of Lithuania — Lithuanian Regions Party","Lithuania"
"Lithuanian Social Democratic Party",64,"LSDP","Lithuanian Social Democratic Party","Lithuania"
"Lithuanian Social Democratic Party (LSDP)",64,"LSDP","Lithuanian Social Democratic Party","Lithuania"
"Lithuanian Social Democratic Party - LSDP",64,"LSDP","Lithuanian Social Democratic Party","Lithuania"
"Lithuanian Social Democratic Party - LSDP (A. Butkevicius)",64,"LSDP","Lithuanian Social Democratic Party","Lithuania"
"Lithuanian Social Democratic Party – LSDP (Gintautas Paluckas)",64,"LSDP","Lithuanian Social Democratic Party","Lithuania"
"Lithuanian Social Democratic Party-LSDP",64,"LSDP","Lithuanian Social Democratic Party","Lithuania"
"Lithuanian Social Democratic Union",8258,"LSDS","Lithuanian Social Democratic Union","Lithuania"
"Lithuanian Social Democratic Union (LSDS)",8258,"LSDS","Lithuanian Social Democratic Union","Lithuania"
"Lithuanian freedom league",612,"LLL","Lithuanian Liberty League","Lithuania"
"Lithuanian freedom union",1410,"LLS","Lithuanian Liberty Union","Lithuania"
"Lithuanian green party",1407,"LZP","Lithuanian Green Party","Lithuania"
"Lithuanian industrial party",330,"LUP","Lithuanian Party of Economy","Lithuania"
"Lithuanian justice party",,,,"Lithuania"
"Lithuanian national party Jaunoji Lietuva",1026,"JL","Young Lithuania","Lithuania"
"Lithuanian national union",377,"LTS","Lithuanian National Union","Lithuania"
"Lithuanian people party",8256,"LLP","Lithuanian People's Party","Lithuania"
"Lithuanian socialist party",,,,"Lithuania"
"Lithunian political prisoners and deported people union",753,"LPKTS","Union of Lithuanian Political Prisoners and Deportees","Lithuania"
"Logic of life party",,,,"Lithuania"
"Movement Elections 96",,,,"Lithuania"
"N. Puteikis + K. Krivickas Anticorruption Coalition (Lith. Centre Party, Lithuanian Pensioners' Party) - APKK",,,,"Lithuania"
"National Alliance",9096,"NS","National Alliance","Lithuania"
"National Alliance (NS)",9096,"NS","National Alliance","Lithuania"
"National Alliance – NS (Vytautas Radzvilas)",9096,"NS","National Alliance","Lithuania"
"National Resurrection Party (TPP)",347,"TPP","National Resurrection Party","Lithuania"
"National Resurrection Party - TPP",347,"TPP","National Resurrection Party","Lithuania"
"National Resurrection Party-TPP",347,"TPP","National Resurrection Party","Lithuania"
"National democratic party",,,,"Lithuania"
"Nationalist Party - 'Young Lithuania'",1026,"JL","Young Lithuania","Lithuania"
"Nationalist Union (TS)",377,"LTS","Lithuanian National Union","Lithuania"
"New Democracy - Women's Party",1747,"LMP — NDP","Lithuanian Women's Party — New Democratic Party","Lithuania"
"New Union (Social Liberals) (NS)",1800,"NS","New Union (Social Liberals)","Lithuania"
"New Union (Social Liberals) - NS (SL)",1800,"NS","New Union (Social Liberals)","Lithuania"
"New Union (Social Liberals)-NS(SL)",1800,"NS","New Union (Social Liberals)","Lithuania"
"New Union (social liberals)",1800,"NS","New Union (Social Liberals)","Lithuania"
"New democracy/Women party",1747,"LMP — NDP","Lithuanian Women's Party — New Democratic Party","Lithuania"
"New union (socialliberals)",1800,"NS","New Union (Social Liberals)","Lithuania"
"Order and Justice (TT) (Leader: R.Žemaitaitis)",237,"TT — LDP","Order and Justice — Liberal Democratic Party","Lithuania"
"Order and Justice - TT",237,"TT — LDP","Order and Justice — Liberal Democratic Party","Lithuania"
"Party ""Front""",1250,"F/SLF","Front Party / Socialist People's Front","Lithuania"
"Party ""Order and Justice""",237,"TT — LDP","Order and Justice — Liberal Democratic Party","Lithuania"
"Party 'Freedom and Justice' (LT)",,,,"Lithuania"
"Party 'Freedom and Justice' – LT (Remigijus Zemaitaitis)",,,,"Lithuania"
"Party 'Front' (Frontas)",1250,"F/SLF","Front Party / Socialist People's Front","Lithuania"
"Party 'Lithuania - For Everyone'",,,,"Lithuania"
"Party 'Lithuania - For everyone' (LV)",,,,"Lithuania"
"Party 'Lithuania – For everyone' – LV (Tomas Pacesas)",,,,"Lithuania"
"Party 'Order and Justice'",237,"TT — LDP","Order and Justice — Liberal Democratic Party","Lithuania"
"Party 'Order and Justice' - TT",237,"TT — LDP","Order and Justice — Liberal Democratic Party","Lithuania"
"Party 'Order and Justice' - TT (R. Zemaitaitis)",237,"TT — LDP","Order and Justice — Liberal Democratic Party","Lithuania"
"Party 'Order and Justice'-TT",237,"TT — LDP","Order and Justice — Liberal Democratic Party","Lithuania"
"Party 'Young Lithuania' (JL)",1026,"JL","Young Lithuania","Lithuania"
"Party Order and Justice (TT)",237,"TT — LDP","Order and Justice — Liberal Democratic Party","Lithuania"
"Party Order and Justice - TT",237,"TT — LDP","Order and Justice — Liberal Democratic Party","Lithuania"
"Party Order and Justice-TT",237,"TT — LDP","Order and Justice — Liberal Democratic Party","Lithuania"
"Party Order and Justice-TT",237,"TT — LDP","Order and Justice — Liberal Democratic Party","Lithuania"
"Party Order and Justice-TT",237,"TT — LDP","Order and Justice — Liberal Democratic Party","Lithuania"
"Party of Civic Democracy (PDP)",105,"PDP","Civic Democratic Party","Lithuania"
"Peasants Party",6805,"VS","Peasant Union","Lithuania"
"Peasants party",6805,"VS","Peasant Union","Lithuania"
"Poles Election Action",556,"LLRA","Election Action of Lithuania's Poles","Lithuania"
"Polish election action",556,"LLRA","Election Action of Lithuania's Poles","Lithuania"
"Political Party 'List of Lithuania'",6738,"List","Lithuanian List","Lithuania"
"Political Party 'List of Lithuania' (LS)",6738,"List","Lithuanian List","Lithuania"
"Political Party 'List of Lithuania' - PPLS",6738,"List","Lithuanian List","Lithuania"
"Political Party 'Lithuanian Green Movement' (LZS)",,,,"Lithuania"
"Political Party 'Road of Courage'",74,"DK","The Way of Courage","Lithuania"
"Political Party 'The Way of Courage'",74,"DK","The Way of Courage","Lithuania"
"Political Party 'The Way of Courage' (DK)",74,"DK","The Way of Courage","Lithuania"
"Political Party 'The Way of Courage' - DK",74,"DK","The Way of Courage","Lithuania"
"Political Party 'The Way of Courage' - DK (J. Varkala)",74,"DK","The Way of Courage","Lithuania"
"Political Party 'The Way of Courage' – DK (Jonas Varkala)",74,"DK","The Way of Courage","Lithuania"
"Political Party 'Union Yes' (ST)",1806,"TAIP","YES — Homeland Revival and Perspective","Lithuania"
"Political Party 'Union Yes' - TAIP",1806,"TAIP","YES — Homeland Revival and Perspective","Lithuania"
"Political Party 'Union Yes'-TAIP",1806,"TAIP","YES — Homeland Revival and Perspective","Lithuania"
"Political Party The Way of Courage-DK",74,"DK","The Way of Courage","Lithuania"
"Political Refugees and Prisoners Union",753,"LPKTS","Union of Lithuanian Political Prisoners and Deportees","Lithuania"
"Puteikis and Krivickas Anticorruption Coalition (Lithuanian Centre, Lith. Pensioners' P.) - APKK",,,,"Lithuania"
"Republican Party (RP)",,,,"Lithuania"
"Respublikonu partija (RP) - Republican Party",,,,"Lithuania"
"Revival of Nation Party",347,"TPP","National Resurrection Party","Lithuania"
"S. Buskevicius + Nationalists Coalition 'Against Corruption and Poverty' - BTK",,,,"Lithuania"
"Social Democratic Labor Party of Lithuania (Leader: G.Kirkilas)",7352,"LSDDP—LRP","Social Democratic Labour Party of Lithuania — Lithuanian Regions Party","Lithuania"
"Social Democratic Labour Party of Lithuania (LSDDP)",7352,"LSDDP—LRP","Social Democratic Labour Party of Lithuania — Lithuanian Regions Party","Lithuania"
"Social Democratic Labour Party of Lithuania – LSDDP (Gediminas Kirkilas)",7352,"LSDDP—LRP","Social Democratic Labour Party of Lithuania — Lithuanian Regions Party","Lithuania"
"Social Democratic Party",64,"LSDP","Lithuanian Social Democratic Party","Lithuania"
"Social Democratic Party of Lithuania (Leader: G.Paluckas)",64,"LSDP","Lithuanian Social Democratic Party","Lithuania"
"Socialdemocratic party",64,"LSDP","Lithuanian Social Democratic Party","Lithuania"
"Socialist Party",,,,"Lithuania"
"Socialist People's Front",1250,"F/SLF","Front Party / Socialist People's Front","Lithuania"
"Socialist People's Front (SLF)",1250,"F/SLF","Front Party / Socialist People's Front","Lithuania"
"Socialist People's Front - SLF",1250,"F/SLF","Front Party / Socialist People's Front","Lithuania"
"Socialist People's Front-SLF",1250,"F/SLF","Front Party / Socialist People's Front","Lithuania"
"Tautos pazangos judejimas (TPJ) - National Progress Movement",636,"TPJ","National Progress Movement","Lithuania"
"Tevynes Sajunga (Lietuvos konservatoriai) (TS-LK) - Homeland Union/ Lithuanian Conservatives",193,"TS — LKD","Homeland Union — Lithuanian Christian Democrats","Lithuania"
"The Union of Generations' Solidarity - Unity for Lithuania",,,,"Lithuania"
"The Way of Courage",74,"DK","The Way of Courage","Lithuania"
"The Way of Courage - DK",74,"DK","The Way of Courage","Lithuania"
"Union of Intergenerational Solidarity - Cohesion for Lithuania (KSSL)",,,,"Lithuania"
"Union of Intergenerational Solidarity – Cohesion for Lithuania – KSSL (Arvydas Juozaitis)",,,,"Lithuania"
"Union of Russians of Lithuania (LRS)",168,"LRS","Lithuanian Russian Union","Lithuania"
"Zemaiciai (Samogitian) Party (ZP)",1291,"Zp","Samogitian Party","Lithuania"
"Zemaiciu (Samogitian) Party",1291,"Zp","Samogitian Party","Lithuania"
"ADR (populist party)",1114,"ADR","Alternative Democratic Reform Party","Luxembourg"
"Alternativ Demokratesch Reformpartei / Parti réformiste dalternative démocratique ADR",1114,"ADR","Alternative Democratic Reform Party","Luxembourg"
"CSV (socio-catholic party)",539,"CSV","Christian Social People's Party","Luxembourg"
"Chrëschtlech Sozial Vollekspartei / Parti Chrétien Social CSV / PCS",539,"CSV","Christian Social People's Party","Luxembourg"
"Comité d'action pour la Démocratie et la Justice sociale",,,,"Luxembourg"
"Demokratesch Partei (DP; liberal party)",300,"DP","Democratic Party","Luxembourg"
"Demokratesch Partei/ Parti Démocratique (Libéral) DP / PD",300,"DP","Democratic Party","Luxembourg"
"Déi Gréng (Green)",1138,"Greng/GAP","The Greens","Luxembourg"
"Déi Gréng /Les Verts",1138,"Greng/GAP","The Greens","Luxembourg"
"Déi Lenk (former communists)",271,"DL","The Left","Luxembourg"
"Déi Lénk - La Gauche",271,"DL","The Left","Luxembourg"
"Kommunistesch Partei Lëtzebuerg / Parti Communiste Luxembourgeois KPL / PCL",1647,"KPL","Communist Party of Luxembourg","Luxembourg"
"La Gauche",271,"DL","The Left","Luxembourg"
"Les Verts",1138,"Greng/GAP","The Greens","Luxembourg"
"Lëtzebuerger Sozialistesch Arbechterpartei / Parti Socialiste Ouvrier Luxembourgeois LSAP / POSL",186,"LSAP","Luxembourg Socialist Workers' Party","Luxembourg"
"Parti Chrétien Social (PCS)",539,"CSV","Christian Social People's Party","Luxembourg"
"Parti Démocrate (PD)",300,"DP","Democratic Party","Luxembourg"
"Parti Socialiste Ouvrier Luxembourgeois (PSOL)",186,"LSAP","Luxembourg Socialist Workers' Party","Luxembourg"
"d´Sozialisten (LSAP; socialists)",186,"LSAP","Luxembourg Socialist Workers' Party","Luxembourg"
"AFFA (CRN)",,,,"Madagascar"
"AKFM",,,,"Madagascar"
"AKFM (Antokon'ny Kongresin'ny Fahaleovantenan'i Madagasikara)",5369,"PCIM","Congress Party for the Independence of Madagascar","Madagascar"
"AKFM (Antokon-ny Kongresin-ny Fahaleovantenan-i Madagasikara)",,,,"Madagascar"
"AKFM Fanavaozana (Antokon'ny Kongresin'ny Fahaleovantenan'i Madagasikara Fanavaozana)",5369,"PCIM","Congress Party for the Independence of Madagascar","Madagascar"
"AKFM Fanavaozana (Antokon-ny Kongresin-ny Fahaleovantenan-i Madagasikara Fanavaozana)",,,,"Madagascar"
"AME (Antoko Miombon'Ezaka)",,,,"Madagascar"
"AREMA",5311,"AREMA","Association for the Rebirth of Madagascar","Madagascar"
"AREMA (Antokin'ny REvolisiona Malagasy)",5311,"AREMA","Association for the Rebirth of Madagascar","Madagascar"
"AREMA (Antokin-ny REvolisiona Malagasy)",5311,"AREMA","Association for the Rebirth of Madagascar","Madagascar"
"AREMA (Antoko REvôlisionera Malagasy)",5311,"AREMA","Association for the Rebirth of Madagascar","Madagascar"
"AVI",5373,"AVI","Judged By Your Work Party","Madagascar"
"AVI (Asa Vita no Ifampitsarana)",5373,"AVI","Judged By Your Work Party","Madagascar"
"AVI (Asa vita no Ifampitsarana)",5373,"AVI","Judged By Your Work Party","Madagascar"
"Antoko Maintso (Hasin'i Madagasikara)",,,,"Madagascar"
"Antoko Maintso (Hasin-i Madagasikara)",,,,"Madagascar"
"GRAD ILOAFO",,,,"Madagascar"
"HVM (Hery Vaovao ho an'I Madagasikara)",8436,"HVM","New Forces for Madagascar","Madagascar"
"HVM (Hery Vaovao ho an'i Madagasikara)",8436,"HVM","New Forces for Madagascar","Madagascar"
"HVM (HeryVaovao ho an-I Madagasikara)",8436,"HVM","New Forces for Madagascar","Madagascar"
"LEADER - FANILO",5370,"LEADER-F","Economic Liberalism and Democratic Action for National Recovery","Madagascar"
"LEADER FANILO (Liberalisme Economique et Action DEmocratique pour la Réconciliation )",5370,"LEADER-F","Economic Liberalism and Democratic Action for National Recovery","Madagascar"
"LEADER FANILO (Libéralisme Economique et Action DEmocratique pour la Réconciliation )",5370,"LEADER-F","Economic Liberalism and Democratic Action for National Recovery","Madagascar"
"Lahiniriko",,,,"Madagascar"
"Leader Fanilo",5370,"LEADER-F","Economic Liberalism and Democratic Action for National Recovery","Madagascar"
"MAF AVOKO",,,,"Madagascar"
"MAMAFISOA (Malagasy MAndroso ao anatin'ny FIhavanana sy ny SOAtoavina)",,,,"Madagascar"
"MAPAR (Miaraka Amin'ny Prezida Andry Rajoelina)",8069,"MAPAR/IRD","With President Andry Rajoelina","Madagascar"
"MAPAR (Miaraka Amin-ny Prezida Andry Rajoelina)",8069,"MAPAR/IRD","With President Andry Rajoelina","Madagascar"
"MDM (Miara Mientana ho an'ny Demokrasia)",,,,"Madagascar"
"MDM (Miara Mientana ho an-ny Demokrasia)",,,,"Madagascar"
"MFM",5838,"MFM/MPP","Party for Proletarian Power / Movement for the Progress of Madagascar","Madagascar"
"MFM (Mitolona ho amin-ny Fampandrosoana)",5838,"MFM/MPP","Party for Proletarian Power / Movement for the Progress of Madagascar","Madagascar"
"MMM (Malagasy Miara-Miainga)",,,,"Madagascar"
"MONIMA (MOuvement National pour l'Indépendance de Madagascar)",,,,"Madagascar"
"MONIMA (MOuvement National pour l'Indépendance de Madagascar)",,,,"Madagascar"
"MONIMA (MOuvement National pour l'Indépendance de Madagascar)",,,,"Madagascar"
"MONIMA (MOvement National pour l'Indépendance de Madagascar)",,,,"Madagascar"
"MTS (Malagasy Tonga Saina)",,,,"Madagascar"
"Mahaleo Tena",,,,"Madagascar"
"Mahaleo tena",,,,"Madagascar"
"PSD Premier Republique",5372,"PSD","Social Democratic Party of Madagascar and the Comoros","Madagascar"
"RPSD",6086,"RPSD","Rally for Socialism and Democracy","Madagascar"
"RPSD - VAOVAO",6086,"RPSD","Rally for Socialism and Democracy","Madagascar"
"RPSD-Vaovao (Rassemblement pour la Social Démocratie)",6086,"RPSD","Rally for Socialism and Democracy","Madagascar"
"TEZA",,,,"Madagascar"
"TGV",8438,"TGV","Young Malagasies Determined","Madagascar"
"TGV (Tanora malaGasy Vonona)",8438,"TGV","Young Malagasies Determined","Madagascar"
"TIM",5201,"TIM","I Love Madagascar","Madagascar"
"TIM (Tiako I Madagasikara)",5201,"TIM","I Love Madagascar","Madagascar"
"TIM (Tiako i Madagasikara)",5201,"TIM","I Love Madagascar","Madagascar"
"Tambatra",,,,"Madagascar"
"Toamasina Tonga Saina",,,,"Madagascar"
"UNDD",5869,"UNDD","National Union for Democracy and Development","Madagascar"
"UNDD (Union Nationale pour le Développement et la Démocratie)",5869,"UNDD","National Union for Democracy and Development","Madagascar"
"Vitantsika io",,,,"Madagascar"
"affa",,,,"Madagascar"
"akfm",,,,"Madagascar"
"ame",,,,"Madagascar"
"arema",5311,"AREMA","Association for the Rebirth of Madagascar","Madagascar"
"avi",5373,"AVI","Judged By Your Work Party","Madagascar"
"grad iloafo",,,,"Madagascar"
"leader",5370,"LEADER-F","Economic Liberalism and Democratic Action for National Recovery","Madagascar"
"mfm",5838,"MFM/MPP","Party for Proletarian Power / Movement for the Progress of Madagascar","Madagascar"
"rpsd vaovao",6086,"RPSD","Rally for Socialism and Democracy","Madagascar"
"teza",,,,"Madagascar"
"tim",5201,"TIM","I Love Madagascar","Madagascar"
"un nouveau parti",,,,"Madagascar"
"undd",5869,"UNDD","National Union for Democracy and Development","Madagascar"
"AFORD",3733,"AFORD","Alliance for Democracy","Malawi"
"Alliance For Democracy (AFORD)",3733,"AFORD","Alliance for Democracy","Malawi"
"Alliance For democracy(AFORD)",3733,"AFORD","Alliance for Democracy","Malawi"
"Alliance for Democracy (AFORD)",3733,"AFORD","Alliance for Democracy","Malawi"
"Congress for Democrats (CODE)",,,,"Malawi"
"DCN",,,,"Malawi"
"Democratic Progressive Party",4846,"DPP","Democratic Progressive Party","Malawi"
"Democratic Progressive Party (DPP)",4846,"DPP","Democratic Progressive Party","Malawi"
"Democratic Progressive Party (DPP) [Peter Mutharika]",4846,"DPP","Democratic Progressive Party","Malawi"
"Democratic Progressive Party [DPP]",4846,"DPP","Democratic Progressive Party","Malawi"
"MAFUNDE",,,,"Malawi"
"MCP",3732,"MCP","Malawi Congress Party","Malawi"
"Malawi Congress Party (MCP)",3732,"MCP","Malawi Congress Party","Malawi"
"Malawi Congress Party (MCP) [Lazarus Chakwera]",3732,"MCP","Malawi Congress Party","Malawi"
"Malawi Congress Party [MCP]",3732,"MCP","Malawi Congress Party","Malawi"
"Malawi Congress Party(MCP)",3732,"MCP","Malawi Congress Party","Malawi"
"Malawi Democratic Party (MDP)",,,,"Malawi"
"Malawi Democreatic Party (MDP)",,,,"Malawi"
"Malawi Forum for Unity and Development (MAFUNDE)",,,,"Malawi"
"Malawi Forum for Unity and Development (MAFUNDE)/Tisintha Al",,,,"Malawi"
"Maravi People's Party (MPP)",,,,"Malawi"
"Mbakuwaku Movement for Democracy (MMD)",,,,"Malawi"
"Movement For Genuine Democracy",,,,"Malawi"
"National Democratic Alliance (NDA) Pressure Groupo",3735,"NDA","National Democratic Alliance","Malawi"
"National Salvation Front (NSF)",,,,"Malawi"
"National Survation Front (NSF) [James Nyondo]",,,,"Malawi"
"National democratic Alliance(NAD)",3735,"NDA","National Democratic Alliance","Malawi"
"New Rainbow Coalition Party (NARC)",,,,"Malawi"
"New Republican Party",,,,"Malawi"
"New Republican Party (NRP)",,,,"Malawi"
"People's Democratic Movement (PDM)",,,,"Malawi"
"People's Party (PP)",4847,"PP","People's Party","Malawi"
"People's Party (PP)",4847,"PP","People's Party","Malawi"
"People's Party (PP)",4847,"PP","People's Party","Malawi"
"People's Party (PP) [Joice Banda]",4847,"PP","People's Party","Malawi"
"People's Progressive Movement (PPM)",3736,"PPM","People's Progressive Movement","Malawi"
"People's Progressive Movement (PPM)",3736,"PPM","People's Progressive Movement","Malawi"
"People's Progressive Movement (PPM)",3736,"PPM","People's Progressive Movement","Malawi"
"People's Progressive Movement (PPM) [Mark Katsonga]",3736,"PPM","People's Progressive Movement","Malawi"
"People's Progressive Movement [PPM]",3736,"PPM","People's Progressive Movement","Malawi"
"People's Transformation Party (PETRA)",,,,"Malawi"
"Peoples Progressive Movement(PPM)",3736,"PPM","People's Progressive Movement","Malawi"
"Republic Party(RP)",3737,"RP","Republican Party","Malawi"
"Republican Party",3737,"RP","Republican Party","Malawi"
"Republican Party (RP)",3737,"RP","Republican Party","Malawi"
"UDF",3734,"UDF","United Democratic Front","Malawi"
"UTM",8067,"UTM","United Transformation Movement","Malawi"
"United Democratic Front (UDF)",3734,"UDF","United Democratic Front","Malawi"
"United Democratic Front (UDF) [Atupere Muluzi]",3734,"UDF","United Democratic Front","Malawi"
"United Democratic Front [UDF]",3734,"UDF","United Democratic Front","Malawi"
"United Independent  Party (UIP)",,,,"Malawi"
"United Independent Party (UIP) [Abusa Helen Singh]",,,,"Malawi"
"United Party",,,,"Malawi"
"Alliance of Hope",,,,"Malaysia"
"Barisan Nasional",3637,"BN","National Front","Malaysia"
"Barisan Nasional (BN)",3637,"BN","National Front","Malaysia"
"BarisanNasional",3637,"BN","National Front","Malaysia"
"Coalition of Hope (Pakatan Harapan) (PH), formerly the People's Alliance",,,,"Malaysia"
"DAP",2486,"DAP","Democratic Action Party","Malaysia"
"Democratic Action Party",2486,"DAP","Democratic Action Party","Malaysia"
"Democratic Action Party (DAP)",2486,"DAP","Democratic Action Party","Malaysia"
"Gabungan Parti Sarawak (GPS)",,,,"Malaysia"
"Gerakan",6636,"PGRM","Malaysian People's Movement Party","Malaysia"
"Homeland Solidarity Party (STAR)",,,,"Malaysia"
"Ideas of Prosperity",,,,"Malaysia"
"MCA",2484,"MCA","Malaysian Chinese Association","Malaysia"
"MIC",4743,"MIC","Malaysian Indian Congress","Malaysia"
"Malaysian Chinese Association (MCA)",2484,"MCA","Malaysian Chinese Association","Malaysia"
"Malaysian India congress (MIC)",4743,"MIC","Malaysian Indian Congress","Malaysia"
"Malaysian Indian Congress (MIC)",4743,"MIC","Malaysian Indian Congress","Malaysia"
"Malaysian Islamic Party (PAS)",2483,"PAS","Pan-Malaysian Islamic Party","Malaysia"
"Malaysian People's Movement Party (Gerakan)",6636,"PGRM","Malaysian People's Movement Party","Malaysia"
"National Front",3637,"BN","National Front","Malaysia"
"National Front (Barisan Nasional (BN)",,,,"Malaysia"
"National Trust Party (AMANAH)",7999,"PAN/PPPM","National Trust Party / Malaysia Workers' Party","Malaysia"
"Other BN party",,,,"Malaysia"
"PAS",2483,"PAS","Pan-Malaysian Islamic Party","Malaysia"
"PBB",5599,"PBB","United Bumiputera Heritage Party","Malaysia"
"PBS",7092,"PBS","United Sabah Party","Malaysia"
"PKR",2485,"Keadilan","People's Justice Party","Malaysia"
"Pakatan Harapan (PH)",7893,"PR","People's Pact / People's Alliance","Malaysia"
"Pan-Malaysian Islamic Front (Berjasa)",,,,"Malaysia"
"Pan-Malaysian Islamic Party",2483,"PAS","Pan-Malaysian Islamic Party","Malaysia"
"Pan-Malaysian Islamic Party  (PAS)",2483,"PAS","Pan-Malaysian Islamic Party","Malaysia"
"Pan-Malaysian Islamic Party (PAS)",2483,"PAS","Pan-Malaysian Islamic Party","Malaysia"
"Parti Islam SeMalaysia (PAS)",2483,"PAS","Pan-Malaysian Islamic Party","Malaysia"
"Parti Keadilan Rakyat (PKR)",2485,"Keadilan","People's Justice Party","Malaysia"
"Parti Pejuang Tanah Air (PEJUANG)",,,,"Malaysia"
"Parti Warisan Sabah",8669,"WARISAN","Sabah Heritage Party","Malaysia"
"People Alliance",7893,"PR","People's Pact / People's Alliance","Malaysia"
"People's Front (Now known as Pakatan Rakyat)",,,,"Malaysia"
"People's Justice Party",2485,"Keadilan","People's Justice Party","Malaysia"
"People's Justice Party (PKR)",2485,"Keadilan","People's Justice Party","Malaysia"
"People's Justice Party (PKR)",2485,"Keadilan","People's Justice Party","Malaysia"
"People's Justice Party (PKR)",2485,"Keadilan","People's Justice Party","Malaysia"
"People's Progressive Party (PPP)",6635,"PPP","People's Progressive Party","Malaysia"
"SAPP",8022,"SAPP","Sabah Progressive Party","Malaysia"
"SNAP",7891,"SNAP","Sarawak National Party","Malaysia"
"SUPP",5880,"SUPP","Sarawak United Peoples' Party","Malaysia"
"Sabah Heritage Party",8669,"WARISAN","Sabah Heritage Party","Malaysia"
"Sabah Heritage Party (WARISAN)",8669,"WARISAN","Sabah Heritage Party","Malaysia"
"Sarawak People's Party (PRS)",8027,"PRS","Sarawak Peoples' Party","Malaysia"
"Sarawak Progressive Democratic Party (SPDP)",8026,"PDP","Progressive Democratic Party","Malaysia"
"Sarawak United People's Party (SUPP)",5880,"SUPP","Sarawak United Peoples' Party","Malaysia"
"Socialist Party of Malaysia",,,,"Malaysia"
"State Reform Party (STAR)",,,,"Malaysia"
"UMNO",2318,"UMNO","United Malays National Organisation","Malaysia"
"United Malays National Organisation (UMNO)",2318,"UMNO","United Malays National Organisation","Malaysia"
"United Malays National Organization (UMNO)",2318,"UMNO","United Malays National Organisation","Malaysia"
"United Malays National Organization (UMNO))",2318,"UMNO","United Malays National Organisation","Malaysia"
"United Pasokmomogun Kadazandusun Murut Organization (UPKO)",8024,"UPKO","United Pasokmomogun Kadazandusun Murut Organisation","Malaysia"
"United Sabah Alliance",,,,"Malaysia"
"United Sabah Party (PBS)",7092,"PBS","United Sabah Party","Malaysia"
"United Sabah People's Party (PBRS)",,,,"Malaysia"
"United Sabah People's Party (PBRS)",,,,"Malaysia"
"United Sabah People's Party (PBRS)",,,,"Malaysia"
"United Traditional Bumiputera Party (PBB)",5599,"PBB","United Bumiputera Heritage Party","Malaysia"
"dap",2486,"DAP","Democratic Action Party","Malaysia"
"mca",2484,"MCA","Malaysian Chinese Association","Malaysia"
"mic",4743,"MIC","Malaysian Indian Congress","Malaysia"
"pas",2483,"PAS","Pan-Malaysian Islamic Party","Malaysia"
"pbb",5599,"PBB","United Bumiputera Heritage Party","Malaysia"
"pbs",7092,"PBS","United Sabah Party","Malaysia"
"pkr",2485,"Keadilan","People's Justice Party","Malaysia"
"star",,,,"Malaysia"
"supp",5880,"SUPP","Sarawak United Peoples' Party","Malaysia"
"umno",2318,"UMNO","United Malays National Organisation","Malaysia"
"Adhaalath Party",5683,"AP","Justice Party","Maldives"
"Dhivehi Rayyithunge Party (DRP)",5327,"DRP","Maldivian People's Party","Maldives"
"Jumhooree Party (JP)",5680,"JP","Republican Party","Maldives"
"Maldives Democratic Party (MDP)",5329,"MDP","Maldivian Democratic Party","Maldives"
"Peaoples National Congress (PNC)",7914,"PNC","People's National Congress","Maldives"
"Progressive Party of Maldives (PPM)",5682,"PPM","Progressive Party of Maldives","Maldives"
"ADEMA",2477,"ADEMA — PASJ","The Alliance for Democracy in Mali — Pan-African Party for Liberty, Solidarity and Justice","Mali"
"ADEMA - PASJ",2477,"ADEMA — PASJ","The Alliance for Democracy in Mali — Pan-African Party for Liberty, Solidarity and Justice","Mali"
"ADEMA – PASJ   (Alliance pour la démocratie au Mali) / Dioncounda Traoré",2477,"ADEMA — PASJ","The Alliance for Democracy in Mali — Pan-African Party for Liberty, Solidarity and Justice","Mali"
"ADEMA – PASJ (Alliance pour la démocratie au Mali) / Dionkounda Traoré / Tiémoko Sangaré",2477,"ADEMA — PASJ","The Alliance for Democracy in Mali — Pan-African Party for Liberty, Solidarity and Justice","Mali"
"ADEMA – PASJ / Dionkounda Traoré / Tiémoko Sangaré",2477,"ADEMA — PASJ","The Alliance for Democracy in Mali — Pan-African Party for Liberty, Solidarity and Justice","Mali"
"ADEMA/ PASJ",2477,"ADEMA — PASJ","The Alliance for Democracy in Mali — Pan-African Party for Liberty, Solidarity and Justice","Mali"
"ADP – Maliba (Alliance pour la démocratie et la paix) / Boubacar Diallo",,,,"Mali"
"ADP – Maliba / Boubacar Diallo",,,,"Mali"
"ADP-Maliba",,,,"Mali"
"ASMA – CFP (Alliance pour la solidarité au Mali – Convergence des forces patriotiques) / Soumeylou Boubèye Maïga",8440,"ASMA — CFP","Alliance for Solidarity in Mali — Convergence of Patriotic Forces","Mali"
"ASMA – CFP / Soumeylou Boubèye Maïga",8440,"ASMA — CFP","Alliance for Solidarity in Mali — Convergence of Patriotic Forces","Mali"
"ASMA-CFP",8440,"ASMA — CFP","Alliance for Solidarity in Mali — Convergence of Patriotic Forces","Mali"
"BARA",,,,"Mali"
"BARA                   (Bloc des alternatives pour le renouveau africain) / Pr. Yoro Diakitéa",,,,"Mali"
"BARICA",,,,"Mali"
"BDIA",,,,"Mali"
"BDIA - FASO JIGI",,,,"Mali"
"BDIA – Faso Jigi  (Bloc pôur la démocratie et l'intégration africaine) / Ibrahim Bocar Bah",,,,"Mali"
"Bloc democratique pour l'Integration Africaine BDIA",,,,"Mali"
"CDS",,,,"Mali"
"CDS - MOGO TIGIYA",,,,"Mali"
"CDS – Mogo Tigiya (Convention sociale démocrate) / Mamadou Blaise Sangaré",,,,"Mali"
"CDS – Mogo Tigiya / Mamadou Blaise Sangaré",,,,"Mali"
"CNAS",,,,"Mali"
"CNAS                       (Convention nationale des associations de soutien à Soumana Sako)",,,,"Mali"
"CNAS – Faso Hèrè (Convention nationale des assosciations de soutien à Soumana Sako)",,,,"Mali"
"CNAS – Faso Hèrè / Soumana Sako",,,,"Mali"
"CNID",2478,"CNID","National Congress for Democratic Initiative","Mali"
"CNID - FASO YIRIWA TON",2478,"CNID","National Congress for Democratic Initiative","Mali"
"CNID – Faso Yiriwa Ton (Congrès national d'initiative démocratique) / Me Mountaga Tall",2478,"CNID","National Congress for Democratic Initiative","Mali"
"CNID – Faso Yiriwa Ton (Congrès national d'initiative démocratique) / Mountaga Tall",2478,"CNID","National Congress for Democratic Initiative","Mali"
"CNID – Faso Yiriwa Ton / Mountaga Tall",2478,"CNID","National Congress for Democratic Initiative","Mali"
"CNRDRE",,,,"Mali"
"CODEM",,,,"Mali"
"CODEM  / Ousséni Amion Guindo ou Poulô",,,,"Mali"
"CODEM (Convergence pour le développement du Mali) / Ousséni Amion Guindo",,,,"Mali"
"CODEM (Convergence pour le développement du Mali) / Ousséni Amion Guindo ou Poulô",,,,"Mali"
"Convention Parti du Peuple COPP",,,,"Mali"
"FARE",,,,"Mali"
"FARE – An Ka Wuli (Forces alternatives pour le renouveau et l'émergence) / Modibo Sidibé",,,,"Mali"
"FARE – An Ka Wuli / Modibo Sidibé",,,,"Mali"
"Ind Ápendance",,,,"Mali"
"LSJ",,,,"Mali"
"MC-CDR",,,,"Mali"
"MIRIA",8936,"MIRIA","Movement for the Independence, Renaissance, and Integration of Africa","Mali"
"MIRIA  (Mouvement pour l'indépendance, la renaissance et l'intégration africaine) Mamadou Kassa Traoré",8936,"MIRIA","Movement for the Independence, Renaissance, and Integration of Africa","Mali"
"MIRIA  / mamdou Kassa Traoré",8936,"MIRIA","Movement for the Independence, Renaissance, and Integration of Africa","Mali"
"MPR",6085,"MPR","Patriotic Movement for Renewal","Mali"
"MPR    (Mouvemùent patriotique pour le renouveau) / Choguel Kokala Maïga",6085,"MPR","Patriotic Movement for Renewal","Mali"
"MPR  / Choguel Kokala Maïga",6085,"MPR","Patriotic Movement for Renewal","Mali"
"MPR (Mouvement patriotique pour le renouveau) / Choguel Kokala Maïga",6085,"MPR","Patriotic Movement for Renewal","Mali"
"Mouvement citoyen / ATT",8934,"MC","Citizen Movement","Mali"
"Mouvement citoyen/ATT",8934,"MC","Citizen Movement","Mali"
"PAMAT",,,,"Mali"
"PARENA",6084,"PARENA","Party for National Rebirth","Mali"
"PARENA (Parti pour la renaissance nationale) / Tiébilé Dramé",6084,"PARENA","Party for National Rebirth","Mali"
"PARENA (Parti pour la rennaissance nationale) / Tiébilé Dramé",6084,"PARENA","Party for National Rebirth","Mali"
"PARENA / Tiébilé Dramé",6084,"PARENA","Party for National Rebirth","Mali"
"PARTI DES MILITAIRES",,,,"Mali"
"PDES",,,,"Mali"
"PDES    (Parti pour le développement économique et la solidarité) ATT / Ahmed Diane Séméga",,,,"Mali"
"PDES (Parti pour le développement économique et la solidarité) / ATT",,,,"Mali"
"PDES / ATT",,,,"Mali"
"PDP",8028,"PDP","Party for Democracy and Progress","Mali"
"PDR",,,,"Mali"
"PIDS",,,,"Mali"
"PMDR",,,,"Mali"
"PSP",6448,"PSP/PRS","Sudanese Progressive Party / Sudanese Regroupment Party","Mali"
"PSP    (Parti pour la solidarité et le progrès) Oumar Hamadoun Dicko",6448,"PSP/PRS","Sudanese Progressive Party / Sudanese Regroupment Party","Mali"
"PSP (Parti progressiste soudanais) / Amadoun Dicko",6448,"PSP/PRS","Sudanese Progressive Party / Sudanese Regroupment Party","Mali"
"PUDP",,,,"Mali"
"Parti Ecologiste pour l'Integration PEI",,,,"Mali"
"Parti Malien pour le Developement et le Renouveau PMDR",,,,"Mali"
"Parti pour l'Unite, la Democratie et le Progres PUDP",,,,"Mali"
"Parti pour la Democratie et le Progres PDP",8028,"PDP","Party for Democracy and Progress","Mali"
"RDP",,,,"Mali"
"RDT",,,,"Mali"
"RND",,,,"Mali"
"RPDM",,,,"Mali"
"RPDM (Rassemblement pour le développement du Mali) / Cheick Modibo Diarra",,,,"Mali"
"RPM",2319,"RPM","Rally for Mali","Mali"
"RPM   (Rassemblement pour le Mali) / IBK ou Ibrahim Boubacar Kéïta",2319,"RPM","Rally for Mali","Mali"
"RPM (Rassemblement pour le Mali) / Ibrahim Boubacar Kéïta ou IBK",2319,"RPM","Rally for Mali","Mali"
"RPM / Ibrahim Boubacar Kéïta ou IBK",2319,"RPM","Rally for Mali","Mali"
"RPM/IBK",2319,"RPM","Rally for Mali","Mali"
"Rassemblement Malien pour le Changement RMC",,,,"Mali"
"Rassemblement National pour la Democratie RND",,,,"Mali"
"RpDM (Rassemblement pour le développement du Mali) / Cheick Modibo Diarra",,,,"Mali"
"SADI",,,,"Mali"
"SADI   (Solidarité africaine pour la démocratie et l'indépendance) Dr. Oumar Mariko / Cheick Oumar Sissoko",,,,"Mali"
"SADI (Solidarité africaine pour la démocratie et l'indépendance) / Oumar Mariko / Cheick Oumar Sissoko",,,,"Mali"
"SADI / Oumar Mariko / Cheick Oumar Sissoko",,,,"Mali"
"UDD",8938,"UDD","Union for Democracy and Development","Mali"
"UDD    (Union pour la démocratie et le développement) Moussa Balla Coulibaly / Tiéman Coulibaly",8938,"UDD","Union for Democracy and Development","Mali"
"UDD (Union pour la démocratie et le développement) / Tiéman Hubert Coulibaly",8938,"UDD","Union for Democracy and Development","Mali"
"UDD / Tiéman Hubert Coulibaly",8938,"UDD","Union for Democracy and Development","Mali"
"UFDP",,,,"Mali"
"UM-RDA",,,,"Mali"
"UM-RDA (Union malienne du Rassemblement démocratique africain) / Badara Aliou Macalou",,,,"Mali"
"UM-RDA (Union malienne du rassemeblement démocratique africain) Dr. Badara Aliou Macalou",,,,"Mali"
"UM-RDA (Union malienne dy Rassemblement démocratique africain) / Badara Aliou Macalou",,,,"Mali"
"UM-RDA / Badara Aliou Macalou",,,,"Mali"
"UN CANDIDAT INDÉPENDANT",,,,"Mali"
"URD",2476,"URD","Union for the Republic and Democracy","Mali"
"URD        (Union pour la République et la démocratie) Soumaïla Cissé / Younoussi Touré",2476,"URD","Union for the Republic and Democracy","Mali"
"URD (Union pour la République et la démocratie) / Soumaïla Cissé",2476,"URD","Union for the Republic and Democracy","Mali"
"URD / Soumaïla Cissé",2476,"URD","Union for the Republic and Democracy","Mali"
"US-RDA",2475,"US — RDA","Sudanese Union — African Democratic Rally","Mali"
"US/ RDA",2475,"US — RDA","Sudanese Union — African Democratic Rally","Mali"
"US/RDA",2475,"US — RDA","Sudanese Union — African Democratic Rally","Mali"
"Union des Forces Democratiques UFD",,,,"Mali"
"YELEMA",8439,"Y","Change","Mali"
"YELEMA (Le changement) / Moussa Mara",8439,"Y","Change","Mali"
"YELEMA / Moussa Mara",8439,"Y","Change","Mali"
"Alternattiva Demokratika",62,"AD","Democratic Alternative","Malta"
"Azzjoni Nazzjonali",,,,"Malta"
"Forza Malta",,,,"Malta"
"Imperium Europa",515,"IE","Imperium Europa","Malta"
"Malta Labour Party",808,"MLP","Malta Labour Party","Malta"
"Malta Labour Party (MLP)",808,"MLP","Malta Labour Party","Malta"
"Malta Labour party",808,"MLP","Malta Labour Party","Malta"
"Nationalist Party",699,"PN","Nationalist Party","Malta"
"Partit Nazzjonalista",699,"PN","Nationalist Party","Malta"
"Partit Nazzjonalista (PN)",699,"PN","Nationalist Party","Malta"
"Alliance pour la Justice et la Démocratie / Mouvement pour la Rénovation (AJD/MR)",,,,"Mauritania"
"L'Alliance Populaire Progressiste (APP)",5693,"APP","People's Progressive Alliance","Mauritania"
"Parti ESSAWAB",,,,"Mauritania"
"Parti El Karama",,,,"Mauritania"
"Parti El-Hirak Echebabi",,,,"Mauritania"
"Parti El-Islah",,,,"Mauritania"
"Parti El-Moustakbal",,,,"Mauritania"
"Parti El-Vadila",,,,"Mauritania"
"Parti Erravah",,,,"Mauritania"
"Parti Erribat",,,,"Mauritania"
"Parti HATTEM",,,,"Mauritania"
"Rassemblement National pour la Réforme et le Développement (TAWASSOUL)",5896,"RNRD","National Rally for Reform and Development","Mauritania"
"Rassemblement des Forces Démocratiques (RFD)",5199,"RFD","Rally of Democratic Forces / Assembly of Democratic Forces","Mauritania"
"Union de Forces de Progrès (UFP)",6071,"UFP","Union of the Forces of Progress","Mauritania"
"Union pour la Démocratie et le Progrès (UDP)",8029,"UDP","Union for Democracy and Progress","Mauritania"
"Union pour la République (UPR) récemment renommé « El-Insaf »",5819,"UPR","Union for the Republic","Mauritania"
"FPR",,,,"Mauritius"
"FSM",5415,"H/FSM","Party of God / Mauritian Solidarity Front","Mauritius"
"Front Patriotique Rodriguais (FPR)",,,,"Mauritius"
"Front Patriotique Rodriguais Ecologique (FPRE)",,,,"Mauritius"
"Front Solidarité Mauricien (FSM)",5415,"H/FSM","Party of God / Mauritian Solidarity Front","Mauritius"
"MMM",2460,"MMM","Mauritian Militant Movement","Mauritius"
"MR",2464,"MR","Rodrigues Movement","Mauritius"
"MSM",3798,"MSM","Militiant Socialist Movement","Mauritius"
"Mauritian Labour Party",2320,"PTR","Labour Party","Mauritius"
"Mauritian Militant Movement (MMM)",2460,"MMM","Mauritian Militant Movement","Mauritius"
"Mauritian Social Democratic Party (PMSD)",3800,"PMSD","Mauritian Social Democrat Party","Mauritius"
"Mauritian Socialist Movement (MSM)",3798,"MSM","Militiant Socialist Movement","Mauritius"
"Mauritian Solidarity Front (FSM)",5415,"H/FSM","Party of God / Mauritian Solidarity Front","Mauritius"
"Mauritius Labour Party",2320,"PTR","Labour Party","Mauritius"
"Mouvement Liberateur (ML)",,,,"Mauritius"
"Mouvement Millitant Mauricien (MMM)",2460,"MMM","Mauritian Militant Movement","Mauritius"
"Mouvement Patriotique (MP)",,,,"Mauritius"
"Mouvement Rodriguais (MR)",2464,"MR","Rodrigues Movement","Mauritius"
"Mouvement Socialiste Mauricien (MSM)",3798,"MSM","Militiant Socialist Movement","Mauritius"
"National Union (UN)",,,,"Mauritius"
"OPR",2463,"OPR","Organisation of the People of Rodrigues","Mauritius"
"Organisation du Peuple Rodriguais (OPR)",2463,"OPR","Organisation of the People of Rodrigues","Mauritius"
"PMSD",3800,"PMSD","Mauritian Social Democrat Party","Mauritius"
"Parti Mauricien Social Democrate (PMSD)",3800,"PMSD","Mauritian Social Democrat Party","Mauritius"
"Parti Travailliste",2320,"PTR","Labour Party","Mauritius"
"Reform Party",,,,"Mauritius"
"Rezistans ek Alternativ",,,,"Mauritius"
"Rodrigues Movement (MR)",2464,"MR","Rodrigues Movement","Mauritius"
"Rodrigues People's Organization (OPR)",2463,"OPR","Organisation of the People of Rodrigues","Mauritius"
"UPR",,,,"Mauritius"
"Alternativa Socialdemocrata Campesina",810,"PSD","Social Democratic Party / Social Democratic and Peasant Alternative Party / Social Democratic Alternative Party","Mexico"
"Authentic Party of the Mexican Revolution",1989,"PARM","Authentic Party of the Mexican Revolution","Mexico"
"CD",,,,"Mexico"
"Cardenist Front of National Reconstuction (PFCRN)",1984,"PFCRN","Party of the Cardenist Front of National Reconstruction","Mexico"
"Cardenista Party",1984,"PFCRN","Party of the Cardenist Front of National Reconstruction","Mexico"
"Citizen Movement",1331,"C/MC","Convergence / Citizens' Movement","Mexico"
"Citizen Movement - MC",1331,"C/MC","Convergence / Citizens' Movement","Mexico"
"Citizen Movement Party - Movimiento Ciudadano (MC)",1331,"C/MC","Convergence / Citizens' Movement","Mexico"
"Citizen's Force",,,,"Mexico"
"Citizen`s Movement",1331,"C/MC","Convergence / Citizens' Movement","Mexico"
"Citizens' Movement",1331,"C/MC","Convergence / Citizens' Movement","Mexico"
"Convergence",1331,"C/MC","Convergence / Citizens' Movement","Mexico"
"Convergence - CS",1331,"C/MC","Convergence / Citizens' Movement","Mexico"
"Convergence / Citizens' Movement",1331,"C/MC","Convergence / Citizens' Movement","Mexico"
"Convergencia",1331,"C/MC","Convergence / Citizens' Movement","Mexico"
"Democratic Center Party",,,,"Mexico"
"Democratic Revolution Party",216,"PRD","Party of the Democratic Revolution","Mexico"
"Democratic Revolution Party - PRD",216,"PRD","Party of the Democratic Revolution","Mexico"
"Democratic Revolution Party - Partido de la Revolucion Democratica (PRD)",216,"PRD","Party of the Democratic Revolution","Mexico"
"Ecological Green Party of Mexico",446,"PVEM","Ecologist Green Party of Mexico","Mexico"
"Ecologist Green Party of Mexico",446,"PVEM","Ecologist Green Party of Mexico","Mexico"
"Environmentalist Green Party - PVEM",446,"PVEM","Ecologist Green Party of Mexico","Mexico"
"Environmentalist Green Party - Partido Verde Ecologista de Mexico (PVEM)",446,"PVEM","Ecologist Green Party of Mexico","Mexico"
"Force for Mexico - Fuerza por Mexico (FXM)",,,,"Mexico"
"Humanist Party",7007,"PH","Humanist Party","Mexico"
"Institutional Revolutionary Party",1474,"PRI","National Revolutionary Party / Party of the Mexican Revolution / Institutional Revolutionary Party","Mexico"
"Institutional Revolutionary Party - PRI",1474,"PRI","National Revolutionary Party / Party of the Mexican Revolution / Institutional Revolutionary Party","Mexico"
"Institutional Revolutionary Party - Partido Revolucionario Institucional (PRI)",1474,"PRI","National Revolutionary Party / Party of the Mexican Revolution / Institutional Revolutionary Party","Mexico"
"Labor Party",1241,"PT","Labor Party","Mexico"
"Labour Party - PT",1241,"PT","Labor Party","Mexico"
"Labour Party - Partido del Trabajo (PT)",1241,"PT","Labor Party","Mexico"
"MORENA - Movimiento de Regeneracion Nacional (National Regeneration Movement)",6110,"MORENA","National Regeneration Movement","Mexico"
"MX: Alternativa Socialdemócrata (antes Alternativa Socialdem",810,"PSD","Social Democratic Party / Social Democratic and Peasant Alternative Party / Social Democratic Alternative Party","Mexico"
"MX: Convergencia",1331,"C/MC","Convergence / Citizens' Movement","Mexico"
"MX: Fuerza por México (FxM)",,,,"Mexico"
"MX: Independiente",,,,"Mexico"
"MX: Movimiento Regeneracion Nacional (MORENA)",6110,"MORENA","National Regeneration Movement","Mexico"
"MX: Movimiento Regeneración Nacional (MORENA)",6110,"MORENA","National Regeneration Movement","Mexico"
"MX: Movimiento ciudadano (MC)",1331,"C/MC","Convergence / Citizens' Movement","Mexico"
"MX: Partido Accion Nacional (PAN)",696,"PAN","National Action Party","Mexico"
"MX: Partido Acción Nacional (PAN)",696,"PAN","National Action Party","Mexico"
"MX: Partido Encuentro Social (PES)",6113,"PES","Social Encounter Party","Mexico"
"MX: Partido Nueva Alianza (PANAL)",1345,"PNA","New Alliance Party","Mexico"
"MX: Partido Popular Socialista (PPS)",1985,"PPS","Popular Socialist Party","Mexico"
"MX: Partido Revolucionario Institucional (PRI)",1474,"PRI","National Revolutionary Party / Party of the Mexican Revolution / Institutional Revolutionary Party","Mexico"
"MX: Partido Verde Ecologista de Mexico (PVEM)",446,"PVEM","Ecologist Green Party of Mexico","Mexico"
"MX: Partido Verde Ecologista de México (PVEM)",446,"PVEM","Ecologist Green Party of Mexico","Mexico"
"MX: Partido de Centro Democrático (PCD)",,,,"Mexico"
"MX: Partido de la Revolucion Democratica (PRD)",216,"PRD","Party of the Democratic Revolution","Mexico"
"MX: Partido de la Revolución Democrática (PRD)",216,"PRD","Party of the Democratic Revolution","Mexico"
"MX: Partido del Frente Cardenista de Reconstrucción Nacional",1984,"PFCRN","Party of the Cardenist Front of National Reconstruction","Mexico"
"MX: Partido del Trabajo (PT)",1241,"PT","Labor Party","Mexico"
"Mexican Democratic Party",4050,"PDM","Mexican Democratic Party","Mexico"
"Mexican Liberal Party",8603,"PL","Liberal Party","Mexico"
"Movimiento Ciudadano",1331,"C/MC","Convergence / Citizens' Movement","Mexico"
"Movimiento Ciudadano (Citizens' Movement)",1331,"C/MC","Convergence / Citizens' Movement","Mexico"
"Movimiento Ciudadano (Citizens' Movement)",1331,"C/MC","Convergence / Citizens' Movement","Mexico"
"Movimiento Ciudadano (Citizens' Movement)",1331,"C/MC","Convergence / Citizens' Movement","Mexico"
"Movimiento de Regeneracion Nacional",6110,"MORENA","National Regeneration Movement","Mexico"
"Movimiento de Regeneracion Nacional (National Regeneration Movement)",6110,"MORENA","National Regeneration Movement","Mexico"
"National Action Party",696,"PAN","National Action Party","Mexico"
"National Action Party - PAN",696,"PAN","National Action Party","Mexico"
"National Action Party - Partido Accion Nacional (PAN)",696,"PAN","National Action Party","Mexico"
"National Regeneration Movement",6110,"MORENA","National Regeneration Movement","Mexico"
"National Regeneration Movement - MORENA",6110,"MORENA","National Regeneration Movement","Mexico"
"National Regeneration Movement Party - Movimiento de Regeneracion Nacional (MORENA)",6110,"MORENA","National Regeneration Movement","Mexico"
"National Regenration Movement",6110,"MORENA","National Regeneration Movement","Mexico"
"New Alliance Party",1345,"PNA","New Alliance Party","Mexico"
"New Alliance Party - PANAL",1345,"PNA","New Alliance Party","Mexico"
"Nueva Alianza",1345,"PNA","New Alliance Party","Mexico"
"Nueva Alianza (New Alliance)",1345,"PNA","New Alliance Party","Mexico"
"PAN",696,"PAN","National Action Party","Mexico"
"PAN (Partido Acción Nacional)",696,"PAN","National Action Party","Mexico"
"PAN - Partido Accion Nacional (National Action Party)",696,"PAN","National Action Party","Mexico"
"PAN -National Action Party",696,"PAN","National Action Party","Mexico"
"PAN-PVEM Allianza pro el cambio",,,,"Mexico"
"PANAL",1345,"PNA","New Alliance Party","Mexico"
"PARM - Authentic Party of the Mexican Revolution",1989,"PARM","Authentic Party of the Mexican Revolution","Mexico"
"PASC",,,,"Mexico"
"PES - Partido Encuentro Social (Social Encounter Party)",6113,"PES","Social Encounter Party","Mexico"
"PRD",216,"PRD","Party of the Democratic Revolution","Mexico"
"PRD (Partido de la Revolución Democrática)",216,"PRD","Party of the Democratic Revolution","Mexico"
"PRD - Democratic Revolutionary Party",216,"PRD","Party of the Democratic Revolution","Mexico"
"PRD - Partido de la Revolucion Democratica (Party of the Democratic Revolution)",216,"PRD","Party of the Democratic Revolution","Mexico"
"PRD-PT-CD-PAS-PSN",,,,"Mexico"
"PRI",1474,"PRI","National Revolutionary Party / Party of the Mexican Revolution / Institutional Revolutionary Party","Mexico"
"PRI (Partido Revolucionario Institucional)",1474,"PRI","National Revolutionary Party / Party of the Mexican Revolution / Institutional Revolutionary Party","Mexico"
"PRI - Institutional Revolutionary Party",1474,"PRI","National Revolutionary Party / Party of the Mexican Revolution / Institutional Revolutionary Party","Mexico"
"PRI - Partido Revolucionario Institucional (Institutional Revolution Party)",1474,"PRI","National Revolutionary Party / Party of the Mexican Revolution / Institutional Revolutionary Party","Mexico"
"PT",1241,"PT","Labor Party","Mexico"
"PT (Partido del Trabajo)",1241,"PT","Labor Party","Mexico"
"PT - Partido del Trabajo (Labor Party)",1241,"PT","Labor Party","Mexico"
"PVEM",446,"PVEM","Ecologist Green Party of Mexico","Mexico"
"PVEM (Partido Verde Ecologista de México)",446,"PVEM","Ecologist Green Party of Mexico","Mexico"
"Partido Accion Nacional (National Action Party)",696,"PAN","National Action Party","Mexico"
"Partido Encuentro Social (Social Encounter Party)",6113,"PES","Social Encounter Party","Mexico"
"Partido Revolucionario Institucional (Institutional Revolution Party)",1474,"PRI","National Revolutionary Party / Party of the Mexican Revolution / Institutional Revolutionary Party","Mexico"
"Partido Verde Ecologista de Mexico",446,"PVEM","Ecologist Green Party of Mexico","Mexico"
"Partido Verde Ecologista de Mexico (Ecologist Green Party of Mexico)",446,"PVEM","Ecologist Green Party of Mexico","Mexico"
"Partido de la Revolucion Democratica",216,"PRD","Party of the Democratic Revolution","Mexico"
"Partido de la Revolucion Democratica (Party of the Democratic Revolution)",216,"PRD","Party of the Democratic Revolution","Mexico"
"Partido del Trabajo (Labor Party)",1241,"PT","Labor Party","Mexico"
"Party of the Democratic Center",,,,"Mexico"
"Party of the Democratic Revolution",216,"PRD","Party of the Democratic Revolution","Mexico"
"Party of the Nationalist Society",,,,"Mexico"
"Popular Socialist Party",1985,"PPS","Popular Socialist Party","Mexico"
"Popular Socialist Party (PPS)",1985,"PPS","Popular Socialist Party","Mexico"
"Possible Mexico",,,,"Mexico"
"Social Alliance Party",,,,"Mexico"
"Social Democracy",,,,"Mexico"
"Social Democratic Party",810,"PSD","Social Democratic Party / Social Democratic and Peasant Alternative Party / Social Democratic Alternative Party","Mexico"
"Social Democratic Party - PSD",810,"PSD","Social Democratic Party / Social Democratic and Peasant Alternative Party / Social Democratic Alternative Party","Mexico"
"Social Encounter - PES",6113,"PES","Social Encounter Party","Mexico"
"Social Encounter Party",6113,"PES","Social Encounter Party","Mexico"
"Solidarity Encounter Party - Partido Encuentro Solidario (PES)",6113,"PES","Social Encounter Party","Mexico"
"pan",696,"PAN","National Action Party","Mexico"
"panal",1345,"PNA","New Alliance Party","Mexico"
"parm",1989,"PARM","Authentic Party of the Mexican Revolution","Mexico"
"pcd",,,,"Mexico"
"prd",216,"PRD","Party of the Democratic Revolution","Mexico"
"pri",1474,"PRI","National Revolutionary Party / Party of the Mexican Revolution / Institutional Revolutionary Party","Mexico"
"psd",810,"PSD","Social Democratic Party / Social Democratic and Peasant Alternative Party / Social Democratic Alternative Party","Mexico"
"pt",1241,"PT","Labor Party","Mexico"
"pvem",446,"PVEM","Ecologist Green Party of Mexico","Mexico"
"'Moldova Noastra (Our Moldova)' Alliance",2259,"PAMN","Our Moldova Alliance","Moldova"
"Agrarian Party of Moldova",2262,"PDAM","Agrarian Democratic Party of Moldova","Moldova"
"Aliante tinerutelui democratic al Moldovei",,,,"Moldova"
"Asociatia Femeilor (AF)",5985,"AWM","Association of Women in Moldova","Moldova"
"Centrist Union of Moldova",3649,"UCM","Centrist Union of Moldova","Moldova"
"Christian Democratic People´s Party",2264,"CDPP","Christian Democratic People's Party","Moldova"
"Communist Party of Moldavia",6971,"PCM","Communist Party of Moldova","Moldova"
"Democratic Agrarian Party of Moldavia",2262,"PDAM","Agrarian Democratic Party of Moldova","Moldova"
"Democratic Party of Moldavia",2265,"PDM","Democratic Party of Moldova","Moldova"
"Democratic Party of Moldova",2265,"PDM","Democratic Party of Moldova","Moldova"
"Environmental Party of Moldova Green Alliance",,,,"Moldova"
"Fostilor Detinuti Pol/Victimelor Reg. Total.Com (AFDP/AVRTC)",,,,"Moldova"
"Frontul popular crestin-democratic (FPCD)",,,,"Moldova"
"Independent Alliance of Republic of Moldavia",,,,"Moldova"
"Labor Union 'Patria-Rodina'",,,,"Moldova"
"Liberal Democrat Party from Moldova",2271,"PLDM","Liberal Democratic Party of Moldova","Moldova"
"Liberal Party",2272,"PL","Liberal Party","Moldova"
"Liberal Party (Partidul liberal al Moldovei)",2272,"PL","Liberal Party","Moldova"
"Liga Nationala a Tineretului Moldovei",,,,"Moldova"
"Liga democrat - crestina a femeielor Moldovei",,,,"Moldova"
"Liga pedagogilor Moldovei",,,,"Moldova"
"MD - Social Democracy Party of Moldova",2555,"PSD","Social Democratic Party","Moldova"
"Miscarea de egalitate aUnitate-Edinstvoa (UE)",6503,"MUE","Unity Movement for Equality in Rights","Moldova"
"Miscarea demokratica aDemnitateaa",,,,"Moldova"
"Miscarea pacifistilor Moldovei",,,,"Moldova"
"Miscarea social-politca emeia Moldovei",5985,"AWM","Association of Women in Moldova","Moldova"
"Moldova Noastra (Our Moldova) Alliance",2259,"PAMN","Our Moldova Alliance","Moldova"
"National FarmersParty (Partidul national crestin)",,,,"Moldova"
"National Liberal Party",3650,"PNL","National Liberal Party of Moldova","Moldova"
"National Rustic Christian Democratic Party",8763,"PTCD/PN","Partidul Țărănesc Creștin Democrat din Moldova / Partidul Nostru","Moldova"
"New Force Social-Political Movement",,,,"Moldova"
"New National Moldovan Party",,,,"Moldova"
"Organizatia Tineretului Crestin-Democrat (OTCD)",,,,"Moldova"
"Organizatia radical-democratica a tineretului Moldovei",,,,"Moldova"
"Partidul Democrat Agrar din Moldova (PDAM)",2262,"PDAM","Agrarian Democratic Party of Moldova","Moldova"
"Partidul Ecologist/Alianta Verde (AVE)",,,,"Moldova"
"Partidul Social Democrat (PSD)",2555,"PSD","Social Democratic Party","Moldova"
"Partidul Socialist al Moldovei (PS)",2551,"PSM","Socialist Party of Moldova","Moldova"
"Partidul actiunii socialiste",,,,"Moldova"
"Partidul centrist democratic al renasterii",,,,"Moldova"
"Partidul comunist al Republicii Moldova",2260,"PCRM","Party of Communists of the Republic of Moldova","Moldova"
"Partidul crestin-democratic taranesc al Moldovei",8763,"PTCD/PN","Partidul Țărănesc Creștin Democrat din Moldova / Partidul Nostru","Moldova"
"Partidul fortelor democrate a Republicii",2261,"PFD","Party of Democratic Forces","Moldova"
"Partidul fortelor progresiste a Moldovei",,,,"Moldova"
"Partidul national-crestin al Moldovei",,,,"Moldova"
"Partidul popular al gagausilor",,,,"Moldova"
"Partidul progresului social al Moldovei",,,,"Moldova"
"Partidul reformelor",,,,"Moldova"
"Partidul renasterii economice a Moldovei",,,,"Moldova"
"Partidul renasterii si al concilierii Moldovei",4119,"PRCM","Party of Rebirth and Conciliation of Moldova","Moldova"
"Party of Communists of Moldova",2260,"PCRM","Party of Communists of the Republic of Moldova","Moldova"
"Party of Communists of the Republic of Moldova",2260,"PCRM","Party of Communists of the Republic of Moldova","Moldova"
"Party of Democratic Forces",2261,"PFD","Party of Democratic Forces","Moldova"
"Party of Rebirth and Conciliation of Moldova",4119,"PRCM","Party of Rebirth and Conciliation of Moldova","Moldova"
"Party of Socialists of the Republic of Moldova Patria-Rodina",2553,"PSRM","Party of Socialists of the Republic of Moldova","Moldova"
"Party of Spiritual Development Moldova Unita (United Moldova)",,,,"Moldova"
"People s Christian Democratic Party",2264,"CDPP","Christian Democratic People's Party","Moldova"
"Popular Christian Democratic Party",2264,"CDPP","Christian Democratic People's Party","Moldova"
"Professionals Movement Speranta-Nadejda",,,,"Moldova"
"Republican Party (Partidul republican al Moldovei)",,,,"Moldova"
"Republican Popular Party",,,,"Moldova"
"Social - Liberal Party",2552,"PSL","Social Liberal Party","Moldova"
"Social Democratic Alliance of Moldova",,,,"Moldova"
"Social Democratic Party",2555,"PSD","Social Democratic Party","Moldova"
"Social Democratic Party of Moldavia",2555,"PSD","Social Democratic Party","Moldova"
"Social Liberal Party",2552,"PSL","Social Liberal Party","Moldova"
"Social Political Movement of the Roma",,,,"Moldova"
"Social-Democratic Party of Moldova",2555,"PSD","Social Democratic Party","Moldova"
"Socialist Party of Moldova",2551,"PSM","Socialist Party of Moldova","Moldova"
"Socio-political Movement Forta Noua (New Force)",,,,"Moldova"
"Socio-political Movement Ravnopravie (Equality)",3180,"Rav/SOR","Republican Socio-Political Movement ""Equality"" / Sor Party","Moldova"
"Socio-political Movement for Nation and Country",,,,"Moldova"
"Socio-political Republican Movement 'Ravnopravie'",3180,"Rav/SOR","Republican Socio-Political Movement ""Equality"" / Sor Party","Moldova"
"Union of Youth (Uniunea tuneretului Moldovei)",,,,"Moldova"
"Unity Movement for Equality in Rights",6503,"MUE","Unity Movement for Equality in Rights","Moldova"
"AN",2321,"AN","Democratic Party","Mongolia"
"Civil Will–Green Party",2468,"IZN","Civil Will-Green Party","Mongolia"
"Democratic Party",2321,"AN","Democratic Party","Mongolia"
"Democratic Party(Kh.Battulga)",2321,"AN","Democratic Party","Mongolia"
"IZ-BNN",2468,"IZN","Civil Will-Green Party","Mongolia"
"MAHN",2322,"MAN","Mongolian People's [Revolutionary] Party","Mongolia"
"MAShSN",4902,"EON/MASSN","Motherland Party / Mongolian Democratic New Socialist Party","Mongolia"
"Mongolian People's Party",2322,"MAN","Mongolian People's [Revolutionary] Party","Mongolia"
"Mongolian People's Party(M.Enkhbold)",2322,"MAN","Mongolian People's [Revolutionary] Party","Mongolia"
"Mongolian People's Revolutionary Party",7623,"MAKN","Mongolian People's Revolutionary Party (2010)","Mongolia"
"National Labor Party",,,,"Mongolia"
"Albanian Alternative",5661,"AA","Albanian Alternative","Montenegro"
"Albanian alernativa - AA",5661,"AA","Albanian Alternative","Montenegro"
"Albanian parties",,,,"Montenegro"
"Albanska alternativa (AA)",5661,"AA","Albanian Alternative","Montenegro"
"Bosniak Democratic Union in Montenegro",,,,"Montenegro"
"Bosniak Party",3255,"BS","Bosniak Party","Montenegro"
"Bosniak Party - BS",3255,"BS","Bosniak Party","Montenegro"
"Bosniak's party",3255,"BS","Bosniak Party","Montenegro"
"Bošnjačka stranka (BS)",3255,"BS","Bosniak Party","Montenegro"
"Civic Movement - United Reform Action",5468,"URA","United Reformist Action","Montenegro"
"Croatian Civic Initiative",3253,"HGI","Croatian Civic Initiative","Montenegro"
"Croatian Civic Initiative HGI",3253,"HGI","Croatian Civic Initiative","Montenegro"
"Croatian civic initiative",3253,"HGI","Croatian Civic Initiative","Montenegro"
"DEMOS",5467,"DEMOS","Democratic Alliance","Montenegro"
"Democratic Alliance - DEMOS",5467,"DEMOS","Democratic Alliance","Montenegro"
"Democratic Alliance in Montenegro",,,,"Montenegro"
"Democratic Front",6087,"DF","Democratic Front","Montenegro"
"Democratic Montenegro",5469,"DCG","Democratic Montenegro","Montenegro"
"Democratic Party",,,,"Montenegro"
"Democratic Party of Socialists",3162,"DPS","Democratic Party of Socialists of Montenegro","Montenegro"
"Democratic Party of Socialists DPS",3162,"DPS","Democratic Party of Socialists of Montenegro","Montenegro"
"Democratic Party of Socialists of Montenegro",3162,"DPS","Democratic Party of Socialists of Montenegro","Montenegro"
"Democratic Union of Albanians",3250,"DUA","Democratic Union of Albanians","Montenegro"
"Democratic Union of Albanians - DUA",3250,"DUA","Democratic Union of Albanians","Montenegro"
"Democratic front",6087,"DF","Democratic Front","Montenegro"
"Democratic party of socialists",3162,"DPS","Democratic Party of Socialists of Montenegro","Montenegro"
"Democratic union of of Albanians",3250,"DUA","Democratic Union of Albanians","Montenegro"
"Demokratska Crna Gora - DEMOKRATE",5469,"DCG","Democratic Montenegro","Montenegro"
"Demokratska partija socijalista (DPS)",3162,"DPS","Democratic Party of Socialists of Montenegro","Montenegro"
"Demokratska unija Albanaca (DUA)",3250,"DUA","Democratic Union of Albanians","Montenegro"
"Demokratski front (DF)",6087,"DF","Democratic Front","Montenegro"
"Demokratski savez DEMOS",5467,"DEMOS","Democratic Alliance","Montenegro"
"FORCA",3251,"FORCA","New Democratic Force","Montenegro"
"Force for Unity",,,,"Montenegro"
"Liberal Alliance of Montenegro",3164,"LSCG","Liberal Alliance of Montenegro","Montenegro"
"Liberal Party",4768,"LPCG","Liberal Party of Montenegro","Montenegro"
"Liberal Party of Monten- egro - LPCG",4768,"LPCG","Liberal Party of Montenegro","Montenegro"
"Liberal party of Montenegro",4768,"LPCG","Liberal Party of Montenegro","Montenegro"
"Montenegrin (party)",,,,"Montenegro"
"Movement for Changes - RCC",4766,"PzP","Movement for Changes","Montenegro"
"Muslim parties",,,,"Montenegro"
"New Democratic Power - Forca",3251,"FORCA","New Democratic Force","Montenegro"
"People's Party",3645,"NS","People's Party","Montenegro"
"People's Party - NS",3645,"NS","People's Party","Montenegro"
"People's Socialist Party of Montenegro - NS",3645,"NS","People's Party","Montenegro"
"Positive Montenegro",4767,"PCG","Positive Montenegro","Montenegro"
"Prava Crna Gora",6974,"PNS","True People's Party","Montenegro"
"Serbian People's Party",5486,"SNS","Serbian People's Party","Montenegro"
"Serbian People's Party - SNS",5486,"SNS","Serbian People's Party","Montenegro"
"Serbian Radical Party Dr. Vojislav Seselj - SRS",3161,"SSR","Party of Serb Radicals","Montenegro"
"Social Democratic Party - SDP",3185,"SDPCG","Social Democratic Party of Montenegro","Montenegro"
"Social Democratic Party of Montenegro",3185,"SDPCG","Social Democratic Party of Montenegro","Montenegro"
"Social Democrats of Montenegro",5470,"SDCG","Social Democrats of Montenegro","Montenegro"
"Socialdemocratic party",3185,"SDPCG","Social Democratic Party of Montenegro","Montenegro"
"Socialdemocrats of Montenegro",5470,"SDCG","Social Democrats of Montenegro","Montenegro"
"Socialist People's Party",3104,"SNP-CG","Socialist People's Party of Montenegro","Montenegro"
"Socialist People's Party - SNP",3104,"SNP-CG","Socialist People's Party of Montenegro","Montenegro"
"Socialist People's Party of Montenegro",3104,"SNP-CG","Socialist People's Party of Montenegro","Montenegro"
"Socialist Peoples Party of Montenegro",3104,"SNP-CG","Socialist People's Party of Montenegro","Montenegro"
"Socialist people's party",3104,"SNP-CG","Socialist People's Party of Montenegro","Montenegro"
"Socijaldemokrate Crne Gore (SD)",5470,"SDCG","Social Democrats of Montenegro","Montenegro"
"Socijaldemokratska partija (SDP)",3185,"SDPCG","Social Democratic Party of Montenegro","Montenegro"
"Socijalistička narodna partija (SNP)",3104,"SNP-CG","Socialist People's Party of Montenegro","Montenegro"
"True Montenegro",6974,"PNS","True People's Party","Montenegro"
"Ujedinjena reformska akcija (URA)",5468,"URA","United Reformist Action","Montenegro"
"United Montenegro",,,,"Montenegro"
"United reform action",5468,"URA","United Reformist Action","Montenegro"
"Al Ahd - The Covenant Party",7889,"AA","Covenant Party","Morocco"
"Al Shurra and Istiklal Party",,,,"Morocco"
"Alliance of the Left Federation",,,,"Morocco"
"Annajah Addimoqrati Party",,,,"Morocco"
"Authenticity and Modernity Party",5325,"AMP","Authenticity and Modernity Party","Morocco"
"Authenticity and Modernity Party (PAM)",5325,"AMP","Authenticity and Modernity Party","Morocco"
"Authenticity and Modernity Party (Pam)",5325,"AMP","Authenticity and Modernity Party","Morocco"
"Constitutional Union",5323,"UC","Constitutional Union","Morocco"
"Constitutional Union (U.C)",5323,"UC","Constitutional Union","Morocco"
"Constitutional Union (UC)",5323,"UC","Constitutional Union","Morocco"
"Democratic Socialist Party",,,,"Morocco"
"Democratic Socialist Vanguard Party",,,,"Morocco"
"Democratic and Social Movement",5705,"MDS","Democratic and Social Movement","Morocco"
"Environment and Development Party (PED)",,,,"Morocco"
"Front of Democratic Forces",8714,"FFD","Front of Democratic Forces","Morocco"
"Istiqlal Party",2482,"I","Istiqlal / Independence Party","Morocco"
"Istiqlal Party (P.I)",2482,"I","Istiqlal / Independence Party","Morocco"
"Istiqlal Party (PI)",2482,"I","Istiqlal / Independence Party","Morocco"
"Istiqlal Party PI Hizb Al-Istiqlal -- Parti de l'Istiqlal",2482,"I","Istiqlal / Independence Party","Morocco"
"Justice and Development Party",2479,"PJD","Justice and Development Party","Morocco"
"Justice and Development Party (PJD)",2479,"PJD","Justice and Development Party","Morocco"
"MDS",5705,"MDS","Democratic and Social Movement","Morocco"
"Moroccan Liberal Party",,,,"Morocco"
"Mouvement démocratique et social (MDS)",5705,"MDS","Democratic and Social Movement","Morocco"
"Mouvement populaire (MP)",2481,"MP","Popular Movement","Morocco"
"National Assembly Ittihadi (C.N.I)",,,,"Morocco"
"National Ittihadi Congress",,,,"Morocco"
"National Rally of Independents",2480,"RNI","National Rally of Independents","Morocco"
"National Rally of Independents (R.N.I)",2480,"RNI","National Rally of Independents","Morocco"
"National Rally of Independents (RNI)",2480,"RNI","National Rally of Independents","Morocco"
"PAM",5325,"AMP","Authenticity and Modernity Party","Morocco"
"PJD",2479,"PJD","Justice and Development Party","Morocco"
"PPSF",,,,"Morocco"
"PSU",,,,"Morocco"
"Parti authenticité et modernité (PAM)",5325,"AMP","Authenticity and Modernity Party","Morocco"
"Parti de l'Istiqlal (PI)",2482,"I","Istiqlal / Independence Party","Morocco"
"Parti de la justice et du développement (PJD)",2479,"PJD","Justice and Development Party","Morocco"
"Parti du progrès et du socialisme (PPS)",6220,"PPS","Progress and Socialism","Morocco"
"Party of Authenticity and Modernity",5325,"AMP","Authenticity and Modernity Party","Morocco"
"Party of Democratic Society",,,,"Morocco"
"Party of Freedom and Social Justice",,,,"Morocco"
"Party of Justice and Development",2479,"PJD","Justice and Development Party","Morocco"
"Party of Justice and Development (P.J.D)",2479,"PJD","Justice and Development Party","Morocco"
"Party of Liberty and Social Justice",,,,"Morocco"
"Party of Progress and Socialism",6220,"PPS","Progress and Socialism","Morocco"
"Party of Progress and Socialism (P.P.S)",6220,"PPS","Progress and Socialism","Morocco"
"Party of Progress and Socialism (PPS)",6220,"PPS","Progress and Socialism","Morocco"
"Party of Reform and Development",,,,"Morocco"
"Party of Renaissance and Virtue",,,,"Morocco"
"Party of Renewal and Equity (P.R.E)",,,,"Morocco"
"Party of Social Center (Pc)",,,,"Morocco"
"Party of Socialist Unity (P.S.U)",,,,"Morocco"
"Party of the Democratic Socialist Avan -Garde (Pads)",,,,"Morocco"
"Party of the Environment and Development",,,,"Morocco"
"People's Party",,,,"Morocco"
"Popular Movement",2481,"MP","Popular Movement","Morocco"
"Popular Movement (M.P)",2481,"MP","Popular Movement","Morocco"
"Popular Movement (MP)",2481,"MP","Popular Movement","Morocco"
"RNI",2480,"RNI","National Rally of Independents","Morocco"
"Rassemblement national des indépendants (RNI)",2480,"RNI","National Rally of Independents","Morocco"
"Social Democratic Movement (M.D.S)",5705,"MDS","Democratic and Social Movement","Morocco"
"Social and Democratic Movement (MDS)",5705,"MDS","Democratic and Social Movement","Morocco"
"Socialist Party",,,,"Morocco"
"Socialist Union of Popular Forces",2324,"USFP","Socialist Union of Popular Forces","Morocco"
"Socialist Union of Popular Forces (U.S.F.P)",2324,"USFP","Socialist Union of Popular Forces","Morocco"
"Socialist Union of Popular Forces (USFP)",2324,"USFP","Socialist Union of Popular Forces","Morocco"
"Socialist Union of Popular Forces (USSP)",2324,"USFP","Socialist Union of Popular Forces","Morocco"
"Socialist Union of Popular Forces USFP Union Socialiste des Forces Populaires -- Al-Ittihad Al-Ishtirakiy Lilqawat Al-Sha'abiyah",2324,"USFP","Socialist Union of Popular Forces","Morocco"
"The Authenticity and Modernity Party",5325,"AMP","Authenticity and Modernity Party","Morocco"
"The Authenticity and Modernity Party  (PAM)",5325,"AMP","Authenticity and Modernity Party","Morocco"
"The Constitutional Union",5323,"UC","Constitutional Union","Morocco"
"The Constitutional Union (UC)",5323,"UC","Constitutional Union","Morocco"
"The Constitutional Union - UC (Arabic:   Al-Etihad Al-Dosturi, French: Union constitutionelle)",5323,"UC","Constitutional Union","Morocco"
"The Istiqlal or Independence Party - PI (Arabic:   Hizb Al-Istiqlal, French: Parti de l'Istiqlal)",2482,"I","Istiqlal / Independence Party","Morocco"
"The Justice and Development Party",2479,"PJD","Justice and Development Party","Morocco"
"The Justice and Development Party (PJD)",2479,"PJD","Justice and Development Party","Morocco"
"The Justice and Development Party - PJD (Arabic:    Hizb Al-Adalah Wal-Tanmiyah, French: Parti de la justice et du developpement)",2479,"PJD","Justice and Development Party","Morocco"
"The National Rally of Independents",2480,"RNI","National Rally of Independents","Morocco"
"The National Rally of Independents (RNI)",2480,"RNI","National Rally of Independents","Morocco"
"The National Rally of Independents - RNI (Arabic:    At-Tajammou Al-Watani Lil-ahrar; French: Rassemblement National des Independants)",2480,"RNI","National Rally of Independents","Morocco"
"The Party of Progress and Socialism - PPS (Arabic:    Hizb Al-Taqadoum Wal-Ishtirakiyeh; French: Parti du Progres et du Socialisme)",6220,"PPS","Progress and Socialism","Morocco"
"The Party of Renaissance and Virtue",,,,"Morocco"
"The Party of the Civilizational Alternative",,,,"Morocco"
"The Popular Movement",2481,"MP","Popular Movement","Morocco"
"The Popular Movement  (MP)",2481,"MP","Popular Movement","Morocco"
"The Popular Movement - MP (Arabic:   Al-Haraket Al-Sha'ebiya French: Mouvement populaire)",2481,"MP","Popular Movement","Morocco"
"The Socialist Union of Popular Forces - USFP (Arabic:     Al-Ittihad Al-Ishtirakiy Lilqawat Al-Sha'abiyah, French: Union Socialiste des Forces Populaires)",2324,"USFP","Socialist Union of Popular Forces","Morocco"
"UC",5323,"UC","Constitutional Union","Morocco"
"USFP",2324,"USFP","Socialist Union of Popular Forces","Morocco"
"Unified Socialist Party",,,,"Morocco"
"Unified Socialist Party (PSU)",,,,"Morocco"
"Union constitutionnelle (UC)",5323,"UC","Constitutional Union","Morocco"
"Union of Socialist Popular Forces",2324,"USFP","Socialist Union of Popular Forces","Morocco"
"Union socialiste des forces populaires (USFP)",2324,"USFP","Socialist Union of Popular Forces","Morocco"
"Unity and Decmocracy Party",,,,"Morocco"
"FRELIMO",2314,"FRELIMO","Liberation Front of Mozambique","Mozambique"
"Frelimo",2314,"FRELIMO","Liberation Front of Mozambique","Mozambique"
"Frelimo (Frente de Libertação de Moçambique)",2314,"FRELIMO","Liberation Front of Mozambique","Mozambique"
"Front of Liberation of Mozambique (Frelimo)",2314,"FRELIMO","Liberation Front of Mozambique","Mozambique"
"MDM",3813,"MDM","Democratic Movement of Mozambique","Mozambique"
"MDM (Movimento Democrático Moçambicano)",3813,"MDM","Democratic Movement of Mozambique","Mozambique"
"National Resistence of Mozambique (Renamo)",2315,"RENAMO","Mozambican National Resistance","Mozambique"
"PALMO",,,,"Mozambique"
"PASOMO",,,,"Mozambique"
"PCN",,,,"Mozambique"
"PDD",3555,"PPDD","Party for Peace, Democracy and Development","Mozambique"
"PDD (Partido para Paz, Democracia e Desenvolvimento)",3555,"PPDD","Party for Peace, Democracy and Development","Mozambique"
"PIMO",,,,"Mozambique"
"PIMO (Partido Independente Moçambicano)",,,,"Mozambique"
"Partido para a Paz, democracia e Desenselvolvimeto (PDD)",3555,"PPDD","Party for Peace, Democracy and Development","Mozambique"
"RENAMO",2315,"RENAMO","Mozambican National Resistance","Mozambique"
"Renamo",2315,"RENAMO","Mozambican National Resistance","Mozambique"
"Renamo (Resistência Nacional de Moçambique)",2315,"RENAMO","Mozambican National Resistance","Mozambique"
"SOL",,,,"Mozambique"
"88 Generation Student Youths ( Union of Myanmar)",,,,"Myanmar (Burma)"
"Arakan National Party",5970,"ANP","Arakan National Party","Myanmar (Burma)"
"Arakanese National Party (ANP)",5970,"ANP","Arakan National Party","Myanmar (Burma)"
"Arakanese National Party(ANP)",5970,"ANP","Arakan National Party","Myanmar (Burma)"
"Chin National Democracy Party",,,,"Myanmar (Burma)"
"Kayan national Party",,,,"Myanmar (Burma)"
"Kokang Democratic and unity Party",,,,"Myanmar (Burma)"
"Myanmar Farmers' Development Party",,,,"Myanmar (Burma)"
"Myanmar farmers development Party",,,,"Myanmar (Burma)"
"National Democratic Force",5972,"NDF","United Democratic Front","Myanmar (Burma)"
"National Democratic Force (NDF)",5972,"NDF","United Democratic Front","Myanmar (Burma)"
"National League for Democracy",5973,"NLD","National League for Democracy","Myanmar (Burma)"
"National League for Democracy(NLD)",5973,"NLD","National League for Democracy","Myanmar (Burma)"
"National Unity Party (NUP)",5974,"NUP","National Unity Party","Myanmar (Burma)"
"National Unity Party(NUP)",5974,"NUP","National Unity Party","Myanmar (Burma)"
"Pa-O National Organization",,,,"Myanmar (Burma)"
"Phalon-Sawaw Democratic Party",,,,"Myanmar (Burma)"
"Rakhine national development party ( RNDP)",5977,"RNDP","Rakhine Nationalities Development Party","Myanmar (Burma)"
"Shan Nationalities Democratic Party",5975,"SNDP","Shan Nationalities Democratic Party","Myanmar (Burma)"
"Shan Nationalities Democratic Party(SNDP)",5975,"SNDP","Shan Nationalities Democratic Party","Myanmar (Burma)"
"Shan Nationality League for Democracy",,,,"Myanmar (Burma)"
"Ta'ang National Party",,,,"Myanmar (Burma)"
"Tailai(Red Shan) Nationalities Development Party",,,,"Myanmar (Burma)"
"Union Solidarity and Development Party",5818,"USDP","Union Solidarity and Development Party","Myanmar (Burma)"
"Union Solidarity and Development Party (USDP)",5818,"USDP","Union Solidarity and Development Party","Myanmar (Burma)"
"Union Solidarity and Development Party(USDP)",5818,"USDP","Union Solidarity and Development Party","Myanmar (Burma)"
"cnp",,,,"Myanmar (Burma)"
"APP (All People's Party)",5642,"APP","All People's Party","Namibia"
"APP (All People's Party)",5642,"APP","All People's Party","Namibia"
"APP (All People's Party)",5642,"APP","All People's Party","Namibia"
"All People's Party (APP)",5642,"APP","All People's Party","Namibia"
"COD (Congress of Democrats)",2358,"CD","Congress of Democrats","Namibia"
"CoD (Congress of Democrats)",2358,"CD","Congress of Democrats","Namibia"
"Communist Party",,,,"Namibia"
"Congress of Democrats",2358,"CD","Congress of Democrats","Namibia"
"Congress of Democrats (COD)",2358,"CD","Congress of Democrats","Namibia"
"Congress of Democrats (CoD)",2358,"CD","Congress of Democrats","Namibia"
"Contress of Democrats (CoD)",2358,"CD","Congress of Democrats","Namibia"
"DCN",,,,"Namibia"
"DPN (Democratic Party of Namibia)",,,,"Namibia"
"DTA",2356,"DTA/PDM","Democratic Turnhalle Alliance / Popular Democratic Movement","Namibia"
"DTA (DTA of Namibia)",2356,"DTA/PDM","Democratic Turnhalle Alliance / Popular Democratic Movement","Namibia"
"DTA of Namibia",2356,"DTA/PDM","Democratic Turnhalle Alliance / Popular Democratic Movement","Namibia"
"DTA of Namibia (DTA)",2356,"DTA/PDM","Democratic Turnhalle Alliance / Popular Democratic Movement","Namibia"
"DTA of Namibia (Democratic Turnhalle Alliance)",2356,"DTA/PDM","Democratic Turnhalle Alliance / Popular Democratic Movement","Namibia"
"Democratic Turnhalle Alliance (DTA)",2356,"DTA/PDM","Democratic Turnhalle Alliance / Popular Democratic Movement","Namibia"
"FCN",,,,"Namibia"
"IPC (Independent Patriots for Change)",9150,"IPC","Independent Patriots for Change","Namibia"
"LPM (Landless People's Movement)",,,"|","Namibia"
"MAG",,,,"Namibia"
"MAG (Monitor Action Group",,,,"Namibia"
"MAG (Monitor Action Group)",,,,"Namibia"
"Monitor Action Group (MAG)",,,,"Namibia"
"NDMC (Namibia Democratic Movement for Change)",,,,"Namibia"
"NDP (National Democratic Party of Namibia)",,,,"Namibia"
"NDP (National Democratic Party)",,,,"Namibia"
"NEFC (National Empowerment Fighting Corruption",,,,"Namibia"
"NEFF (Namibia Economic Freedom Fighters)",,,,"Namibia"
"NUDO (National Unity Democratic Organisation of Namibia)",2357,"NUDO","National Unity Democratic Organisation","Namibia"
"Namibia Democratic Movement for Change (NDMC)",,,,"Namibia"
"National Democratic Party of Namibia (NDPD)",,,,"Namibia"
"National Patriotic Front of Namibia",,,,"Namibia"
"National Unity Democratic Group (Nudo)",2357,"NUDO","National Unity Democratic Organisation","Namibia"
"National Unity Democratic Organisation of Namibia (NUDO)",2357,"NUDO","National Unity Democratic Organisation","Namibia"
"Nudo (National Unity Democratic Organisation of Namibia)",2357,"NUDO","National Unity Democratic Organisation","Namibia"
"PDM (Popular Democratic Movement)",2356,"DTA/PDM","Democratic Turnhalle Alliance / Popular Democratic Movement","Namibia"
"RDP (Rally for Democracy and Progress)",4895,"RDP","Rally for Democracy and Progress","Namibia"
"RP (Republican Party of Namibia",5641,"RP","Republican Party","Namibia"
"RP (Republican Party of Namibia)",5641,"RP","Republican Party","Namibia"
"Rally for Democracy and Progress (RDP)",4895,"RDP","Rally for Democracy and Progress","Namibia"
"Republican Party (RP)",5641,"RP","Republican Party","Namibia"
"Republican Party of Namibia (RP)",5641,"RP","Republican Party","Namibia"
"Ruling party",,,,"Namibia"
"SWANU",8524,"SWANU","South West Africa National Union","Namibia"
"SWANU (Swanu of Namibia)",8524,"SWANU","South West Africa National Union","Namibia"
"SWAPO",2331,"SWAPO","Suidwes-Afrikaanse Volks Organisasie","Namibia"
"SWAPO (SWAPO Party of Namibia)",2331,"SWAPO","Suidwes-Afrikaanse Volks Organisasie","Namibia"
"SWAPO (Swapo Party of Namibia)",2331,"SWAPO","Suidwes-Afrikaanse Volks Organisasie","Namibia"
"SWAPO Party",2331,"SWAPO","Suidwes-Afrikaanse Volks Organisasie","Namibia"
"SWAPO of Namibia (SWAPO)",2331,"SWAPO","Suidwes-Afrikaanse Volks Organisasie","Namibia"
"South West African National Union (SWANU)",8524,"SWANU","South West Africa National Union","Namibia"
"Swanu  of Namibia (South West African National Union)",8524,"SWANU","South West Africa National Union","Namibia"
"Swanu of Namibia (SWANU)",8524,"SWANU","South West Africa National Union","Namibia"
"UDF (United Democratic Front of Namibia)",2355,"UDF","United Democratic Front","Namibia"
"UPM (United People's Movement)",,,"|","Namibia"
"United Democratic Front",2355,"UDF","United Democratic Front","Namibia"
"United Democratic Front (UDF)",2355,"UDF","United Democratic Front","Namibia"
"United Democratic Front of Namibia (UDF)",2355,"UDF","United Democratic Front","Namibia"
"United People's Movement (UPM)",,,,"Namibia"
"Workers Revolutionary Party",,,,"Namibia"
" CALVINIST POLITICAL FEDERATION <RPF>",172,"RPF","Reformatory Political Federation","Netherlands"
"'Liberal' - VVD",828,"VVD","People's Party for Freedom and Democracy","Netherlands"
"'Liberal' Conservative-VVD",828,"VVD","People's Party for Freedom and Democracy","Netherlands"
"'Liberal' Democrats - D66",45,"D66","Democrats 66","Netherlands"
"'Liberal' Democrats-D66",45,"D66","Democrats 66","Netherlands"
"50PLUS",714,"50+","50PLUS","Netherlands"
"50PLUS (50+)",714,"50+","50PLUS","Netherlands"
"50Plus",714,"50+","50PLUS","Netherlands"
"Animal Rights Party",1467,"PvdD","Party for the Animals","Netherlands"
"Animal Rights Party - Partij van de Dieren",1467,"PvdD","Party for the Animals","Netherlands"
"Animal Rights Party - Partij voor de Dieren",1467,"PvdD","Party for the Animals","Netherlands"
"Article 1",,,,"Netherlands"
"Artikel1/Bij1",,,,"Netherlands"
"BIJ1",,,,"Netherlands"
"BIJ1 (BIJ1)",,,,"Netherlands"
"Belang van Nederland",9106,"BVNL","Interest of the Netherlands","Netherlands"
"Belang van Nederland (BVN)",9106,"BVNL","Interest of the Netherlands","Netherlands"
"Bij1",,,,"Netherlands"
"Boer burger beweging (BBB)",9010,"BBB","Farmer-Citizen Movement","Netherlands"
"BoerBurgerBeweging",9010,"BBB","Farmer-Citizen Movement","Netherlands"
"CALVINIST POLITICAL ALLIANCE <GPV>",1602,"GPV","Reformed Political League","Netherlands"
"CALVINIST STATE PARTY <SGP>",1178,"SGP","Reformed Political Party","Netherlands"
"CDA",1157,"CDA","Christian Democratic Appeal","Netherlands"
"CENTRUM DEMOCRATS  <CD- CENTRUMDEMOCRATEN>",1472,"CD","Centre Democrats","Netherlands"
"CHRISTIAN DEMOCRATIC APPEAL <CDA>",1157,"CDA","Christian Democratic Appeal","Netherlands"
"Calvin.Pol.Federation <RPF>",172,"RPF","Reformatory Political Federation","Netherlands"
"Calvinist Pol.Alliance <GPV>",1602,"GPV","Reformed Political League","Netherlands"
"Calvinist Political P",1459,"CU","ChristianUnion","Netherlands"
"Calvinist Political Prty-CU",1459,"CU","ChristianUnion","Netherlands"
"Calvinist State Party",1178,"SGP","Reformed Political Party","Netherlands"
"Calvinist State Party <SGP>",1178,"SGP","Reformed Political Party","Netherlands"
"Calvinist State Prty-SGP",1178,"SGP","Reformed Political Party","Netherlands"
"Centre Democrats",1472,"CD","Centre Democrats","Netherlands"
"Centrum Democrats",1472,"CD","Centre Democrats","Netherlands"
"Centrum Democrats-CD",1472,"CD","Centre Democrats","Netherlands"
"Centrumdemocraten-Center Democrats (Right-wing)",1472,"CD","Centre Democrats","Netherlands"
"Centrumpartij",960,"CP","Centre Party","Netherlands"
"Christen Democrats - CDA",1157,"CDA","Christian Democratic Appeal","Netherlands"
"ChristenUnie",1459,"CU","ChristianUnion","Netherlands"
"Christian Democratic",1157,"CDA","Christian Democratic Appeal","Netherlands"
"Christian Democratic Appeal",1157,"CDA","Christian Democratic Appeal","Netherlands"
"Christian Democratic Appeal - Christen-Democratisch Appel (CDA)",1157,"CDA","Christian Democratic Appeal","Netherlands"
"Christian Democratic Appeal <CDA>",1157,"CDA","Christian Democratic Appeal","Netherlands"
"Christian Democratic Party",1157,"CDA","Christian Democratic Appeal","Netherlands"
"Christian Democratic Party - CDA",1157,"CDA","Christian Democratic Appeal","Netherlands"
"Christian Democratic-CDA",1157,"CDA","Christian Democratic Appeal","Netherlands"
"Christian Democrats - CDA",1157,"CDA","Christian Democratic Appeal","Netherlands"
"Christian Democrats-CDA",1157,"CDA","Christian Democratic Appeal","Netherlands"
"Christian Union",1459,"CU","ChristianUnion","Netherlands"
"Christian Union (ChristenUnie)",1459,"CU","ChristianUnion","Netherlands"
"Christian Union (Protestant) Party",1459,"CU","ChristianUnion","Netherlands"
"Christian Union - ChristenUnie (CU)",1459,"CU","ChristianUnion","Netherlands"
"Christian Union Party",1459,"CU","ChristianUnion","Netherlands"
"Christian [Protestant] Party",1459,"CU","ChristianUnion","Netherlands"
"Christian [Protestant] Party - Christen Unie",1459,"CU","ChristianUnion","Netherlands"
"Christian [Protestant] Party - ChristenUnie",1459,"CU","ChristianUnion","Netherlands"
"ChristianUnion",1459,"CU","ChristianUnion","Netherlands"
"Code Orange",,,,"Netherlands"
"Communist Party of the Netherlands",459,"CPN","Communist Party of the Netherlands","Netherlands"
"Correct Answer 2021",9011,"JA21","Right Answer 2021","Netherlands"
"D66",45,"D66","Democrats 66","Netherlands"
"DEMOCRATS '66 <D'66>",45,"D66","Democrats 66","Netherlands"
"DENK",5856,"DENK","Think","Netherlands"
"DENK (Denk)",5856,"DENK","Think","Netherlands"
"De groenen",1533,"Groen","The Greens","Netherlands"
"Democrats '66",45,"D66","Democrats 66","Netherlands"
"Democrats 66",45,"D66","Democrats 66","Netherlands"
"Democrats 66 - D66",45,"D66","Democrats 66","Netherlands"
"Democrats 66 - Democraten 66 (D66)",45,"D66","Democrats 66","Netherlands"
"Democrats 66 <D 66>",45,"D66","Democrats 66","Netherlands"
"Democrats 66-D66",45,"D66","Democrats 66","Netherlands"
"Democrats `66",45,"D66","Democrats 66","Netherlands"
"Denk",5856,"DENK","Think","Netherlands"
"Europe Transparant",523,"ET","Europe Transparent","Netherlands"
"Farmer-Citizen Movement",9010,"BBB","Farmer-Citizen Movement","Netherlands"
"Farmer-Citizen Movement - BoerBurgerBeweging (BBB)",9010,"BBB","Farmer-Citizen Movement","Netherlands"
"Farmer–Citizen Movement",9010,"BBB","Farmer-Citizen Movement","Netherlands"
"Fortuyns Party-LPF",1528,"LPF","Fortuyn List","Netherlands"
"Fortuynâs Party-LPF",1528,"LPF","Fortuyn List","Netherlands"
"Forum for Democracy",5855,"FvD","Forum for Democracy","Netherlands"
"Forum for Democracy (FvD)",5855,"FvD","Forum for Democracy","Netherlands"
"Forum for Democracy - Forum voor Democratie (FvD)",5855,"FvD","Forum for Democracy","Netherlands"
"GENERAL UNION OF THE ELDERLY < AOV-ALGEMEEN OUDEREN VERBOND>",994,"AOV/VSP","General Senior Union / United Seniors Party","Netherlands"
"GPV",1602,"GPV","Reformed Political League","Netherlands"
"GREEN LEFT PARTY <GROENLINKS>",1537,"GL","GreenLeft","Netherlands"
"General Union of the Elderly",994,"AOV/VSP","General Senior Union / United Seniors Party","Netherlands"
"General Union of the N",994,"AOV/VSP","General Senior Union / United Seniors Party","Netherlands"
"Green - Groen Links",1537,"GL","GreenLeft","Netherlands"
"Green - GroenLinks",1537,"GL","GreenLeft","Netherlands"
"Green Left",1537,"GL","GreenLeft","Netherlands"
"Green Left Party",1537,"GL","GreenLeft","Netherlands"
"Green Left Party <GroenLinks>",1537,"GL","GreenLeft","Netherlands"
"Green Left Party-GL",1537,"GL","GreenLeft","Netherlands"
"Green-Groen Links",1537,"GL","GreenLeft","Netherlands"
"Green/Left (GroenLinks)",1537,"GL","GreenLeft","Netherlands"
"GreenLeft",1537,"GL","GreenLeft","Netherlands"
"Groen Links",1537,"GL","GreenLeft","Netherlands"
"Groen links",1537,"GL","GreenLeft","Netherlands"
"GroenLinks (GL)",1537,"GL","GreenLeft","Netherlands"
"Group Geert Wilders",298,"PVV","Party for Freedom","Netherlands"
"Group VerdonkProud of the Netherlands",1656,"TOP","Proud of the Netherlands / List Verdonk","Netherlands"
"Interest of the Netherlands",9106,"BVNL","Interest of the Netherlands","Netherlands"
"JA21",9011,"JA21","Right Answer 2021","Netherlands"
"JA21 (JA21)",9011,"JA21","Right Answer 2021","Netherlands"
"LABOUR PARTY <PVDA>",1234,"PvdA","Labour","Netherlands"
"LIBERAL PARTY <VVD>",828,"VVD","People's Party for Freedom and Democracy","Netherlands"
"Labor Party",1234,"PvdA","Labour","Netherlands"
"Labour - PvdA",1234,"PvdA","Labour","Netherlands"
"Labour Party",1234,"PvdA","Labour","Netherlands"
"Labour Party - Partij van de Arbeid (PvdA)",1234,"PvdA","Labour","Netherlands"
"Labour Party - PvdA",1234,"PvdA","Labour","Netherlands"
"Labour Party-PvdA",1234,"PvdA","Labour","Netherlands"
"Labour party <PvdA>",1234,"PvdA","Labour","Netherlands"
"Labour-PvdA",1234,"PvdA","Labour","Netherlands"
"Liberal Conservative - VVD",828,"VVD","People's Party for Freedom and Democracy","Netherlands"
"Liberal Conservative - VVD",828,"VVD","People's Party for Freedom and Democracy","Netherlands"
"Liberal Conservative - VVD",828,"VVD","People's Party for Freedom and Democracy","Netherlands"
"Liberal Conservatives - VVD",828,"VVD","People's Party for Freedom and Democracy","Netherlands"
"Liberal Democrats - D66",45,"D66","Democrats 66","Netherlands"
"Liberal Party <VVD>",828,"VVD","People's Party for Freedom and Democracy","Netherlands"
"Liberal Party-VVD",828,"VVD","People's Party for Freedom and Democracy","Netherlands"
"Liberals - VVD",828,"VVD","People's Party for Freedom and Democracy","Netherlands"
"Libertarian Party",,,,"Netherlands"
"Lijst Pim Fortuyn",1528,"LPF","Fortuyn List","Netherlands"
"Lijst Verdonk Trots op Nederland",1656,"TOP","Proud of the Netherlands / List Verdonk","Netherlands"
"List Pim Fortuyn",1528,"LPF","Fortuyn List","Netherlands"
"Livable Netherlands",1420,"LN","Livable Netherlands","Netherlands"
"Liveable Netherlands",1420,"LN","Livable Netherlands","Netherlands"
"Local List",,,,"Netherlands"
"Mobile Netherlands",,,,"Netherlands"
"NIDA",,,,"Netherlands"
"NLBetter",,,,"Netherlands"
"Omtzigt/NSC",9348,"NSC","New Social Contract","Netherlands"
"One NL",,,,"Netherlands"
"Orthodox Protestant Party - SGP",1178,"SGP","Reformed Political Party","Netherlands"
"Orthodox Protestant Party-SGP",1178,"SGP","Reformed Political Party","Netherlands"
"Other party, specify",,,,"Netherlands"
"PVV (List Wilders)",298,"PVV","Party for Freedom","Netherlands"
"Pacifist Socialist Party",1050,"PSP","Pacifist Socialist Party","Netherlands"
"Partij van de Dieren",1467,"PvdD","Party for the Animals","Netherlands"
"Party for Animals",1467,"PvdD","Party for the Animals","Netherlands"
"Party for Freedom",298,"PVV","Party for Freedom","Netherlands"
"Party for Freedom - PVV",298,"PVV","Party for Freedom","Netherlands"
"Party for Freedom - Partij voor de Vrijheid (PVV)",298,"PVV","Party for Freedom","Netherlands"
"Party for Freedom and Democracy",828,"VVD","People's Party for Freedom and Democracy","Netherlands"
"Party for the Animals",1467,"PvdD","Party for the Animals","Netherlands"
"Party for the Animals - Partij voor de Dieren (PvdD)",1467,"PvdD","Party for the Animals","Netherlands"
"Party for the animals - PvdD",1467,"PvdD","Party for the Animals","Netherlands"
"Pensioners Party - 50 Plus",714,"50+","50PLUS","Netherlands"
"People's Party for Freedom and Democracy",828,"VVD","People's Party for Freedom and Democracy","Netherlands"
"People's Party for Freedom and Democracy - Volkspartij voor Vrijheid en Democratie (VVD)",828,"VVD","People's Party for Freedom and Democracy","Netherlands"
"People´s Party for Freedom and Democracy",828,"VVD","People's Party for Freedom and Democracy","Netherlands"
"Pieter Omtzigt",9348,"NSC","New Social Contract","Netherlands"
"Pirate Party",,,,"Netherlands"
"Political Movement Think",5856,"DENK","Think","Netherlands"
"Political Reformed Party",1178,"SGP","Reformed Political Party","Netherlands"
"Proud of the Netherlands",1656,"TOP","Proud of the Netherlands / List Verdonk","Netherlands"
"PvdA",1234,"PvdA","Labour","Netherlands"
"RPF",172,"RPF","Reformatory Political Federation","Netherlands"
"Reformatory Political Federation",172,"RPF","Reformatory Political Federation","Netherlands"
"Reformed Party - SGpP",1178,"SGP","Reformed Political Party","Netherlands"
"Reformed Political Alliance",1602,"GPV","Reformed Political League","Netherlands"
"Reformed Political Party",1178,"SGP","Reformed Political Party","Netherlands"
"Reformed Political Party - Staatkundig Gereformeerde Partij (SGP)",1178,"SGP","Reformed Political Party","Netherlands"
"SGP",1178,"SGP","Reformed Political Party","Netherlands"
"SOCIALIST PARTY <SP>",1363,"SP","Socialist Party","Netherlands"
"SP",1363,"SP","Socialist Party","Netherlands"
"Seniors 2000",,,,"Netherlands"
"Social Democrats - PvdA",1234,"PvdA","Labour","Netherlands"
"Social Reformed Party",,,,"Netherlands"
"Socialist Party",1363,"SP","Socialist Party","Netherlands"
"Socialist Party - SP",1363,"SP","Socialist Party","Netherlands"
"Socialist Party - Socialistische Partij (SP)",1363,"SP","Socialist Party","Netherlands"
"Socialist Party <SP>",1363,"SP","Socialist Party","Netherlands"
"Socialist Party-SP",1363,"SP","Socialist Party","Netherlands"
"Socialistic Party",1363,"SP","Socialist Party","Netherlands"
"Socialistische Partij",1363,"SP","Socialist Party","Netherlands"
"Socialists - SP",1363,"SP","Socialist Party","Netherlands"
"Socialists-SP",1363,"SP","Socialist Party","Netherlands"
"Splinter",,,,"Netherlands"
"TON (List Verdonk)",1656,"TOP","Proud of the Netherlands / List Verdonk","Netherlands"
"The Christian Democratic Appeal",1157,"CDA","Christian Democratic Appeal","Netherlands"
"The Greens",1533,"Groen","The Greens","Netherlands"
"The Labour Party (PvdA)",1234,"PvdA","Labour","Netherlands"
"The Party for Freedom (PVV)",298,"PVV","Party for Freedom","Netherlands"
"The People's Party for Freedom and Democracy",828,"VVD","People's Party for Freedom and Democracy","Netherlands"
"The People's Party for Freedom and Democracy (VVD)",828,"VVD","People's Party for Freedom and Democracy","Netherlands"
"The People's Party for Freedom and Democracy (VVD)",828,"VVD","People's Party for Freedom and Democracy","Netherlands"
"The People's Party for Freedom and Democracy (VVD)",828,"VVD","People's Party for Freedom and Democracy","Netherlands"
"The Socialist Party",1363,"SP","Socialist Party","Netherlands"
"Think Party",5856,"DENK","Think","Netherlands"
"Together",,,,"Netherlands"
"UNION 55 PLUS  < UNIE 55+>",873,"U55+","Union 55+","Netherlands"
"Union 55 Plus",873,"U55+","Union 55+","Netherlands"
"Union 55 plus  < Unie 55+>",873,"U55+","Union 55+","Netherlands"
"Union 55+",873,"U55+","Union 55+","Netherlands"
"United Senior People Party",994,"AOV/VSP","General Senior Union / United Seniors Party","Netherlands"
"United Seniors Party",994,"AOV/VSP","General Senior Union / United Seniors Party","Netherlands"
"VVD",828,"VVD","People's Party for Freedom and Democracy","Netherlands"
"Verdonk's Party - Lijst Verdonk Trots op Nederland",1656,"TOP","Proud of the Netherlands / List Verdonk","Netherlands"
"Verdonks Party",1656,"TOP","Proud of the Netherlands / List Verdonk","Netherlands"
"Volt",7355,"VN","Volt Netherlands","Netherlands"
"Volt Europe",7355,"VN","Volt Netherlands","Netherlands"
"Volt Netherlands",7355,"VN","Volt Netherlands","Netherlands"
"Volt Netherlands - Volt Nederland (VOLT)",7355,"VN","Volt Netherlands","Netherlands"
"Wilders Party - PVV",298,"PVV","Party for Freedom","Netherlands"
"Wilders' Party - PVV",298,"PVV","Party for Freedom","Netherlands"
"Wilders' Party-PVV",298,"PVV","Party for Freedom","Netherlands"
"Wilders-PVV",298,"PVV","Party for Freedom","Netherlands"
"ACT",752,"ACT","ACT New Zealand","New Zealand"
"ACT Ass o Consumers a Taxpayers",752,"ACT","ACT New Zealand","New Zealand"
"ACT New Zealand",752,"ACT","ACT New Zealand","New Zealand"
"Act",752,"ACT","ACT New Zealand","New Zealand"
"Act New Zealand",752,"ACT","ACT New Zealand","New Zealand"
"Advance New Zealand",,,,"New Zealand"
"Alliance",716,"A","Alliance","New Zealand"
"Alliance: left",,,,"New Zealand"
"Aotearoa Legalise Cannabis",1741,"ALCP","Aotearoa Legalise Cannabis Party","New Zealand"
"Aotearoa Legalise Cannabis Party",1741,"ALCP","Aotearoa Legalise Cannabis Party","New Zealand"
"Association of Consumers and Taxpayers - ACT",752,"ACT","ACT New Zealand","New Zealand"
"Bill and Ben Party",,,,"New Zealand"
"Christian Coalition",,,,"New Zealand"
"Christian Coalition / Christian Heritage",,,,"New Zealand"
"Christian Coallition",,,,"New Zealand"
"Christian Heritage",590,"CH","Christian Heritage Party of New Zealand","New Zealand"
"Christian Heritage Party of New Zealand",590,"CH","Christian Heritage Party of New Zealand","New Zealand"
"Christian coalition",,,,"New Zealand"
"Conservative Party",1014,"CP","[New] Conservatice Party of New Zealand","New Zealand"
"Democrat",2041,"DP","Democrat Party","New Zealand"
"Democrats",2041,"DP","Democrat Party","New Zealand"
"Destiny",,,,"New Zealand"
"Destiny, etc",,,,"New Zealand"
"Future New Zealand",1486,"CD/FNZ","Christian Democrat Party / Future New Zealand","New Zealand"
"Green",1099,"Greens","Green Party","New Zealand"
"Green Party",1099,"Greens","Green Party","New Zealand"
"Green Party of Aotearoa New Zealand",1099,"Greens","Green Party","New Zealand"
"Greens",1099,"Greens","Green Party","New Zealand"
"Internet MANA",,,,"New Zealand"
"Internet Mana",,,,"New Zealand"
"Internet-Mana Party",,,,"New Zealand"
"Jim Anderton's Progressive Party",150,"JAPP","Jim Anderton's Progressive Party","New Zealand"
"Kiwi Party",,,,"New Zealand"
"Labour",1049,"LP","Labour Party","New Zealand"
"Labour (NZLP)",1049,"LP","Labour Party","New Zealand"
"Labour Party",1049,"LP","Labour Party","New Zealand"
"Labour party",1049,"LP","Labour Party","New Zealand"
"Labour: left/centre left",,,,"New Zealand"
"Liberal Party",2095,"NZLP","New Zealand Liberal Party","New Zealand"
"MANA Movement",1427,"Mana","Mana Party","New Zealand"
"Mana Maori",,,,"New Zealand"
"Mana Monuhake",,,,"New Zealand"
"Mana Motuhake",,,,"New Zealand"
"Mana Movement",1427,"Mana","Mana Party","New Zealand"
"Mana Party",1427,"Mana","Mana Party","New Zealand"
"Maori Party",1716,"MP","Maori Party","New Zealand"
"Māori Party",1716,"MP","Maori Party","New Zealand"
"NZ First",591,"NZFP","New Zealand First Party","New Zealand"
"NZ first",591,"NZFP","New Zealand First Party","New Zealand"
"NZFirst",591,"NZFP","New Zealand First Party","New Zealand"
"National",1824,"NP","National Party","New Zealand"
"National (NZNP)",1824,"NP","National Party","New Zealand"
"National Party",1824,"NP","National Party","New Zealand"
"National Party - NP",1824,"NP","National Party","New Zealand"
"National party",1824,"NP","National Party","New Zealand"
"National: right/conservative",,,,"New Zealand"
"New Conservative",1014,"CP","[New] Conservatice Party of New Zealand","New Zealand"
"New Conservative Party",1014,"CP","[New] Conservatice Party of New Zealand","New Zealand"
"New Labour Party",1119,"NLP","New Labour Party","New Zealand"
"New Zealand First",591,"NZFP","New Zealand First Party","New Zealand"
"New Zealand First (NZF)",591,"NZFP","New Zealand First Party","New Zealand"
"New Zealand First Party",591,"NZFP","New Zealand First Party","New Zealand"
"New Zealand First Party - NZFP",591,"NZFP","New Zealand First Party","New Zealand"
"New Zealand First: centre",,,,"New Zealand"
"New Zealand Labour Party",1049,"LP","Labour Party","New Zealand"
"New Zealand Labour Party - NZLP",1049,"LP","Labour Party","New Zealand"
"New Zealand National Party",1824,"NP","National Party","New Zealand"
"New Zealand Outdoors Party",1374,"OR","Outdoor Recreation New Zealand","New Zealand"
"New Zealand People's Party",,,,"New Zealand"
"ONE Party",,,,"New Zealand"
"Outdoor Recreation New Zealand",1374,"OR","Outdoor Recreation New Zealand","New Zealand"
"Progressive Coalition",,,,"New Zealand"
"Social Credit",911,"SC/DP","Social Credit / Democratic Party","New Zealand"
"Social Credit Party",911,"SC/DP","Social Credit / Democratic Party","New Zealand"
"Sustainable New Zealand Party",,,,"New Zealand"
"Tea Party New Zealand",,,,"New Zealand"
"The Maori Party",1716,"MP","Maori Party","New Zealand"
"The Opportunities Party",6130,"TOP","The Opportunities Party","New Zealand"
"The Opportunities Party (TOP)",6130,"TOP","The Opportunities Party","New Zealand"
"United",8343,"Uni","United Party","New Zealand"
"United Future",940,"UFNZ","United Future New Zealand","New Zealand"
"United Future - UF",940,"UFNZ","United Future New Zealand","New Zealand"
"United Future New Zealand",940,"UFNZ","United Future New Zealand","New Zealand"
"United New Zealand",1631,"UNZ","United New Zealand","New Zealand"
"act",752,"ACT","ACT New Zealand","New Zealand"
"Alianza Liberal Nicaragüense (ALN)",1640,"ALN","Nicaraguan Liberal Alliance","Nicaragua"
"Citizens for Freedom",,,,"Nicaragua"
"Constitutionalist Liberal Party",286,"PLC","Constitutionalist Liberal Party","Nicaragua"
"Frente Sandinista de Liberación Nacional (FSLN)",769,"FSLN","Sandinista National Liberation Front","Nicaragua"
"Independent Liberal",3656,"PLI","Independent Liberal Party","Nicaragua"
"Movimiento de Renovacion Sandinista (MRS)",395,"MRS","Sandinista Renovation Movement","Nicaragua"
"NI: Alianza Pan y Fuerza",,,,"Nicaragua"
"NI: Alianza Partido Movimiento Renovador Sandinista (MRS)",395,"MRS","Sandinista Renovation Movement","Nicaragua"
"NI: Alianza por la República (APRE)",8619,"APRE","Alliance for the Republic","Nicaragua"
"NI: Alternativa Cristiana (AC)",,,,"Nicaragua"
"NI: Alternativa por el Cambio (AC)",,,,"Nicaragua"
"NI: Ciudadanos por la Libertad CXL",,,,"Nicaragua"
"NI: Coalición Nacional",,,,"Nicaragua"
"NI: Frente de Liberación Nacional (FLN)",769,"FSLN","Sandinista National Liberation Front","Nicaragua"
"NI: Partido Acción Nacional Conservadora (ANC)",,,,"Nicaragua"
"NI: Partido Alianza Conservadora (ALCON)",,,,"Nicaragua"
"NI: Partido Alianza Liberal (PAL)",8084,"AL","Liberal Alliance","Nicaragua"
"NI: Partido Alianza Liberal Nicaragüense (ALN)",1640,"ALN","Nicaraguan Liberal Alliance","Nicaragua"
"NI: Partido Camino Cristiano Nicaragüense (CCN)",3655,"CCN","Nicaraguan Party of the Christian Path","Nicaragua"
"NI: Partido Conservador (PC)",185,"PCN","Conservative Party","Nicaragua"
"NI: Partido Frente Sandinista de Liberación Nacional (FSLN)",769,"FSLN","Sandinista National Liberation Front","Nicaragua"
"NI: Partido Liberal 1913 (PL-1913)",,,,"Nicaragua"
"NI: Partido Liberal Constitucionalista (PLC)",286,"PLC","Constitutionalist Liberal Party","Nicaragua"
"NI: Partido Liberal Independiente (PLI)",3656,"PLI","Independent Liberal Party","Nicaragua"
"NI: Partido Liberal Nacionalista (PLN)",4749,"PLN","Nationalist Liberal Party","Nicaragua"
"NI: Partido Movimiento Renovador Sandinista (MRS)",395,"MRS","Sandinista Renovation Movement","Nicaragua"
"NI: Partido Resistencia Nicaragüense (PRN)",1738,"PRN","Nicaraguan Resistance Party","Nicaragua"
"NI: Partido Social Cristiano (PSC)",7146,"PSC","Social Christian Party","Nicaragua"
"NI: Partido Unión Demócrata Cristiana (UDC)",,,,"Nicaragua"
"NI: Proyecto Nacional (PRONAL)",,,,"Nicaragua"
"Nicaraguan Liberal Alliance",1640,"ALN","Nicaraguan Liberal Alliance","Nicaragua"
"Partido Liberal Constitucionalista (PLC)",286,"PLC","Constitutionalist Liberal Party","Nicaragua"
"Partido Liberal Independiente (PLI)",3656,"PLI","Independent Liberal Party","Nicaragua"
"Sandinista National Liberation Front",769,"FSLN","Sandinista National Liberation Front","Nicaragua"
"AMIN AMEN",,,,"Niger"
"ANDP Zaman Lahiya (Alliance Nigérienne pour la Démocratie et le Progrès)",2351,"ANDP","Nigerien Alliance for Democracy and Progress","Niger"
"Alliance Nigérienne pour la Démocratie et le Progrès (ANDP Zaman Lahiya)",2351,"ANDP","Nigerien Alliance for Democracy and Progress","Niger"
"CDS Rahama (Convention Démocratique et Sociale)",2352,"CDS","Democratic and Social Convention","Niger"
"CPR – INGANCI",,,,"Niger"
"Convention Démocratique et Sociale (CDS Rahama)",2352,"CDS","Democratic and Social Convention","Niger"
"Ingantchi",,,,"Niger"
"Je voterai celui de la mjorité du village",,,,"Niger"
"MNSD Nassara (Mouvement National pour la Société de Développement)",2350,"MNSD—N","National Movement for the Development of Society","Niger"
"MODEN FA Lumana (Mouvement Démocratique Nigérien pour une Férdération Africaine)",5385,"MODEN/FA","Nigerien Democratic Movement for an African Federation","Niger"
"MPR JAMHURIA",7627,"PMR","Patriotic Movement for the Republic","Niger"
"MPR Jamhouriya",7627,"PMR","Patriotic Movement for the Republic","Niger"
"Mouvement Démocratique Nigérien pour une Fédération Africaine (MODEN FA Lumana)",5385,"MODEN/FA","Nigerien Democratic Movement for an African Federation","Niger"
"Mouvement National pour la Société de Développement (MNSD Nassara)",2350,"MNSD—N","National Movement for the Development of Society","Niger"
"Mouvement Patriotique Nigérien (MPN KISHIN KASSA)",,,,"Niger"
"Mouvement Patriotique Nigérien (MPN-Kishin Kassa)",,,,"Niger"
"PJP DOUBARA",,,,"Niger"
"PNA Al'Oumat (Parti Nigérien pour l'Auto gestion)",,,,"Niger"
"PNDS Tarayya (Parti Nigérien pour la Démocratie et le Socialisme)",2325,"PNDS","Nigerien Party for Democracy and Socialism","Niger"
"PPN RDA (Parti Progressiste Nigérien)",5347,"PPN — RDA","Nigerien Progressive Party — African Democratic Rally","Niger"
"PSDN Alhéri (Parti Social Démocrate Nigérien)",,,,"Niger"
"PUND Salama (Parti pour l'Union Nationale et la Démocratie)",5644,"PUND","Party for National Unity and Development","Niger"
"Parti Nigérien pour l'Auto gestion (PNA Al'Oumat",,,,"Niger"
"Parti Nigérien pour l'Auto gestion (PNA Al'Oumat)",,," ","Niger"
"Parti Nigérien pour la Démocratie et le Socialisme (PNDS Tarayya)",2325,"PNDS","Nigerien Party for Democracy and Socialism","Niger"
"Parti Progressiste Nigérien (PPN DRA)",5347,"PPN — RDA","Nigerien Progressive Party — African Democratic Rally","Niger"
"Parti Progressiste Nigérien (PPN RDA)",5347,"PPN — RDA","Nigerien Progressive Party — African Democratic Rally","Niger"
"RDP Jama'a (Rassemblement pour la Démocratie et le Progrès)",5804,"RDP-J/UNIRD","Rally for Democracy and Progress / National Union of Independents for Democratic Renewal","Niger"
"RSD Gaskia (Rassemblement Social Démocrate)",5348,"RSD—G","Social Democratic Rally","Niger"
"Rassemblement pour la  Démocratie et le Progrès (RDP Jama'a)",5804,"RDP-J/UNIRD","Rally for Democracy and Progress / National Union of Independents for Democratic Renewal","Niger"
"Rassemeblement Social Démocrate (RSD Gaskia)",5348,"RSD—G","Social Democratic Rally","Niger"
"UDR Tabbat (Union pour la Démocratie et la République)",5645,"UDR","Union for Democracy and the Republic","Niger"
"Union des Forces Populaires pour la Démocratie et le Progrès (UDFP Sawaba)",5647,"Sawaba","Union of Popular Forces for Democracy and Progress—Sawaba","Niger"
"Union des Nigériens Indépendants (UNI)",7301,"UNIS","Union of Nigerien Independents and Sympathisers","Niger"
"Union pour la Démocratie et la République (UDR-TABBAT)",5645,"UDR","Union for Democracy and the Republic","Niger"
"Union pour la Démocratie et le Progrès Social (UDPS Amana",,,,"Niger"
"Union pour la Démocratie et le Progrès Social (UDPS Amana)",,,,"Niger"
"Union pour la Démocratie et le République (UDR Tabbat)",5645,"UDR","Union for Democracy and the Republic","Niger"
"Union pour la Démocratie et le République (UDR-TABBAT)",5645,"UDR","Union for Democracy and the Republic","Niger"
"AA",,,,"Nigeria"
"AC",,,,"Nigeria"
"ACD",,,,"Nigeria"
"AD",4116,"AD","Alliance for Democracy","Nigeria"
"ALL PROGRESSIVES CONGRESS   APC",5538,"APC","All Progressives Congress","Nigeria"
"ALL PROGRESSIVES CONGRESS APC",5538,"APC","All Progressives Congress","Nigeria"
"ANPP",2313,"ANPP","All Nigeria People's Party","Nigeria"
"APGA",6144,"APGA","All Progressive Grand Alliance","Nigeria"
"APLG",,,,"Nigeria"
"Accord   A",,,,"Nigeria"
"Accord (A)",,,,"Nigeria"
"Accord A",,,,"Nigeria"
"Accord Party",,,,"Nigeria"
"Accord Party (AP)",,,,"Nigeria"
"Action Alliance",,,,"Nigeria"
"Action Alliance  AA",,,,"Nigeria"
"Action Alliance (AA)",,,,"Nigeria"
"Action Alliance AA",,,,"Nigeria"
"Action Congress (AC)",,,,"Nigeria"
"Action Congress of Nigeria",2353,"ACN","Action Congress of Nigeria","Nigeria"
"Action Congress of Nigeria (ACN)",2353,"ACN","Action Congress of Nigeria","Nigeria"
"Advanced Congress Of Democrats  ACD",,,,"Nigeria"
"Advanced Congress Of Democrats ACD",,,,"Nigeria"
"Advanced Congress of Democrats (ACD)",,,,"Nigeria"
"Africa Peoples Alliance (APA)",,,,"Nigeria"
"African Democratic Congress",,,,"Nigeria"
"African Democratic Congress   ADC",,,,"Nigeria"
"African Democratic Congress (ADC)",,,,"Nigeria"
"African Democratic Congress ADC",,,,"Nigeria"
"African Peoples Alliance   APA",,,,"Nigeria"
"African Renaissance Party (ARP)",,,,"Nigeria"
"All Nigeria People's Party",2313,"ANPP","All Nigeria People's Party","Nigeria"
"All Nigeria People's Party (ANPP)",2313,"ANPP","All Nigeria People's Party","Nigeria"
"All Nigeria People's Party (ANPP)",2313,"ANPP","All Nigeria People's Party","Nigeria"
"All Nigeria People's Party (ANPP)",2313,"ANPP","All Nigeria People's Party","Nigeria"
"All Nigeria People's Party (APP)",,,,"Nigeria"
"All Nigeria Peoples Party (ANPP)",2313,"ANPP","All Nigeria People's Party","Nigeria"
"All People's Party",,,,"Nigeria"
"All People's Party (APP)",,,,"Nigeria"
"All People's Party (APP)",,,,"Nigeria"
"All People's Party (APP)",,,,"Nigeria"
"All Progressive Congres (APC)",5538,"APC","All Progressives Congress","Nigeria"
"All Progressive Congress (APC)",5538,"APC","All Progressives Congress","Nigeria"
"All Progressive Grand Alliance",6144,"APGA","All Progressive Grand Alliance","Nigeria"
"All Progressive Grand Alliance (APGA)",6144,"APGA","All Progressive Grand Alliance","Nigeria"
"All Progressive Grand Alliance APGA",6144,"APGA","All Progressive Grand Alliance","Nigeria"
"All Progressives Congress",5538,"APC","All Progressives Congress","Nigeria"
"All Progressives Congress APC",5538,"APC","All Progressives Congress","Nigeria"
"All Progressives Grand Alliance   APGA",6144,"APGA","All Progressive Grand Alliance","Nigeria"
"All Progressives Grand Alliance (APGA)",6144,"APGA","All Progressive Grand Alliance","Nigeria"
"All Progressives Grand Alliance APGA",6144,"APGA","All Progressive Grand Alliance","Nigeria"
"Alliance For Democracy",4116,"AD","Alliance for Democracy","Nigeria"
"Alliance For Democracy  AD",4116,"AD","Alliance for Democracy","Nigeria"
"Alliance For Democracy AD",4116,"AD","Alliance for Democracy","Nigeria"
"Alliance for Democracy (ACD)",,,,"Nigeria"
"Alliance for Democracy (AD)",4116,"AD","Alliance for Democracy","Nigeria"
"Allied Congress Party of Nigeria  ACPN",,,,"Nigeria"
"Allied Congress Party of Nigeria (ACPN)",,,,"Nigeria"
"CPC (Volunteered)",5539,"CPC","Congress for Progressive Change","Nigeria"
"Citizens Popular Party   CPP",,,,"Nigeria"
"Citizens Popular Party (CPP)",,,,"Nigeria"
"Community Party of Nigeria (CPN)",,,,"Nigeria"
"Congress for Progressive Change",5539,"CPC","Congress for Progressive Change","Nigeria"
"Congress for Progressive Change (CPC)",5539,"CPC","Congress for Progressive Change","Nigeria"
"Conscience People's Congress (CPC)",5539,"CPC","Congress for Progressive Change","Nigeria"
"Conscience People's Congress (CPC)",5539,"CPC","Congress for Progressive Change","Nigeria"
"Conscience People's Congress (CPC)",5539,"CPC","Congress for Progressive Change","Nigeria"
"DPA",,,,"Nigeria"
"DPP",,,,"Nigeria"
"Democratic Alternative (DA)",,,,"Nigeria"
"Democratic People's Alliance",,,,"Nigeria"
"Democratic People's Alliance",,,,"Nigeria"
"Democratic People's Party",,,,"Nigeria"
"Democratic People's Party",,,,"Nigeria"
"Democratic People's Party",,,,"Nigeria"
"Democratic People's Party (DPP)",,,,"Nigeria"
"Democratic People's Party (DPP)",,,,"Nigeria"
"Democratic People's Party (DPP)",,,,"Nigeria"
"Democratic Peoples Party   DPP",,,,"Nigeria"
"Democratic Peoples Party (DPP)",,,,"Nigeria"
"Democratic Peoples Party DPP",,,,"Nigeria"
"Democratic People´s Party",,,,"Nigeria"
"FRESH",,,,"Nigeria"
"Fresh Democratic Party (FDP)",,,,"Nigeria"
"Fresh Party (FP)",,,,"Nigeria"
"JP",,,,"Nigeria"
"Justice Party",,,,"Nigeria"
"Justice Party (JP)",,,,"Nigeria"
"KOWA Party",,,,"Nigeria"
"Kowa Party",,,,"Nigeria"
"LP",5537,"LP","Labour Party","Nigeria"
"Labour Party",5537,"LP","Labour Party","Nigeria"
"Labour Party   LP",5537,"LP","Labour Party","Nigeria"
"Labour Party (LP)",5537,"LP","Labour Party","Nigeria"
"Labour Party LP",5537,"LP","Labour Party","Nigeria"
"MDJ",,,,"Nigeria"
"Mega Progressive Peoples Party MPPP",,,,"Nigeria"
"NAP",,,,"Nigeria"
"NCP",,,,"Nigeria"
"NDP",3552,"NDP","National Democratic Party","Nigeria"
"National Conscience Party",,,,"Nigeria"
"National Conscience Party    NCP",,,,"Nigeria"
"National Conscience Party (NCP)",,,,"Nigeria"
"National Democratic Party (NDP)",3552,"NDP","National Democratic Party","Nigeria"
"National Republican Convention (NRC)",1154,"NRC","National Republican Convention","Nigeria"
"New Democrats (ND)",,,,"Nigeria"
"New Nigeria Peoples Party   NNPP",,,,"Nigeria"
"New Nigeria Peoples Party (NNPP)",,,,"Nigeria"
"PAC",,,,"Nigeria"
"PDP",2354,"PDP","People's Democratic Party","Nigeria"
"PPA",,,,"Nigeria"
"PRP",5354,"PRP","People's Redemption Party","Nigeria"
"PSD",,,,"Nigeria"
"People Democratic Party (PDP)",2354,"PDP","People's Democratic Party","Nigeria"
"People For Democratic Change   PDC",,,,"Nigeria"
"People Progressive Alliance (PPA)",,,,"Nigeria"
"People for Democratic Change (PDC)",,,,"Nigeria"
"People's Democratic Party (PDP)",2354,"PDP","People's Democratic Party","Nigeria"
"People's Democratic Party (PDP)",2354,"PDP","People's Democratic Party","Nigeria"
"People's Democratic Party (PDP)",2354,"PDP","People's Democratic Party","Nigeria"
"People's Progressive Party",,,,"Nigeria"
"People's Progressive Party (PPP)",,,,"Nigeria"
"People's Redemption Party (PRP)",5354,"PRP","People's Redemption Party","Nigeria"
"People's Redemption Party (PRP)",5354,"PRP","People's Redemption Party","Nigeria"
"People's Redemption Party (PRP)",5354,"PRP","People's Redemption Party","Nigeria"
"People's Redemptions Party PRP",5354,"PRP","People's Redemption Party","Nigeria"
"People's Salvation Party (PSP)",,,,"Nigeria"
"Peoples Democratic Movement    PDM",,,,"Nigeria"
"Peoples Democratic Party    PDP",2354,"PDP","People's Democratic Party","Nigeria"
"Peoples Democratic Party (PDP)",2354,"PDP","People's Democratic Party","Nigeria"
"Peoples Democratic Party PDP",2354,"PDP","People's Democratic Party","Nigeria"
"Peoples Mandate Party",,,,"Nigeria"
"Peoples Party of Nigeria     PPN",,,,"Nigeria"
"Peoples Party of Nigeria (PPN)",,,,"Nigeria"
"Peoples Progressive Party (PPP)",,,,"Nigeria"
"Progressive Action Congress",,,,"Nigeria"
"Progressive People's Alliance",,,,"Nigeria"
"Progressive People's Alliance (PPA)",,,,"Nigeria"
"Progressive People's Alliance (PPA)",,,,"Nigeria"
"Progressive People's Alliance (PPA)",,,,"Nigeria"
"Progressive Peoples Alliance (PPA)",,,,"Nigeria"
"Social Democratic Mega Party",,,,"Nigeria"
"Social Democratic Party    SDP",510,"SDP","Social Democratic Party","Nigeria"
"Social Democratic Party (SDP)",510,"SDP","Social Democratic Party","Nigeria"
"Social Democratic Party SDP",510,"SDP","Social Democratic Party","Nigeria"
"The Fresh Democratic Party",,,,"Nigeria"
"UNDP",,,,"Nigeria"
"UNPP",3802,"UNPP","United Nigeria People's Party","Nigeria"
"United Nigeria People's Party (UNPP)",3802,"UNPP","United Nigeria People's Party","Nigeria"
"United Nigeria Peoples Party (UNPP)",3802,"UNPP","United Nigeria People's Party","Nigeria"
"United Progressive Party UPP",,,,"Nigeria"
"Young Professional Party (YPP)",,,,"Nigeria"
"Zenith Labour Party ZLP",,,,"Nigeria"
"Alijansa za Albancite (AA)",8756,"AS","Alliance of Albanians","North Macedonia"
"Alliance of Albanians Coalition (DR-ADP, UNITETI, NDP)",,,,"North Macedonia"
"Alternativa",354,"DA","Democratic Alternative","North Macedonia"
"Civil Option For Macedonia",5760,"GROM","Citizen Option for Macedonia","North Macedonia"
"DPA (Democratic Party of Albanians)",431,"DPA","Democratic Party of Albanians","North Macedonia"
"DPTM (Democratic Party of Turcs In Macedonia)",5660,"DPTM/TDP","Democratic Party of Turks in Macedonia","North Macedonia"
"DUI (Democratic Unioun for Integration)",1220,"DUI","Democratic Union for Integrations","North Macedonia"
"Democratic Alternative",354,"DA","Democratic Alternative","North Macedonia"
"Democratic Party of Albanians - Political Party of Ethnic Albanians in Macedonia DPA",431,"DPA","Democratic Party of Albanians","North Macedonia"
"Democratic Party of Albanians in Macedonia",431,"DPA","Democratic Party of Albanians","North Macedonia"
"Democratic Party of Albanians in Macedonia (DPA)",431,"DPA","Democratic Party of Albanians","North Macedonia"
"Democratic Party of Serbs - Political Party of Ethnic Serbs in Macedonia DPS",,,,"North Macedonia"
"Democratic Party of Turcs - Political Party of Ethnic Turks in Macedonia DTP",5660,"DPTM/TDP","Democratic Party of Turks in Macedonia","North Macedonia"
"Democratic Renewal of Macedonia",4544,"DOM","Democratic Renewal of Macedonia","North Macedonia"
"Democratic Union of Albanians - Political Party of Ethnic Albanians in Macedonia DUA",,,,"North Macedonia"
"Democratic Unioun for Integration - Political Party of Ethnic Albanians in Macedonia DUI",1220,"DUI","Democratic Union for Integrations","North Macedonia"
"Demokratska Partija (DP)",6395,"DP","Democratic Party","North Macedonia"
"Demokratska Partija na Srbite (DPS)",,,,"North Macedonia"
"Demokratska Partija na Turcite (DPT)",5660,"DPTM/TDP","Democratic Party of Turks in Macedonia","North Macedonia"
"Demokratska partija na Albancite (DPA)",431,"DPA","Democratic Party of Albanians","North Macedonia"
"Demokratska unija za integracija (DUI)",1220,"DUI","Democratic Union for Integrations","North Macedonia"
"Dviženje Besa",5585,"BESA","Besa Movement","North Macedonia"
"Edinstvena Makedonija — makedonska desničarska politička partija",,,,"North Macedonia"
"IMRO - DPMNU Internal Macedonian Revolutionary Organization  - Democratic Party for Macedonian National Unity",1674,"VMRO — DPMNE","IMRO — Democratic Party for Macedonian National Unity","North Macedonia"
"Internal Macedonian Revolutionary Organization - Democratic Party for Macedonian National Unity  IMRO - DPMNU",1674,"VMRO — DPMNE","IMRO — Democratic Party for Macedonian National Unity","North Macedonia"
"Internal Macedonian Revolutionary Organization - Macedonian IMRO - M",,,,"North Macedonia"
"Internal Macedonian Revolutionary Organization - Peoples Party IMRO - PP",4258,"VMRO — NP","IMRO — People's Party","North Macedonia"
"Internal Macedonian Revolutionary Organization – Democr",1674,"VMRO — DPMNE","IMRO — Democratic Party for Macedonian National Unity","North Macedonia"
"LDP (Liberal Democratic Party)",171,"LDP","Liberal Democratic Party","North Macedonia"
"Levica",9098,"L","The Left","North Macedonia"
"Liberal Party  LP",2449,"LP","Liberal Party of Macedonia","North Macedonia"
"Liberal Party of Macedonia",2449,"LP","Liberal Party of Macedonia","North Macedonia"
"Liberal-Democratic Party",171,"LDP","Liberal Democratic Party","North Macedonia"
"Liberal-Democratic Party (LDP)",171,"LDP","Liberal Democratic Party","North Macedonia"
"Liberal-Democratic Party LDP",171,"LDP","Liberal Democratic Party","North Macedonia"
"Movement Besa",5585,"BESA","Besa Movement","North Macedonia"
"Movement for Restoration of Macedonia MRM",,,,"North Macedonia"
"NSDP (New Social-Democratic Party)",2447,"NSDP","New Social Democratic Party","North Macedonia"
"National Democratic Revival",3179,"NDP","National Democratic Revival","North Macedonia"
"New Democratia",5462,"ND","New Democracy","North Macedonia"
"New Social-Democratic Party NSDP",2447,"NSDP","New Social Democratic Party","North Macedonia"
"PDT (Party for Movement of the Turks in Macedonia)",,,,"North Macedonia"
"PEF (Party for European Future)",4545,"PEI","Party for European Future","North Macedonia"
"POPGM (Party of United Pensioners and Citizens of Macedonia)",,,,"North Macedonia"
"Partija za Demokratski Prosperitet (PDP)",1033,"PDP","Party for Democratic Prosperity","North Macedonia"
"Party for Democratic Prosperity - Ethnic Albanian Party PDP",1033,"PDP","Party for Democratic Prosperity","North Macedonia"
"Party for Economic Restoration PER",,,,"North Macedonia"
"Party for Entire Emancipation of Romas in Macedonia - Political Party of Ethnic Romas in Macedonia PEERM",7867,"PCERM","Party for the Full Emancipation of the Roma of Macedonia","North Macedonia"
"Party for European Future PEF",4545,"PEI","Party for European Future","North Macedonia"
"Party of Zinzars and Romanians in Macedonia",,,,"North Macedonia"
"People's Democratic Party",155,"PDP","People's Democratic Party","North Macedonia"
"RAM (Roma Aliance of Macedonia)",,,,"North Macedonia"
"SDAM (Social-Democratic Aliance of Macedonia)",5658,"SDAM","Party for Democratic Action of Macedonia","North Macedonia"
"SPM (Serbian Party of Macedonia)",,,,"North Macedonia"
"SPM (Socialistic Party of Macedonia)",724,"SPM","Socialist Party of Macedonia","North Macedonia"
"Social Democratic Union coalition",,,,"North Macedonia"
"Social-Democratic Aliance of Macedonia SDAM",5658,"SDAM","Party for Democratic Action of Macedonia","North Macedonia"
"Socialist Party of Macedonia",724,"SPM","Socialist Party of Macedonia","North Macedonia"
"Socialistic Party of Macedonia SPM",724,"SPM","Socialist Party of Macedonia","North Macedonia"
"Socijaldemokratski Sojuz na Makedonija (SDSM)",1508,"SDSM","Social Democratic Union of Macedonia","North Macedonia"
"Socijaldemokratski sojuz na Makedonija (SDSM)",1508,"SDSM","Social Democratic Union of Macedonia","North Macedonia"
"Socijalistika Partija na Makedonija (SPM)",724,"SPM","Socialist Party of Macedonia","North Macedonia"
"Socijalistička partija na Makedonija (SPM)",724,"SPM","Socialist Party of Macedonia","North Macedonia"
"Srpska stranka vo Makedonija (SSM)",,,,"North Macedonia"
"Tvoja partija",,,,"North Macedonia"
"Vnatrena Makedonska Revolucionerna Organizacija",1674,"VMRO — DPMNE","IMRO — Democratic Party for Macedonian National Unity","North Macedonia"
"Vnatrena Makedonska Revolucionerna Organizacija VMRO",1674,"VMRO — DPMNE","IMRO — Democratic Party for Macedonian National Unity","North Macedonia"
"Vnatrešna makedonska revolucionerna organizacija - Demokratska partija za maked",1674,"VMRO — DPMNE","IMRO — Democratic Party for Macedonian National Unity","North Macedonia"
"Vnatrešna makedonska revolucionerna organizacija - Narodna partija (VMRO-NP)",4258,"VMRO — NP","IMRO — People's Party","North Macedonia"
"Arbeiderpartiet",448,"DNA","Norwegian Labour Party","Norway"
"Center Party",1072,"Sp/Bp","Centre [Agrarian] Party","Norway"
"Center Party (SP)",1072,"Sp/Bp","Centre [Agrarian] Party","Norway"
"Centre Party",1072,"Sp/Bp","Centre [Agrarian] Party","Norway"
"Centre Party (SP)",1072,"Sp/Bp","Centre [Agrarian] Party","Norway"
"Centre Party (Sp)",1072,"Sp/Bp","Centre [Agrarian] Party","Norway"
"Centre Party - SP",1072,"Sp/Bp","Centre [Agrarian] Party","Norway"
"Centre Party - Senterpartiet (SP)",1072,"Sp/Bp","Centre [Agrarian] Party","Norway"
"Centre Party Sp",1072,"Sp/Bp","Centre [Agrarian] Party","Norway"
"Centre party",1072,"Sp/Bp","Centre [Agrarian] Party","Norway"
"Christ Democr Party",705,"KrF","Christian Democratic Party","Norway"
"Christian Democratic Party",705,"KrF","Christian Democratic Party","Norway"
"Christian Democratic Party (KRF)",705,"KrF","Christian Democratic Party","Norway"
"Christian Democratic Party (KrF)",705,"KrF","Christian Democratic Party","Norway"
"Christian Democratic Party (Krf)",705,"KrF","Christian Democratic Party","Norway"
"Christian Democratic Party - KrF",705,"KrF","Christian Democratic Party","Norway"
"Christian Democratic Party - Kristelig Folkeparti (KrF)",705,"KrF","Christian Democratic Party","Norway"
"Christian Democratic Party KrF",705,"KrF","Christian Democratic Party","Norway"
"Christian Party",705,"KrF","Christian Democratic Party","Norway"
"Christian People's Party",705,"KrF","Christian Democratic Party","Norway"
"Christian Peoples Party",705,"KrF","Christian Democratic Party","Norway"
"Coast Party (KYST)",677,"Kp","Coastal Party","Norway"
"Coastal Party",677,"Kp","Coastal Party","Norway"
"Coastal Party (KYST)",677,"Kp","Coastal Party","Norway"
"Communist Party (RV)",44,"RV","Red Electoral Alliance","Norway"
"Conserv Party",503,"H","Conservative Party","Norway"
"Conservative Party",503,"H","Conservative Party","Norway"
"Conservative Party (H)",503,"H","Conservative Party","Norway"
"Conservative Party - H",503,"H","Conservative Party","Norway"
"Conservative Party - Hoyre (H)",503,"H","Conservative Party","Norway"
"Conservative Party <H0yre>",503,"H","Conservative Party","Norway"
"Conservative Party H",503,"H","Conservative Party","Norway"
"Democrats in Norway",9012,"D","Democrats","Norway"
"Fremskrittspartiet",101,"FrP","Progress Party","Norway"
"Green Party",1963,"MDG","Green Party","Norway"
"Green Party (MDG)",1963,"MDG","Green Party","Norway"
"Green Party - Miljopartiet De Gronne (MDG)",1963,"MDG","Green Party","Norway"
"Høyre",503,"H","Conservative Party","Norway"
"Kristelig Folkeparti",705,"KrF","Christian Democratic Party","Norway"
"Kystpartiet",677,"Kp","Coastal Party","Norway"
"Labour Party",448,"DNA","Norwegian Labour Party","Norway"
"Labour Party  dna",448,"DNA","Norwegian Labour Party","Norway"
"Labour Party (A)",448,"DNA","Norwegian Labour Party","Norway"
"Labour Party (DNA)",448,"DNA","Norwegian Labour Party","Norway"
"Labour Party - Arbeiderpartiet (Ap)",448,"DNA","Norwegian Labour Party","Norway"
"Labour Party - Arbeiderpartiet (DNA)",448,"DNA","Norwegian Labour Party","Norway"
"Labour Party - DNA",448,"DNA","Norwegian Labour Party","Norway"
"Liberal",1173,"V","Liberal Party of Norway","Norway"
"Liberal Party",1173,"V","Liberal Party of Norway","Norway"
"Liberal Party (V)",1173,"V","Liberal Party of Norway","Norway"
"Liberal Party - V",1173,"V","Liberal Party of Norway","Norway"
"Liberal Party - Venstre (V)",1173,"V","Liberal Party of Norway","Norway"
"Liberal Party <Venstre>",1173,"V","Liberal Party of Norway","Norway"
"Liberal Party V",1173,"V","Liberal Party of Norway","Norway"
"Liberal party (V)",1173,"V","Liberal Party of Norway","Norway"
"Liberals (V)",1173,"V","Liberal Party of Norway","Norway"
"M-L Party",,,,"Norway"
"Miljøpartiet De Grønne",1963,"MDG","Green Party","Norway"
"Norwegian Labour Party",448,"DNA","Norwegian Labour Party","Norway"
"Party of Progress",101,"FrP","Progress Party","Norway"
"Pensioners' Party",317,"P","Pensioners Party","Norway"
"Progress Party",101,"FrP","Progress Party","Norway"
"Progress Party (FRP)",101,"FrP","Progress Party","Norway"
"Progress Party (FrP)",101,"FrP","Progress Party","Norway"
"Progress Party - FRP",101,"FrP","Progress Party","Norway"
"Progress Party - Fremskrittspartiet (FrP)",101,"FrP","Progress Party","Norway"
"Progress Party FrP",101,"FrP","Progress Party","Norway"
"Progressive Party",101,"FrP","Progress Party","Norway"
"Progressive Party (FrP)",101,"FrP","Progress Party","Norway"
"Red",3698,"DT","Red Party","Norway"
"Red Alliance",44,"RV","Red Electoral Alliance","Norway"
"Red Electoral All",44,"RV","Red Electoral Alliance","Norway"
"Red Electoral Allian",44,"RV","Red Electoral Alliance","Norway"
"Red Electoral Alliance",44,"RV","Red Electoral Alliance","Norway"
"Red Electoral Alliance (R d Valgallianse)",44,"RV","Red Electoral Alliance","Norway"
"Red Electoral Alliance (RV)",44,"RV","Red Electoral Alliance","Norway"
"Red Party",3698,"DT","Red Party","Norway"
"Red Party - Rodt",3698,"DT","Red Party","Norway"
"Rødt",3698,"DT","Red Party","Norway"
"Senterpartiet",1072,"Sp/Bp","Centre [Agrarian] Party","Norway"
"Socialist Left",719,"SV","Socialist Left Party","Norway"
"Socialist Left - SV",719,"SV","Socialist Left Party","Norway"
"Socialist Left - Sosialistisk Venstreparti (SV)",719,"SV","Socialist Left Party","Norway"
"Socialist Left Party",719,"SV","Socialist Left Party","Norway"
"Socialist Left Party (SV)",719,"SV","Socialist Left Party","Norway"
"Socialist Left Party - SV",719,"SV","Socialist Left Party","Norway"
"Socialist Left Party - Sosialistisk Venstreparti (SV)",719,"SV","Socialist Left Party","Norway"
"Socialist Left Party SV",719,"SV","Socialist Left Party","Norway"
"Socialist Party",,,,"Norway"
"Socialist left party (SV)",719,"SV","Socialist Left Party","Norway"
"Sosialistisk Venstreparti",719,"SV","Socialist Left Party","Norway"
"The Christians",705,"KrF","Christian Democratic Party","Norway"
"The Green Party - MDG",1963,"MDG","Green Party","Norway"
"The Green Party - Miljopartiet De Gronne (MDG)",1963,"MDG","Green Party","Norway"
"The Greens",1963,"MDG","Green Party","Norway"
"The Party Red",3698,"DT","Red Party","Norway"
"The Party Red (RØDT)",3698,"DT","Red Party","Norway"
"The Party Red - Rodt",3698,"DT","Red Party","Norway"
"The Socialist Left Party",719,"SV","Socialist Left Party","Norway"
"Venstre",1173,"V","Liberal Party of Norway","Norway"
"ANP",2326,"ANP","Awami National Party","Pakistan"
"All Pakistan Muslim League (Parvez Mushraf's Party)",5550,"ML","Muslim League","Pakistan"
"Assembly of Islamic Clerics",,,,"Pakistan"
"Assembly of Pakistani Clergy",,,,"Pakistan"
"Awami Muslim League",5551,"AL","Awami League","Pakistan"
"Awami National Party",2326,"ANP","Awami National Party","Pakistan"
"Awami National Party (ANP)",2326,"ANP","Awami National Party","Pakistan"
"Azaad Umeedwaar",,,,"Pakistan"
"Baloch National Party",,,,"Pakistan"
"Balochistan National Party",,,,"Pakistan"
"Balushitan National Party",,,,"Pakistan"
"Here-I-Am Prophet Muhammad SAW Movement Pakistan",,,,"Pakistan"
"Jamaat-e-Islami",6375,"JI","Pakistan Islamic Party","Pakistan"
"Jamat-e-Islami",6375,"JI","Pakistan Islamic Party","Pakistan"
"Jamiat Ulema Islam (FazlurRehman)",2386,"JUI","Jamiat Ulema-e-Islam","Pakistan"
"Jamiat Ulma-e-Islam (F)",2386,"JUI","Jamiat Ulema-e-Islam","Pakistan"
"Jamiat Ulma-e-Islam (FazlurRehman) (F)",2386,"JUI","Jamiat Ulema-e-Islam","Pakistan"
"Jiye Sindh Qaumi Ittehad",,,,"Pakistan"
"M.W.M",,,,"Pakistan"
"MMA",7150,"MMA","United Council of Action","Pakistan"
"MQM",2387,"MQM/HPG","Muttahida Quami Movement /Worship of the Real Group","Pakistan"
"Markazi Jamiat Al-Hadis",,,,"Pakistan"
"Movement for Justice",5587,"PTI","Pakistan Movement for Justice","Pakistan"
"Muslim League Functional",5550,"ML","Muslim League","Pakistan"
"Mutahida Majlis-e-Amal (MMA)",7150,"MMA","United Council of Action","Pakistan"
"Mutahida Qaumi Movement (MQM)",2387,"MQM/HPG","Muttahida Quami Movement /Worship of the Real Group","Pakistan"
"Muttahida Majlis-e-Amal",7150,"MMA","United Council of Action","Pakistan"
"Muttahida Qaumi Movement",2387,"MQM/HPG","Muttahida Quami Movement /Worship of the Real Group","Pakistan"
"Muttahida Qaumi Movement-London",2387,"MQM/HPG","Muttahida Quami Movement /Worship of the Real Group","Pakistan"
"Muttahida Qaumi Movement-Pakistan",2387,"MQM/HPG","Muttahida Quami Movement /Worship of the Real Group","Pakistan"
"Muttahida Quomia Movement (MQM)",2387,"MQM/HPG","Muttahida Quami Movement /Worship of the Real Group","Pakistan"
"Muttahida majlis-e-Amal (MMA)",7150,"MMA","United Council of Action","Pakistan"
"P.S.B",,,,"Pakistan"
"PML (N)",2384,"PML(N)","Pakistan Muslim League (Nawaz )","Pakistan"
"PML (Q)",2385,"PML(Q)","Pakistan Muslim League (Quaid e Azam Group)","Pakistan"
"PPP Pakistan People's Party",2383,"PPP","Pakistan Peoples Party","Pakistan"
"Pakhtunkhwah Mili Awami Party",,,,"Pakistan"
"Pakistan Awami Tehreek (PAT)",,,,"Pakistan"
"Pakistan Mayo Ittehad",,,,"Pakistan"
"Pakistan Muslim League",5550,"ML","Muslim League","Pakistan"
"Pakistan Muslim League (F)",5550,"ML","Muslim League","Pakistan"
"Pakistan Muslim League (N)",2384,"PML(N)","Pakistan Muslim League (Nawaz )","Pakistan"
"Pakistan Muslim League (Q)",2385,"PML(Q)","Pakistan Muslim League (Quaid e Azam Group)","Pakistan"
"Pakistan Muslim League Functional",5550,"ML","Muslim League","Pakistan"
"Pakistan Muslim League Quaid-e-Azam (Hum Khyal Group)",2385,"PML(Q)","Pakistan Muslim League (Quaid e Azam Group)","Pakistan"
"Pakistan Muslim League, Nawaz Sharif faction",2384,"PML(N)","Pakistan Muslim League (Nawaz )","Pakistan"
"Pakistan People's Party",2383,"PPP","Pakistan Peoples Party","Pakistan"
"Pakistan People's Party Parliamentarians (Sherpao)",,,,"Pakistan"
"Pakistan Peoples Party (PPP)",2383,"PPP","Pakistan Peoples Party","Pakistan"
"Pakistan Peoples Party (Shaheed Bhutto Group)",2383,"PPP","Pakistan Peoples Party","Pakistan"
"Pakistan Peoples Party Parliamentarian (PPP)",2383,"PPP","Pakistan Peoples Party","Pakistan"
"Pakistan Peoples Party Parliamentarian (PPPP)",2383,"PPP","Pakistan Peoples Party","Pakistan"
"Pakistan Tehreek-e-Insaf (PTI)",5587,"PTI","Pakistan Movement for Justice","Pakistan"
"Pashtunkhwa Milli Awami Party",,,,"Pakistan"
"Peoples party Parliamentarian (PPP)",2383,"PPP","Pakistan Peoples Party","Pakistan"
"Religious groups",,,,"Pakistan"
"Republican National Party",5868,"RP","Republican Party","Pakistan"
"Sardar Qayyum Khan Jatoi",,,,"Pakistan"
"Sindh United Party",,,,"Pakistan"
"TI",5587,"PTI","Pakistan Movement for Justice","Pakistan"
"Tehreek-e-Insaaf (TI)",5587,"PTI","Pakistan Movement for Justice","Pakistan"
"Tehrik-e-Insaf (TI)",5587,"PTI","Pakistan Movement for Justice","Pakistan"
"Tehrik-e-Jaferiya",,,,"Pakistan"
"A Special Women's Party",,,,"Palestinian Territories"
"Arab Liberation Front",,,,"Palestinian Territories"
"Arab Palestinian Front",,,,"Palestinian Territories"
"Associations of parents and teachers",,,,"Palestinian Territories"
"DFLP",6232,"DFLP","Democratic Front for the Liberation of Palestine","Palestinian Territories"
"Democratic Front for the Liberation of Palestine",6232,"DFLP","Democratic Front for the Liberation of Palestine","Palestinian Territories"
"FIDA",8702,"FIDA","Palestinian Democratic Union Party","Palestinian Territories"
"Fatah",6233,"Fatah","Fatah Movement / Palestinian National Liberation Movement","Palestinian Territories"
"Fatah Movement / Palestinian National Liberation Moveme",6233,"Fatah","Fatah Movement / Palestinian National Liberation Movement","Palestinian Territories"
"Fateh",6233,"Fatah","Fatah Movement / Palestinian National Liberation Movement","Palestinian Territories"
"Fida",8702,"FIDA","Palestinian Democratic Union Party","Palestinian Territories"
"Hamas",8011,"H","Hamas","Palestinian Territories"
"Hizb Ut-Tahrir",,,,"Palestinian Territories"
"Hizb ut-Tahrir",,,,"Palestinian Territories"
"Independent Islamist",,,,"Palestinian Territories"
"Independent Nationalist",,,,"Palestinian Territories"
"Islamic Jihad",,,,"Palestinian Territories"
"Islamic Jihad Movement",,,,"Palestinian Territories"
"Islamic State",,,,"Palestinian Territories"
"Liberation (Tahreer) Party",,,,"Palestinian Territories"
"National Inititiative (almubadara)",8703,"PNI","Palestinian National Initiative","Palestinian Territories"
"PFLP",,,,"Palestinian Territories"
"PIJ",,,,"Palestinian Territories"
"PNI",8703,"PNI","Palestinian National Initiative","Palestinian Territories"
"PPP",6234,"PPP","Palestine People's [Communist] Party","Palestinian Territories"
"Palestine People's [Communist] Party",6234,"PPP","Palestine People's [Communist] Party","Palestinian Territories"
"Palestinian Justice",,,,"Palestinian Territories"
"Palestinian National Initiative",8703,"PNI","Palestinian National Initiative","Palestinian Territories"
"Palestinian National Initiative",8703,"PNI","Palestinian National Initiative","Palestinian Territories"
"Palestinian National Initiative",8703,"PNI","Palestinian National Initiative","Palestinian Territories"
"People's Party",6234,"PPP","Palestine People's [Communist] Party","Palestinian Territories"
"People's party",6234,"PPP","Palestine People's [Communist] Party","Palestinian Territories"
"Popular Front for the Liberation of Palestine",,,,"Palestinian Territories"
"Popular Struggle (Nidal) Front",,,,"Palestinian Territories"
"Popular struggle (Nidal) front",,,,"Palestinian Territories"
"Struggle Front",,,,"Palestinian Territories"
"The Democratic Front of the Liberation of Palestine (DFLP)",6232,"DFLP","Democratic Front for the Liberation of Palestine","Palestinian Territories"
"The Islamic Jihad",,,,"Palestinian Territories"
"The Islamic jihad",,,,"Palestinian Territories"
"The Palestinian National Initiative",8703,"PNI","Palestinian National Initiative","Palestinian Territories"
"The Popular Front for the Liberation of Palestine (PFLP)",,,,"Palestinian Territories"
"The democratic front of the liberation of Palestine (DFLP)",6232,"DFLP","Democratic Front for the Liberation of Palestine","Palestinian Territories"
"The popular front for the liberation of Palestine (PFLP)",,,,"Palestinian Territories"
"Third Party",,,,"Palestinian Territories"
"Third Way/Salam Feyyad",8572,"TWP","Third Way","Palestinian Territories"
"Third way",8572,"TWP","Third Way","Palestinian Territories"
"democratic front for the liberation of palestine",6232,"DFLP","Democratic Front for the Liberation of Palestine","Palestinian Territories"
"independent - islamic",,,,"Palestinian Territories"
"independent - national",,,,"Palestinian Territories"
"islamic jihad movement",,,,"Palestinian Territories"
"islamic resistance movement (hamas)",8011,"H","Hamas","Palestinian Territories"
"palestine democratic union (fida)",8702,"FIDA","Palestinian Democratic Union Party","Palestinian Territories"
"palestinian national initiative",8703,"PNI","Palestinian National Initiative","Palestinian Territories"
"palestinian national liberation movement (fatah)",6233,"Fatah","Fatah Movement / Palestinian National Liberation Movement","Palestinian Territories"
"palestinian people?s party",6234,"PPP","Palestine People's [Communist] Party","Palestinian Territories"
"popular front for the liberation of palestine (pflp)",,,,"Palestinian Territories"
"third way",8572,"TWP","Third Way","Palestinian Territories"
"PA: Movimiento Liberal Republicano Nacionalista (MOLIRENA)",1555,"MOLIRENA","Nationalist Republican Liberal Movement","Panama"
"PA: Partido Arnulfista (PA)",202,"PNR/PPA","[National] Revolutionary Party / [Authentic] Panameñista Party","Panama"
"PA: Partido Cambio Democratico (CD)",59,"CD","Democratic Change","Panama"
"PA: Partido Cambio Democrático (CD)",59,"CD","Democratic Change","Panama"
"PA: Partido Liberal (PL)",5315,"PL","Liberal Party","Panama"
"PA: Partido Liberal Nacional (PLN)",380,"PLN","National Liberal Party","Panama"
"PA: Partido Panamenista (PP)",202,"PNR/PPA","[National] Revolutionary Party / [Authentic] Panameñista Party","Panama"
"PA: Partido Panameñista",202,"PNR/PPA","[National] Revolutionary Party / [Authentic] Panameñista Party","Panama"
"PA: Partido Panameñista (PP)",202,"PNR/PPA","[National] Revolutionary Party / [Authentic] Panameñista Party","Panama"
"PA: Partido Popular (PP)",987,"PP — PDC","People's Party — Christian Democratic Party of Panama","Panama"
"PA: Partido Realizando Metas",,,,"Panama"
"PA: Partido Revolucionario Democratico (PRD)",1351,"PRD","Democratic Revolutionary Party","Panama"
"PA: Partido Revolucionario Democrático (PRD)",1351,"PRD","Democratic Revolutionary Party","Panama"
"PA: Partido Solidaridad (PS)",949,"PS","Solidarity Party","Panama"
"PA: Unión Patriótica (UP)",7156,"UP","Patriotic Union","Panama"
"PA: Vanguardia Moral a la Patria",,,,"Panama"
"Partido Demócrata Cristiano (PDC)",987,"PP — PDC","People's Party — Christian Democratic Party of Panama","Panama"
"Partido Movimiento Liberal",,,,"Panama"
"Partido Nacionalista Popular",,,,"Panama"
"Partido Papa Egoro",5703,"MPE","Papa Egoro Movement","Panama"
"PY: Asociacion Nacional Republicana (ANR)",384,"ANR — PC","National Republican Association — Colorado Party","Paraguay"
"PY: Asociación Nacional Republicana (ANR)",384,"ANR — PC","National Republican Association — Colorado Party","Paraguay"
"PY: Frente Guasú (FG)",7638,"GF","Guasú Front","Paraguay"
"PY: Movimiento Popular Tekojoja (MPT)",2393,"MPT","Popular Movement Tekojoja","Paraguay"
"PY: Movimiento Popular Tekojojá (MPT)",2393,"MPT","Popular Movement Tekojoja","Paraguay"
"PY: Movimiento independiente Nueva Republica",,,,"Paraguay"
"PY: Partido Blanco (PB)",,,,"Paraguay"
"PY: Partido Colorado (PC)",384,"ANR — PC","National Republican Association — Colorado Party","Paraguay"
"PY: Partido Comunista Paraguayo (PCP)",,,,"Paraguay"
"PY: Partido Cruzada Nacional",9286,"MCN/PCN","National Crusade Movement/National Crusade Party","Paraguay"
"PY: Partido Democratico Progresista (PDP)",7639,"PDP","Progressive Democratic Party","Paraguay"
"PY: Partido Democrático Progresista (PDP)",7639,"PDP","Progressive Democratic Party","Paraguay"
"PY: Partido Demócrata Cristiano (PDC)",6054,"PDC","Christian Democratic Party","Paraguay"
"PY: Partido Encuentro Nacional (PEN)",571,"PEN","National Encounter Party","Paraguay"
"PY: Partido HAGAMOS!",,,,"Paraguay"
"PY: Partido Liberal Radical Autentico (PLRA)",1245,"PLRA","Authentic Radical Liberal Party","Paraguay"
"PY: Partido Liberal Radical Auténtico (PLRA)",1245,"PLRA","Authentic Radical Liberal Party","Paraguay"
"PY: Partido Pais Solidario (PPS)",314,"PPS","Party for a Country of Solidarity","Paraguay"
"PY: Partido Patria Querida (PPQ)",220,"PPQ","Beloved Fatherland Party","Paraguay"
"PY: Partido País Solidario (PPS)",314,"PPS","Party for a Country of Solidarity","Paraguay"
"PY: Partido Revolucionario Febrerista (PRF)",5165,"PRF","Revolutionary Febrerista Party","Paraguay"
"PY: Partido del Movimiento al Socialismo (PMAS)",,,,"Paraguay"
"PY: Union Nacional de Ciudadanos Eticos (UNACE)",1339,"UNACE","National Union of Ethical Citizens","Paraguay"
"PY: Unión Nacional de Ciudadanos Éticos (UNACE)",1339,"UNACE","National Union of Ethical Citizens","Paraguay"
"APRA – Partido Aprista Peruano (Peruvian Aprista Party)",529,"APRA/PAP","American Popular Revolutionary Alliance / Peruvian Aprista Party","Peru"
"Accion Popular AP",514,"AP","Popular Action/People's Action","Peru"
"Acción Popular (Popular Action)",514,"AP","Popular Action/People's Action","Peru"
"Agricultural People's Front of Peru",7006,"FREPAP","Agricultural People's Front of Peru","Peru"
"Alianza para el Progreso (Alliance for Progress)",4218,"APEP","Alliance for Progress","Peru"
"Alianza por el futuro",499,"AF","Alliance for the Future","Peru"
"All for Peru",,,,"Peru"
"All for Victory",4222,"TPLV","All for Victory","Peru"
"Alliance for Progress",4218,"APEP","Alliance for Progress","Peru"
"Alliance for the Great Change",,,,"Peru"
"Alliance for the Progress of Peru",4218,"APEP","Alliance for Progress","Peru"
"Always united",,,,"Peru"
"American Popular Revolutionary Alliance",529,"APRA/PAP","American Popular Revolutionary Alliance / Peruvian Aprista Party","Peru"
"Broad Front",6646,"FA-JVL","Broad Front for Justice, Life and Liberty","Peru"
"Broad Front for Justice, Life and Liberty",6646,"FA-JVL","Broad Front for Justice, Life and Liberty","Peru"
"CODE Pais Posible",,,,"Peru"
"Cambio 90- Nueva Mayoria",,,,"Peru"
"Change 90",4219,"NM","Change 90","Peru"
"Christian People's Party",1780,"PPC","Christian People's Party","Peru"
"Democracia Directa (Direct Democracy)",7002,"DD","Direct Democracy","Peru"
"Democratic Party'We Are Peru'",,,,"Peru"
"Democratic Party´We Are Peru´",,,,"Peru"
"Direct Democracy",7002,"DD","Direct Democracy","Peru"
"FRENATRACA",4216,"FNTC","National Front of Workers and Farmers","Peru"
"FREPAP",7006,"FREPAP","Agricultural People's Front of Peru","Peru"
"Fonavistas of Peru",,,,"Peru"
"Forward",,,,"Peru"
"Free Peru",9289,"PL","Free Peru","Peru"
"Frente Amplio (Broad Front for Justice, Life and Liberty)",6646,"FA-JVL","Broad Front for Justice, Life and Liberty","Peru"
"Frente Nacional de Trabajadores y Campesinos (FRENATRACA)",4216,"FNTC","National Front of Workers and Farmers","Peru"
"Frente Popular Agrícola FIA del Perú (FREPAP)",7006,"FREPAP","Agricultural People's Front of Peru","Peru"
"Fuerza Popular (Popular Force)",4214,"FP","Popular Force 2011","Peru"
"Go on Country-Social Integration Party",9288,"AvP","Go on Country – Social Integration Party","Peru"
"IU",4860,"IU","United Left","Peru"
"Independent Moralizing Front",4215,"FIM","Independent Moralizing Front","Peru"
"MDI",,,,"Peru"
"National Awakening",,,,"Peru"
"National Force",,,,"Peru"
"National Restoration",713,"RN","National Restoration Party","Peru"
"National Solidarity Party",290,"SN","National Solidarity Party","Peru"
"National United Renaissance",,,,"Peru"
"National Unity",2554,"UN","National Unity","Peru"
"New Peru",,,,"Peru"
"OBRAS",,,,"Peru"
"PE: Acción Popular (AP)",514,"AP","Popular Action/People's Action","Peru"
"PE: Alianza Popular",,,,"Peru"
"PE: Alianza Popular Revolucionaria Americana (APRA)",529,"APRA/PAP","American Popular Revolutionary Alliance / Peruvian Aprista Party","Peru"
"PE: Alianza para el Progreso",4218,"APEP","Alliance for Progress","Peru"
"PE: Alianza por el Futuro (AF)",499,"AF","Alliance for the Future","Peru"
"PE: Cambio 90",4219,"NM","Change 90","Peru"
"PE: Frente Amplio",6646,"FA-JVL","Broad Front for Justice, Life and Liberty","Peru"
"PE: Frente Independiente Moralizador (FIM)",4215,"FIM","Independent Moralizing Front","Peru"
"PE: Frente Popular Agrícola Fia del Perú (PREPAP)",7006,"FREPAP","Agricultural People's Front of Peru","Peru"
"PE: Frente de Centro (Somos Perú-Acción Popular)",,,,"Peru"
"PE: Fuerza Popular (antiguo 'Fuerza 2011')",4214,"FP","Popular Force 2011","Peru"
"PE: Izquierda Unida (IU)",4860,"IU","United Left","Peru"
"PE: Movimiento Independiente Agrario (MIA)",4874,"MIA","Independent Agrarian Movement","Peru"
"PE: Partido Aprista Peruano (PAP)",529,"APRA/PAP","American Popular Revolutionary Alliance / Peruvian Aprista Party","Peru"
"PE: Partido Independiente",,,,"Peru"
"PE: Partido Nacionalista Peruano (PNP)",345,"PNP","Peruvian Nationalist Party","Peru"
"PE: Partido Popular Cristiano (PPC)",1780,"PPC","Christian People's Party","Peru"
"PE: Partido Solidaridad Nacional (PSN)",290,"SN","National Solidarity Party","Peru"
"PE: Peruanos por el Kambio (PPK)",6647,"PPK","Peruvians for Change","Peru"
"PE: Perú Posible (PC)",4861,"PP","Possible Peru / Possible Country","Peru"
"PE: Renovación (R)",9287,"RP","Popular Renewal","Peru"
"PE: Restauración Nacional (RN)",713,"RN","National Restoration Party","Peru"
"PE: Solidaridad Nacional (PSN)",290,"SN","National Solidarity Party","Peru"
"PE: Somos Perú (SP)",4223,"SP","We are Peru","Peru"
"PE: Sí Cumple/Alianza Fujimorista (SC)",8130,"SC","Keep Promises","Peru"
"PE: Sí Cumple/Alianza Fujimorista (SC)/Fuerza 2011",,,,"Peru"
"PE: Todos por el Perú (antiguo 'Coordinadora Nacional de Ind",4222,"TPLV","All for Victory","Peru"
"PE: Unidad Nacional (Partido Popular Cristiano-Solidaridad N",,,,"Peru"
"PE: Unión por el Perú (UPP)",575,"UPP","Union for Peru","Peru"
"PE: Unión por el Perú / Partido Nacionalista Peruano",,,,"Peru"
"PE: Vamos Vecino",,,,"Peru"
"PPC",1780,"PPC","Christian People's Party","Peru"
"PPC – Partido Popular Cristiano (Popular Christian Party)",1780,"PPC","Christian People's Party","Peru"
"Partidao Nacionalista Peruano",345,"PNP","Peruvian Nationalist Party","Peru"
"Partido Aprista Peruano APRA",529,"APRA/PAP","American Popular Revolutionary Alliance / Peruvian Aprista Party","Peru"
"Partido Comunista Peruano (Peruvian Communist Party)",7486,"PCP","Peruvian Communist Party","Peru"
"People's Solution Coallition",7003,"SP","People's Solution","Peru"
"Peru 2000",5130,"P","Peru 2000","Peru"
"Peru Posible",4861,"PP","Possible Peru / Possible Country","Peru"
"Peru Secure Homeland",,,,"Peru"
"Peru Wins",8835,"GP","Peru Wins","Peru"
"Peruanos por el Kambio (Peruvians for Change)",6647,"PPK","Peruvians for Change","Peru"
"Peruvian Aprista Party",529,"APRA/PAP","American Popular Revolutionary Alliance / Peruvian Aprista Party","Peru"
"Peruvian Humanist Party",7158,"PMHP","Peruvian Humanist Party","Peru"
"Peruvian Nationalist Party",345,"PNP","Peruvian Nationalist Party","Peru"
"Peruvians for Change",6647,"PPK","Peruvians for Change","Peru"
"Perú Posible (Possible Peru)",4861,"PP","Possible Peru / Possible Country","Peru"
"Podemos Peru",,,,"Peru"
"Popular Action",514,"AP","Popular Action/People's Action","Peru"
"Popular Force",4214,"FP","Popular Force 2011","Peru"
"Popular Renewal",9287,"RP","Popular Renewal","Peru"
"Possible Peru",4861,"PP","Possible Peru / Possible Country","Peru"
"Project Country",7005,"PP","Project Country","Peru"
"Purple Party",8750,"PM","Purple Party","Peru"
"Restauracion Nacional",713,"RN","National Restoration Party","Peru"
"Together for Peru",,,,"Peru"
"Unidad Nacional",2554,"UN","National Unity","Peru"
"Union for Peru",575,"UPP","Union for Peru","Peru"
"Union por el Peru UPP",575,"UPP","Union for Peru","Peru"
"We Can Peru",,,,"Peru"
"Win Peru",8835,"GP","Peru Wins","Peru"
"ALIF Party",,,,"Philippines"
"APEC - Association Of Philippine Electric Cooperatives",,,,"Philippines"
"APEC-Ass o Power Electric Coop",,,,"Philippines"
"Abanse Pinay",,,,"Philippines"
"Abestros Party",,,,"Philippines"
"Administration Party",,,,"Philippines"
"Akbayan",2391,"AKBAYAN","Akbayan Citizens' Action Party","Philippines"
"Ako Bicol",7029,"AKB","Ako Bicol Political Party","Philippines"
"Aksyon Demokratiko",7086,"AD","Democratic Action","Philippines"
"Alab Katipunan",,,,"Philippines"
"Alagad Party",,,,"Philippines"
"An Waray",7026,"AW","An Waray","Philippines"
"Anak Mindanao-AMIN",7042,"AMIN","Children of Mindanao","Philippines"
"Anak Pawis",7028,"An","Anakpawis","Philippines"
"Anakbayan",,,,"Philippines"
"Anakpawis",7028,"An","Anakpawis","Philippines"
"Ang Laban ng Indiginong Pilipino-ALIF",,,,"Philippines"
"Angara Party",,,,"Philippines"
"Asenso Pilipino Party - APP",,,,"Philippines"
"BUHAY  - Buhay Hayaan Yumabong",5172,"BUH","Let Life Prosper","Philippines"
"Bagong Lakas ng Nuev",,,,"Philippines"
"Bando Osmena Party",,,,"Philippines"
"Bando Osmena Pundok",,,,"Philippines"
"Bando Osmena Pundok Kauswagan - BOPK",,,,"Philippines"
"Bangon Pilipinas",,,,"Philippines"
"Bayan Muna",2390,"BM","Nation First","Philippines"
"Belmonte Party",,,,"Philippines"
"Bicol Saro",,,,"Philippines"
"Bongbony Marcos Party",,,,"Philippines"
"Buhay Hayaan Yumabong - BUHAY",5172,"BUH","Let Life Prosper","Philippines"
"Butil",,,,"Philippines"
"COOP-NATCCO (Cooperative Natcco Network Party)",7040,"C-NATCCO","Cooperative NATCCO Party","Philippines"
"Centrist Democratic Party of the Philippines",,,,"Philippines"
"Citizens Action Party, Akbayan",2391,"AKBAYAN","Akbayan Citizens' Action Party","Philippines"
"Citizens Battle against Corruption - CIBAC",7038,"CIBAC","Citizens' Battle Against Corruption","Philippines"
"Citizens Do Not Take Drugs",,,,"Philippines"
"Cocofed",,,,"Philippines"
"Cojuango Party",,,,"Philippines"
"Communist Party",,,,"Philippines"
"De Venecia Party",,,,"Philippines"
"De Venecia S Party",,,,"Philippines"
"Democratic Action",7086,"AD","Democratic Action","Philippines"
"Dutertes Party",,,,"Philippines"
"Erap Party",,,,"Philippines"
"Fight of Democratic Filipinos",4252,"LDP","Fight of Democratic Filipinos","Philippines"
"Force of the Filipino Masses",3654,"PMP","Force of the Filipino Masses","Philippines"
"Gabriela",7027,"GABRIELA","Gabriela Women's Party","Philippines"
"Gabriela Women's Party",7027,"GABRIELA","Gabriela Women's Party","Philippines"
"Herbert Bautista",,,,"Philippines"
"Hindi pa nakapag-dec",,,,"Philippines"
"Hugpong ng Pagbabago",,,,"Philippines"
"Imeldas Party",,,,"Philippines"
"Independent Party",,,,"Philippines"
"Joel Mobedrianos Party",,,,"Philippines"
"Joson Party",,,,"Philippines"
"K4 Block Party",,,,"Philippines"
"KAMPI",2465,"KAMPI","Partner of the Free Filipino","Philippines"
"KBL-Kilusang Bagong Lipu",4248,"KBL","New Society Movement","Philippines"
"KNP Block Party",,,,"Philippines"
"KNP-Koalisyon Ng Nagkakaisang",,,,"Philippines"
"Kilusang Bagong Lipu",4248,"KBL","New Society Movement","Philippines"
"Kilusang Bagong Lipunan",4248,"KBL","New Society Movement","Philippines"
"Kilusang Bagong Lipunan - KBL",4248,"KBL","New Society Movement","Philippines"
"Kilusang Bagong lipunan (KBL)",4248,"KBL","New Society Movement","Philippines"
"LAKAS-NUCD-UMDP",,,,"Philippines"
"LAKAS-NUCD-UMDP (Lakas NG Tao-National union of Christian Democrats-United Moro Democratic party)",,,,"Philippines"
"LAKAS-NUCD-UMDP Party",,,,"Philippines"
"LDP (LABAN NG DEMOKRATIKONG PILIPINO)",4252,"LDP","Fight of Democratic Filipinos","Philippines"
"LDP-Lakas ng Demokratiko",4252,"LDP","Fight of Democratic Filipinos","Philippines"
"LM-Lapiang Manggagawa",,,,"Philippines"
"LP (LIBERAL PARTY)",2330,"PLP","Liberal Party","Philippines"
"LP-Liberal Party",2330,"PLP","Liberal Party","Philippines"
"Laban ng Alyansang",,,,"Philippines"
"Laban ng Demokratikong Pilipino - LDP",4252,"LDP","Fight of Democratic Filipinos","Philippines"
"Laban ng demokratikong (LDP)",4252,"LDP","Fight of Democratic Filipinos","Philippines"
"Lacson Party",,,,"Philippines"
"Lakas",2388,"Lakas — CMD","Lakas — Christian Muslim Democrats","Philippines"
"Lakas Bayan",4602,"PDP — Laban","Philippine Democratic Party — Power of the Nation","Philippines"
"Lakas NUCD",,,,"Philippines"
"Lakas NUCD-UMDP",,,,"Philippines"
"Lakas ng Demokratiko",4252,"LDP","Fight of Democratic Filipinos","Philippines"
"Lakas-Christian Muslim Democrats",2388,"Lakas — CMD","Lakas — Christian Muslim Democrats","Philippines"
"Lakas-Christian Muslim Democrats (Lakas-CMD)",2388,"Lakas — CMD","Lakas — Christian Muslim Democrats","Philippines"
"Lakas-Laban",,,,"Philippines"
"Lakas–Christian Muslim Democrats (Lakas–CMD)",2388,"Lakas — CMD","Lakas — Christian Muslim Democrats","Philippines"
"Lapiang Manggagawa",,,,"Philippines"
"Lapiang manggagawa",,,,"Philippines"
"Liberal Party",2330,"PLP","Liberal Party","Philippines"
"Liberal Party (LP)",2330,"PLP","Liberal Party","Philippines"
"Liberal Party - LP",2330,"PLP","Liberal Party","Philippines"
"Liberal Party of the Philippines",2330,"PLP","Liberal Party","Philippines"
"Macedas Party",,,,"Philippines"
"Magdalo",,,,"Philippines"
"Marquez Group",,,,"Philippines"
"Mayor Lambino Party",,,,"Philippines"
"Mayor of Visayas Party",,,,"Philippines"
"Mayor of Zamboangas",,,,"Philippines"
"Migrante",,,,"Philippines"
"Miriams Party",,,,"Philippines"
"NATURAL LAW PARTY",,,,"Philippines"
"NP (NACIONALISTA PARTY)",2389,"PNP","Nacionalist Party","Philippines"
"NP-Nacionalista Party",2389,"PNP","Nacionalist Party","Philippines"
"NP-Nacionalista Prty",2389,"PNP","Nacionalist Party","Philippines"
"NPC (NATIONALIST PEOPLES COALITION)",2466,"KMB","Nationalist People's Coalition","Philippines"
"NPC-Nationalists People",2466,"KMB","Nationalist People's Coalition","Philippines"
"NPC-Nationalists Peoples Coalition",2466,"KMB","Nationalist People's Coalition","Philippines"
"Nacionalista Party",2389,"PNP","Nacionalist Party","Philippines"
"Nacionalista Party (NP)",2389,"PNP","Nacionalist Party","Philippines"
"Nacionalista Party - NP",2389,"PNP","Nacionalist Party","Philippines"
"National Unity Party",5169,"NUP","National Unity Party","Philippines"
"National Unity Party (NUP)",5169,"NUP","National Unity Party","Philippines"
"National Unity Party (Philippines)",5169,"NUP","National Unity Party","Philippines"
"Nationalist People's Coalition",2466,"KMB","Nationalist People's Coalition","Philippines"
"Nationalist People's Coalition",2466,"KMB","Nationalist People's Coalition","Philippines"
"Nationalist People's Coalition",2466,"KMB","Nationalist People's Coalition","Philippines"
"Nationalist People's Coalition (NPC)",2466,"KMB","Nationalist People's Coalition","Philippines"
"Nationalist Peoples Coalition - NPC",2466,"KMB","Nationalist People's Coalition","Philippines"
"Nationalists People",2466,"KMB","Nationalist People's Coalition","Philippines"
"Natural Law Party",,,,"Philippines"
"Natural Law party (NLP)",,,,"Philippines"
"Nena Ramos Party",,,,"Philippines"
"New Society Movement",4248,"KBL","New Society Movement","Philippines"
"No particular party, but special leaders (individual-related) of parties",,,,"Philippines"
"Nograles Party",,,,"Philippines"
"Obet Pagdanganan P",,,,"Philippines"
"Ompia Party",,,,"Philippines"
"One Cebu",,,,"Philippines"
"One Muntinlupa",,,,"Philippines"
"Otso Diretso",,,,"Philippines"
"PDP Laban",4602,"PDP — Laban","Philippine Democratic Party — Power of the Nation","Philippines"
"PDP-LABAN (PHILIPPINE DEMOCRATIC PARTY-LAKAS NG BAYAN)",4602,"PDP — Laban","Philippine Democratic Party — Power of the Nation","Philippines"
"PDP-LABAN Phil Democr Prty",4602,"PDP — Laban","Philippine Democratic Party — Power of the Nation","Philippines"
"PDP-Phil Democratic Party",4602,"PDP — Laban","Philippine Democratic Party — Power of the Nation","Philippines"
"PDSP (PARTIDO DEMOKRATIKO SOSYALISTA NG PILIPINAS)",,,,"Philippines"
"PDSP (Partido Demokratiko Sosyalista ng PiliPinas)",,,,"Philippines"
"PDSP-Partido Democratico",6891,"PD","Democratic Party","Philippines"
"PM - Partido ng Manggagawa",,,,"Philippines"
"PMP (PARTIDO NG MASANG PILIPINO)",3654,"PMP","Force of the Filipino Masses","Philippines"
"PMP-Partido ng Masang Pi",3654,"PMP","Force of the Filipino Masses","Philippines"
"PMP-Partido ng Masang Pil",3654,"PMP","Force of the Filipino Masses","Philippines"
"PP-Partido Panghiusa",,,,"Philippines"
"PRP Peoples Reform P",4249,"REPORMA","Party for Democratic Reform","Philippines"
"PRP-Peoples Reform P",4249,"REPORMA","Party for Democratic Reform","Philippines"
"Padayon Philippino",,,,"Philippines"
"Partido Democratico",6891,"PD","Democratic Party","Philippines"
"Partido Demokratiko Pilipino-Lakas ng Bayan (PDP-Laban)",4602,"PDP — Laban","Philippine Democratic Party — Power of the Nation","Philippines"
"Partido Demokratiko Pilipino-Lakas ng Bayan (PDP–Laban)",4602,"PDP — Laban","Philippine Democratic Party — Power of the Nation","Philippines"
"Partido Liberal ng Pilipinas - Liberal Party of the Philippines (LP)",2330,"PLP","Liberal Party","Philippines"
"Partido Magdalo",,,,"Philippines"
"Partido NG Masang Pilipino - PMP",3654,"PMP","Force of the Filipino Masses","Philippines"
"Partido Panaghiusa",,,,"Philippines"
"Partido Panghiusa",,,,"Philippines"
"Partido ng Masang Pi",3654,"PMP","Force of the Filipino Masses","Philippines"
"Partido ng Masang Pilipino (PMP)",3654,"PMP","Force of the Filipino Masses","Philippines"
"Partido ni Mayor Esp",,,,"Philippines"
"Partido ni Roco",,,,"Philippines"
"People Power Coalition",,,,"Philippines"
"People's Reform Party",4249,"REPORMA","Party for Democratic Reform","Philippines"
"People's reform party (PRP)",4249,"REPORMA","Party for Democratic Reform","Philippines"
"Peoples Reform",4249,"REPORMA","Party for Democratic Reform","Philippines"
"Phil Democratic Party",4602,"PDP — Laban","Philippine Democratic Party — Power of the Nation","Philippines"
"Philippine Democratic Party - PDP-LABAN",4602,"PDP — Laban","Philippine Democratic Party — Power of the Nation","Philippines"
"Philippine Democratic Party - PDP-LABAN, Partido Demokratiko",,,,"Philippines"
"Philippine Democratic Party–People's Power",4602,"PDP — Laban","Philippine Democratic Party — Power of the Nation","Philippines"
"Philippine Democratic Socialist Party",,,,"Philippines"
"Probinsya Muna Development Initiative",,,,"Philippines"
"Promdi",4250,"PROMDI","PROGESSIVE MOVEMENT FOR DEVOLUTION OF INITIATIVES","Philippines"
"Pundok Kauswagan",,,,"Philippines"
"Ramos Party",,,,"Philippines"
"SCFO-Small Coconut Feder",,,,"Philippines"
"Struggle of the Patriotic Filipino Masse",4601,"LAMMP","Struggle of the Patriotic Filipino Masses","Philippines"
"Suara Bangsamuro",,,,"Philippines"
"TUCP - Trade Union Congress Party",,,,"Philippines"
"Tito Sotto Party",,,,"Philippines"
"UFP Veterans Fed of Ph",,,,"Philippines"
"United Nationalist Alliance",5171,"UNA","United Nationalist Alliance","Philippines"
"United Nationalist Alliance (UNA)",5171,"UNA","United Nationalist Alliance","Philippines"
"VFP (Veterans Freedom Party)",,,,"Philippines"
"Women´s party",,,,"Philippines"
"kbl",4248,"KBL","New Society Movement","Philippines"
"laban",4602,"PDP — Laban","Philippine Democratic Party — Power of the Nation","Philippines"
"lammp",4601,"LAMMP","Struggle of the Patriotic Filipino Masses","Philippines"
"ldp",4252,"LDP","Fight of Democratic Filipinos","Philippines"
"npc",2466,"KMB","Nationalist People's Coalition","Philippines"
"nucd",,,,"Philippines"
"pdp",4602,"PDP — Laban","Philippine Democratic Party — Power of the Nation","Philippines"
"""Peasant Alliance""",1266,"PL","Peasants Agreement","Poland"
"""Solidarity""T-Union",767,"S","Solidarity","Poland"
"""Solidarity""Trade-Union",767,"S","Solidarity","Poland"
"'Klub Sluzby Niepodleglsoci- Okregu Wyborczego Nr 10'",,,,"Poland"
"ALTERNATIVE Social Movement",,,,"Poland"
"AWS Solidarity Election Action",863,"AWS","Solidarity Electoral Action of the Right","Poland"
"AWS: Solidarity election action",863,"AWS","Solidarity Electoral Action of the Right","Poland"
"Akcja Wyborcza Solidarnosc (Electoral Action Solidarity)",863,"AWS","Solidarity Electoral Action of the Right","Poland"
"Alliance of the Polish Right",,,,"Poland"
"Alternative Social Movement",,,,"Poland"
"Beer Friends Party",464,"PPPP","Polish Friends of Beer Party","Poland"
"Bloc for Poland",145,"NCD-BdP","National Christian Democratic - Block for Poland","Poland"
"Cath Elect Action",1458,"WAK","Catholic Election Action","Poland"
"Catholic Election Co",1458,"WAK","Catholic Election Action","Poland"
"Center",,,,"Poland"
"Center Alliance",1649,"PC","Centre Agreement","Poland"
"Christian Democracy",468,"ChD","Christian Democracy","Poland"
"Christian Democracy P",468,"ChD","Christian Democracy","Poland"
"Christian Democracy of III Republick",,,,"Poland"
"Christian Democrats Party",468,"ChD","Christian Democracy","Poland"
"Christian National Union",70,"ZChN","Christian National Union","Poland"
"Citizens' Platform",1117,"PO","Civic Platform","Poland"
"Civic Coalition",9122,"KO","Civic Coalition","Poland"
"Civic Coalition - Koalicja Obywatelska (KO)",9122,"KO","Civic Coalition","Poland"
"Civic Platform",1117,"PO","Civic Platform","Poland"
"Civic Platform - PO",1117,"PO","Civic Platform","Poland"
"Civic Platform of Republic of Poland - PO",1117,"PO","Civic Platform","Poland"
"Coalition Of The Alliance Of The Democratic Left - The Union of Labor",,,,"Poland"
"Coalition for Poland",,,,"Poland"
"Coalition: Solidarity with the President",,,,"Poland"
"Confederation",9026,"Konf","Confederation Freedom and Independence","Poland"
"Confederation Liberty and Independence (Konfederacja Wolno?? i Niepodleg?o??)/Wolnosc (KORWiN) (Coalition for the R",,,,"Poland"
"Confederation Liberty and Independence - Konfederacja Wolnosc i Niepodleglosc (Konfederacja)",9026,"Konf","Confederation Freedom and Independence","Poland"
"Confederation of Independent Poland",1615,"KPN","Confederation for Independent Poland","Poland"
"Congress of the New Right",4713,"KNP","Congress of the New Right","Poland"
"Conservative Peasent Party",,,,"Poland"
"Democratic Left Alliance",57,"SLD","Democratic Left Alliance","Poland"
"Democratic Left Alliance - SLD",57,"SLD","Democratic Left Alliance","Poland"
"Democratic Left Alliance - Sojusz Lewicy Demokratycznej (SLD)",57,"SLD","Democratic Left Alliance","Poland"
"Democratic Party",919,"SD","Democratic Party","Poland"
"Democratic Party - PD",1566,"PD","Democratic Party","Poland"
"Democratic Party demokraci.pl",1566,"PD","Democratic Party","Poland"
"Democratic Union",1046,"UD","Democratic Union","Poland"
"Demokrat societal mov",,,,"Poland"
"Demokratyczna Partia Lewicy",,,,"Poland"
"Dom Ojczysty (Ancestral Home)",,,,"Poland"
"Feminist Initiative",,,,"Poland"
"Freedom Union",8268,"UW","Freedom Union","Poland"
"German Minority",1439,"MN","German minority","Poland"
"German Minority - Prawoslawni Slavic Ethnic Association - 'Orthodox Believers'",,,,"Poland"
"German Minority Association In Olsztyn",,,,"Poland"
"German Minority Electoral Committee",1439,"MN","German minority","Poland"
"German minority",1439,"MN","German minority","Poland"
"Indep PL Confeder",1615,"KPN","Confederation for Independent Poland","Poland"
"Independent s Open C",,,,"Poland"
"Janusz Korwin - Mikke New Right",4713,"KNP","Congress of the New Right","Poland"
"Janusz Korwin - Mikke New Right - Nowa Prawica",4713,"KNP","Congress of the New Right","Poland"
"Janusz Korwin-Mikke New Right",4713,"KNP","Congress of the New Right","Poland"
"KORWiN",4629,"KORWIN","Coalition for the Renewal of the Republic — Liberty and Hope","Poland"
"KPEIR - Country Party of Pensioned and Retired Persons",391,"KPEiR","National Party of Retirees and Pensioners","Poland"
"KPEiR (Country Party of Pennsioned and Retired Persons)",391,"KPEiR","National Party of Retirees and Pensioners","Poland"
"KPEiR (Krajowa Partia Emerytów i Rencistów)",391,"KPEiR","National Party of Retirees and Pensioners","Poland"
"KPN (Konfederacja Polski Niepodleglej) (nationalistic,irr",1615,"KPN","Confederation for Independent Poland","Poland"
"Konfederacja Wolność i Niepodległość",9026,"Konf","Confederation Freedom and Independence","Poland"
"Kongres Nowej Prawicy",4713,"KNP","Congress of the New Right","Poland"
"Korwin",4629,"KORWIN","Coalition for the Renewal of the Republic — Liberty and Hope","Poland"
"Krajowa Partia Emerytow i Rencistow",391,"KPEiR","National Party of Retirees and Pensioners","Poland"
"Krajowa Partia Emerytów i Rencistów - KPEiR",391,"KPEiR","National Party of Retirees and Pensioners","Poland"
"Kukiz 15",4631,"K","Kukiz'15","Poland"
"Kukiz'15",4631,"K","Kukiz'15","Poland"
"Kukiz15",4631,"K","Kukiz'15","Poland"
"LEPPERs Self-Defense Trade Union",727,"SRP","Self-Defense of the Republic Poland","Poland"
"LPR League of Polish Families",1768,"LPR","League of Polish Families","Poland"
"LPR Liga Polskich Rodzin (The League of Polish Families)",1768,"LPR","League of Polish Families","Poland"
"LPR: League of polish families",1768,"LPR","League of Polish Families","Poland"
"Labor Party",8226,"SP","Labor Party","Poland"
"Labor Solidarity",923,"SP","Labour Solidarity","Poland"
"Labor Union",1104,"UP","Labour Union","Poland"
"Labour Union",1104,"UP","Labour Union","Poland"
"Law and Justice",1565,"PiS","Law and Justice","Poland"
"Law and Justice - PiS",1565,"PiS","Law and Justice","Poland"
"Law and Justice - Prawo i Sprawiedliwosc (PiS)",1565,"PiS","Law and Justice","Poland"
"Law and Justice Party - PIS",1565,"PiS","Law and Justice","Poland"
"League of Polish Families",1768,"LPR","League of Polish Families","Poland"
"League of Polish Families - LPR",1768,"LPR","League of Polish Families","Poland"
"Left and Democrats",1588,"LiD","Left and Democrats","Poland"
"Left and Democrats - LID",1588,"LiD","Left and Democrats","Poland"
"Left-Democr Allianc",57,"SLD","Democratic Left Alliance","Poland"
"Left-Democr Alliance",57,"SLD","Democratic Left Alliance","Poland"
"Left-only general formulation",,,,"Poland"
"Lepper's self-defense trade union",727,"SRP","Self-Defense of the Republic Poland","Poland"
"Lepper`s self-defense trade union",727,"SRP","Self-Defense of the Republic Poland","Poland"
"Leppers Self-Defense",727,"SRP","Self-Defense of the Republic Poland","Poland"
"Lewica Razem",4871,"Razem","[Left] Together","Poland"
"Lewica Razem (Left Together)",4871,"Razem","[Left] Together","Poland"
"LiD Left and Democrats",1588,"LiD","Left and Democrats","Poland"
"Lib-Democr Alliance",,,,"Poland"
"Lib-Democr Congress",153,"KLD","Liberal Democratic Congress","Poland"
"Liberal, true democratic",,,,"Poland"
"Liberty (Korwin)",4629,"KORWIN","Coalition for the Renewal of the Republic — Liberty and Hope","Poland"
"Liga Polskich Rodzin",1768,"LPR","League of Polish Families","Poland"
"Liga Polskich Rodzin – LPR",1768,"LPR","League of Polish Families","Poland"
"MN German Minority",1439,"MN","German minority","Poland"
"Modern",4630,"N","Modern","Poland"
"Movement f Reconstruction of Poland",1712,"ROP","Movement for the Reconstruction of Poland","Poland"
"Movement for Reconstruction of Poland",1712,"ROP","Movement for the Reconstruction of Poland","Poland"
"Movement for the Reconstruction of Poland",1712,"ROP","Movement for the Reconstruction of Poland","Poland"
"Narodowo-Chrzescijansko-Demokratyczny Blok dla Polski",145,"NCD-BdP","National Christian Democratic - Block for Poland","Poland"
"Narodowo-Chrzescijañsko-Demokratyczny Blok dla Polski",145,"NCD-BdP","National Christian Democratic - Block for Poland","Poland"
"National Agreement of Pensioners and Retired of the Republic Poland",1534,"KPEiR","National Agreement of Pensioners and Retired of the Republic Poland","Poland"
"National Christian Democratic - Bloc for Poland",145,"NCD-BdP","National Christian Democratic - Block for Poland","Poland"
"National Movement",3224,"RN","National Movement","Poland"
"National Party of Pensioners and Retired",391,"KPEiR","National Party of Retirees and Pensioners","Poland"
"National Party of Rentners and Pensioners - KPEiR",391,"KPEiR","National Party of Retirees and Pensioners","Poland"
"National Party of Retirees and Pensioners",391,"KPEiR","National Party of Retirees and Pensioners","Poland"
"National Rebirth of Poland",,,,"Poland"
"New Left",9349,"NL","New Left","Poland"
"Non-party Alliance",,,,"Poland"
"Nonpartisan Local Government Activists - Koalicja Bezpartyjni i Samorzadowcy (BS)",,,,"Poland"
"Nowa Lewica",9349,"NL","New Left","Poland"
"Nowa Lewica (New Left)",9349,"NL","New Left","Poland"
"Nowa Prawica Janusza Korwin-Mikkego",4713,"KNP","Congress of the New Right","Poland"
"Nowa Prawica Janusza Korwin-Mikkego (successor of UPR)",4713,"KNP","Congress of the New Right","Poland"
"Nowoczesna",4630,"N","Modern","Poland"
"Nowoczesna (Modern)",4630,"N","Modern","Poland"
"OPZZ (Ogólnopolskie Zrzeszenie Zwiazków Zawodowych) (trad",,,,"Poland"
"Our Home Poland - Andrzej Lepper's Self-defense",,,,"Poland"
"PO Civic Platform o Republ o Poland",1117,"PO","Civic Platform","Poland"
"PO Civic Platform of Rep of Poland",1117,"PO","Civic Platform","Poland"
"PO Civic Platform of Republic of Poland",1117,"PO","Civic Platform","Poland"
"PO Platforma Obywatelska (Civic Platform) (PO)",1117,"PO","Civic Platform","Poland"
"PO: Civic platform of the rep of Poland",1117,"PO","Civic Platform","Poland"
"PPP Polish Labor Party",3699,"PPP","Polish Labour Party","Poland"
"PPP Polish Labour Party",3699,"PPP","Polish Labour Party","Poland"
"PPS (Polska Partia Socjalistyczna), PPS-RD (Polska Partia",,,,"Poland"
"PPS Polish Socialist Party",4354,"PPS","Polish Socialist Party","Poland"
"PPZ (Polska Partia Zielonych), ruchy ekologiczne",,,,"Poland"
"PSL (Polish Peasants Party)",6757,"PSL","Polish People's Party","Poland"
"PSL (Polish Peasantts Party)",6757,"PSL","Polish People's Party","Poland"
"PSL Polish Peasants Party",6757,"PSL","Polish People's Party","Poland"
"PSL Polish Peasants Prty",6757,"PSL","Polish People's Party","Poland"
"PSL Polskie Stronnictwo Ludowe (Polish Peasants Party)  (PSL)",6757,"PSL","Polish People's Party","Poland"
"PSL: Polish peasants party",6757,"PSL","Polish People's Party","Poland"
"PUG Polish Economic Union",,,,"Poland"
"PUG: Polish economic union",,,,"Poland"
"PWN Polish National Fellowship",,,,"Poland"
"PWN: Polish national fellowship",,,,"Poland"
"Palikot Movement",731,"RP / TR","Palikot's Movement / Your Movement","Poland"
"Palikot's Movement",731,"RP / TR","Palikot's Movement / Your Movement","Poland"
"Palikot's Movement - Ruch Palikota",731,"RP / TR","Palikot's Movement / Your Movement","Poland"
"Palikots Movement",731,"RP / TR","Palikot's Movement / Your Movement","Poland"
"Partia Demokratyczna",1566,"PD","Democratic Party","Poland"
"Partia Demokratyczna - Demokraci.pl (Democratic Party)",1566,"PD","Democratic Party","Poland"
"Partia Demokratyczna - demokraci.pl",1566,"PD","Democratic Party","Poland"
"Partia Demokratyczna demokraci.pl",1566,"PD","Democratic Party","Poland"
"Partia Demokratyczna – demokraci.pl",1566,"PD","Democratic Party","Poland"
"Partia Inicjatywa",,,,"Poland"
"Partia Kobiet",,,,"Poland"
"Partia Ludowo-Demokratyczna",,,,"Poland"
"Partia Razem (Together)",4871,"Razem","[Left] Together","Poland"
"Party ""X""",146,"X","Party X","Poland"
"Party of Women - PK",,,,"Poland"
"Patriotic Movement of the Republic of Poland",,,,"Poland"
"Patriotic Party",,,,"Poland"
"Patriotic Self-Defence",,,,"Poland"
"Patriotic Self-Defense",,,,"Poland"
"Peasants Unity",,,,"Poland"
"Pensioners Alliance",,,,"Poland"
"Pensioners Party",,,,"Poland"
"Pensioners' Alliance",,,,"Poland"
"Pensioners' Party",,,,"Poland"
"Peoples Democratic Party",,,,"Poland"
"Peoples Democratic-Party",,,,"Poland"
"PiS - Prawo i Sprawiedliwosc (Law and Justice) (PiS)",1565,"PiS","Law and Justice","Poland"
"PiS Law and Justice Party",1565,"PiS","Law and Justice","Poland"
"PiS: Law and justice party",1565,"PiS","Law and Justice","Poland"
"Platform Janusz Korwin-Mikke",913,"PJKM","Platform of Janusz Korwin-Mikke","Poland"
"Platforma Janusza Korwin-Mikke",913,"PJKM","Platform of Janusz Korwin-Mikke","Poland"
"Platforma Janusza Korwina-Mikkego (Platform Janusz Korwin-Mikke)",913,"PJKM","Platform of Janusz Korwin-Mikke","Poland"
"Platforma Obywatelska",1117,"PO","Civic Platform","Poland"
"Platforma Obywatelska RP",1117,"PO","Civic Platform","Poland"
"Platforma Obywatelska RP (Civic Platform)",1117,"PO","Civic Platform","Poland"
"Platforma Obywatelska RP (PO) (Civic Platform)",1117,"PO","Civic Platform","Poland"
"Platforma Obywatelska RP - PO",1117,"PO","Civic Platform","Poland"
"Platforma Obywatelska Rzeczypospolitej Polskiej",1117,"PO","Civic Platform","Poland"
"Poland 2050 The movement of Szymon Ho?ownia",9027,"PL2050","Poland 2050","Poland"
"Poland Comes First",41,"PjN","Poland is the Most Important","Poland"
"Poland Comes First - PJN",41,"PjN","Poland is the Most Important","Poland"
"Polish Coalition",,,,"Poland"
"Polish Labor Party - PPP",3699,"PPP","Polish Labour Party","Poland"
"Polish Labour Party",3699,"PPP","Polish Labour Party","Poland"
"Polish Labour Party (Sierpien 80)",3699,"PPP","Polish Labour Party","Poland"
"Polish Labour Party (Sierpien 80) - Polska Partia Pracy",3699,"PPP","Polish Labour Party","Poland"
"Polish Labour Party - PPP",3699,"PPP","Polish Labour Party","Poland"
"Polish National Party",,,,"Poland"
"Polish Peasant",6757,"PSL","Polish People's Party","Poland"
"Polish Peasant Party - PSL",6757,"PSL","Polish People's Party","Poland"
"Polish Peasants Party",6757,"PSL","Polish People's Party","Poland"
"Polish Peasants Party - PSL",6757,"PSL","Polish People's Party","Poland"
"Polish Peasants' (or People's) Party",6757,"PSL","Polish People's Party","Poland"
"Polish Peasants' Party",6757,"PSL","Polish People's Party","Poland"
"Polish People's Party",6757,"PSL","Polish People's Party","Poland"
"Polish People's Party - Polskie Stronnictwo Ludowe (PSL)",6757,"PSL","Polish People's Party","Poland"
"Polish Socialist Party",4354,"PPS","Polish Socialist Party","Poland"
"Polish Union Work",1104,"UP","Labour Union","Poland"
"Polish West-Union",,,,"Poland"
"Polska 2050",9027,"PL2050","Poland 2050","Poland"
"Polska Partia Narodowa (Polish National Party)",,,,"Poland"
"Polska Partia Pracy",3699,"PPP","Polish Labour Party","Poland"
"Polska Partia Pracy (Polish Labour Party)",3699,"PPP","Polish Labour Party","Poland"
"Polska Partia Pracy - PPP",3699,"PPP","Polish Labour Party","Poland"
"Polska Partia Socjalistyczna-PPS",4354,"PPS","Polish Socialist Party","Poland"
"Polska Razem Jaros?awa Gowina /Polska Jest Najwa?niejsza",,,,"Poland"
"Polska Unia Gospodarcza",,,,"Poland"
"Polska jest Najwazniejsza - PJN",41,"PjN","Poland is the Most Important","Poland"
"Polska jest Najwazniejsza PJN",41,"PjN","Poland is the Most Important","Poland"
"Polskie Stronnictwo Ludowe",6757,"PSL","Polish People's Party","Poland"
"Polskie Stronnictwo Ludowe (PSL) (Polish Peasant Party)",6757,"PSL","Polish People's Party","Poland"
"Polskie Stronnictwo Ludowe (PSL) (Polish Peoples Party)",6757,"PSL","Polish People's Party","Poland"
"Polskie Stronnictwo Ludowe (Polish People's Party)",6757,"PSL","Polish People's Party","Poland"
"Polskie Stronnictwo Ludowe - PSL",6757,"PSL","Polish People's Party","Poland"
"Polskie Stronnictwo Ludowe-PSL",6757,"PSL","Polish People's Party","Poland"
"Prawica Rzeczypospolitej",876,"PR","Republic Right Party","Poland"
"Prawo i Sprawiedliwo??",1565,"PiS","Law and Justice","Poland"
"Prawo i Sprawiedliwosc",1565,"PiS","Law and Justice","Poland"
"Prawo i Sprawiedliwosc wraz Solidarna Polska Zbigniewa",,,,"Poland"
"Prawo i Sprawiedliwosc wraz Solidarna Polska Zbigniewa Ziobry i Polska Razem Jaroslawa Gowina",,,,"Poland"
"Prawo i Sprawiedliwosc wraz Solidarna Polska Zbigniewa Ziobry i Polska Razem Jaroslawa Gowina (Law and Justice)",,,,"Poland"
"Prawo i Sprawiedliwosc wraz Solidarna Polska Zbigniewa Ziobry i Polska Razem Jaroslawa Gowina (PiS) (Law and Justice",,,,"Poland"
"Prawo i Sprawiedliwosc wraz Solidarna Polska Zbigniewa Ziobry i Polska Razem Jaroslawa Gowina (PiS) (Law and Justice)",,,,"Poland"
"Prawo i Sprawiedliwosc wraz Solidarna Polska Zbigniewa Ziobry i Polska Razem/Porozumienie Jaroslawa Gowina (PiS) (Law an",,,,"Poland"
"Prawo i Sprawiedliwosc – PiS",1565,"PiS","Law and Justice","Poland"
"Prawo i Sprawiedliwoæ",1565,"PiS","Law and Justice","Poland"
"Prawo i Sprawiedliwoœæ",1565,"PiS","Law and Justice","Poland"
"Prawo i Sprawiedliwość",1565,"PiS","Law and Justice","Poland"
"ROP (Movement for Reconstruction of Poland)",1712,"ROP","Movement for the Reconstruction of Poland","Poland"
"ROP - Movement for Reconstruction of Poland",1712,"ROP","Movement for the Reconstruction of Poland","Poland"
"Razem",4871,"Razem","[Left] Together","Poland"
"Real Politic Union",283,"UPR","Real Politics Union","Poland"
"Real Politics Union",283,"UPR","Real Politics Union","Poland"
"Right Wing",,,,"Poland"
"Right Wing - Prawica",,,,"Poland"
"Right of the Republic",876,"PR","Republic Right Party","Poland"
"Right-only general formulation",,,,"Poland"
"Rightest Union of the Republic",,,,"Poland"
"Rightist Union of the Republic",,,,"Poland"
"Ruch Ludzi Pracy",,,,"Poland"
"Ruch Narodowy",3224,"RN","National Movement","Poland"
"Ruch Narodowy (National Movement)",3224,"RN","National Movement","Poland"
"Ruch Palikota",731,"RP / TR","Palikot's Movement / Your Movement","Poland"
"Ruch Patriotyczny",,,,"Poland"
"SD (Stronnictwo Demokratyczne) ('old' party, craftmen and",919,"SD","Democratic Party","Poland"
"SDPl Socjaldemokracja Polska",1328,"SDPL","Social Democracy of Poland","Poland"
"SELF-DEFENSE Farmers Union",727,"SRP","Self-Defense of the Republic Poland","Poland"
"SLD (Alliance of Democratic Left)",57,"SLD","Democratic Left Alliance","Poland"
"SLD (Sojusz Lewicy Demokratycznej)",57,"SLD","Democratic Left Alliance","Poland"
"SLD - Sojusz Lewicy Demokratycznej (Alliance of Democratic Left) (SLD)",57,"SLD","Democratic Left Alliance","Poland"
"SLD-UP Democratic Left Alliance",,,,"Poland"
"SLD-UP: Democratic left alliance/labour union",,,,"Poland"
"Samoobrona RP",727,"SRP","Self-Defense of the Republic Poland","Poland"
"Samoobrona Rzeczpospolitej Polskiej",727,"SRP","Self-Defense of the Republic Poland","Poland"
"Samoobrona Rzeczypospolitej Polskiej",727,"SRP","Self-Defense of the Republic Poland","Poland"
"SdPl (Socjaldemokracja Polski)",1328,"SDPL","Social Democracy of Poland","Poland"
"SdRP (Socjaldemokracja Rzeczpospolitej Polskiej) (new pos",8224,"SdRP","Social Democracy of the Republic of Poland","Poland"
"Self-Defence of the Republic of Poland",727,"SRP","Self-Defense of the Republic Poland","Poland"
"Self-Defense farmers",727,"SRP","Self-Defense of the Republic Poland","Poland"
"Self-Defense of the Republic Poland",727,"SRP","Self-Defense of the Republic Poland","Poland"
"Self-Defense of the Republic of Poland",727,"SRP","Self-Defense of the Republic Poland","Poland"
"Self-defence",727,"SRP","Self-Defense of the Republic Poland","Poland"
"Self-defense - SRP",727,"SRP","Self-Defense of the Republic Poland","Poland"
"Self-defense of the Republic of Poland",727,"SRP","Self-Defense of the Republic Poland","Poland"
"Sij. Ludzi Pracy-Polska Praca Sprawiedl",,,,"Poland"
"Silesia Autonomy Movement",1430,"RAS","Movement for Silesian Autonomy","Poland"
"Social Democracy of Poland",1328,"SDPL","Social Democracy of Poland","Poland"
"Social Democracy of the Republic of Poland",8224,"SdRP","Social Democracy of the Republic of Poland","Poland"
"Social Democratic Party of Poland",1328,"SDPL","Social Democracy of Poland","Poland"
"Social Movement-Solidarity Electoral Action",,,,"Poland"
"Socialdemocracy of Poland - SDPL",1328,"SDPL","Social Democracy of Poland","Poland"
"Socjaldemokracja Polska",1328,"SDPL","Social Democracy of Poland","Poland"
"Socjaldemokracja Polski - SdPl",1328,"SDPL","Social Democracy of Poland","Poland"
"Sojusz Lewicy Demokratycznej",57,"SLD","Democratic Left Alliance","Poland"
"Sojusz Lewicy Demokratycznej (Democratic Left Alliance)",57,"SLD","Democratic Left Alliance","Poland"
"Sojusz Lewicy Demokratycznej (SLD) (Democratic Left Alliance)",57,"SLD","Democratic Left Alliance","Poland"
"Sojusz Lewicy Demokratycznej – SLD",57,"SLD","Democratic Left Alliance","Poland"
"Sojusz Lewicy Demokratycznej-SLD",57,"SLD","Democratic Left Alliance","Poland"
"Solidarity 80 Trade Union",,,,"Poland"
"Solidarity 80-Trade union",,,,"Poland"
"Solidarity Election Action",863,"AWS","Solidarity Electoral Action of the Right","Poland"
"Solidarity Electoral Action",863,"AWS","Solidarity Electoral Action of the Right","Poland"
"Solidarity of Work",923,"SP","Labour Solidarity","Poland"
"Solidarna Polska",9109,"SP","Solidarity Poland","Poland"
"Solidarna Polska Zbigniewa Ziobro",9109,"SP","Solidarity Poland","Poland"
"Solidarna Polska Zbigniewa Ziobry",9109,"SP","Solidarity Poland","Poland"
"Solidarnosc (NSZZ)",767,"S","Solidarity","Poland"
"Spring",7356,"Spr","Spring","Poland"
"Stronnictwo Demokratyczne",919,"SD","Democratic Party","Poland"
"Stronnictwo Demokratyczne - SD",919,"SD","Democratic Party","Poland"
"Stronnictwo Konserwatywno-Ludowe-Ruch Nowej Polski",,,,"Poland"
"Stronnictwo Pracy (Labor Party)",8226,"SP","Labor Party","Poland"
"Suwerenna Polska",,,,"Poland"
"Taduesz Dabrowski",,,,"Poland"
"The League of Polish Families",1768,"LPR","League of Polish Families","Poland"
"The Left",,,,"Poland"
"Together Party",4871,"Razem","[Left] Together","Poland"
"Twój Ruch / Ruch Palikota",731,"RP / TR","Palikot's Movement / Your Movement","Poland"
"Twój Ruch/Ruch Palikota",731,"RP / TR","Palikot's Movement / Your Movement","Poland"
"Twój Ruch/Ruch Palikota (Your Movement/Palikot's Movement)",731,"RP / TR","Palikot's Movement / Your Movement","Poland"
"UP (Union of Labor)",1104,"UP","Labour Union","Poland"
"UP - Union of Labor",1104,"UP","Labour Union","Poland"
"UPR (Union of Real Politics)",283,"UPR","Real Politics Union","Poland"
"UPR - Union of Real Politics",283,"UPR","Real Politics Union","Poland"
"UW (Union of Freedom)",8268,"UW","Freedom Union","Poland"
"UW - Union of Freedom",8268,"UW","Freedom Union","Poland"
"UW Freedom Union",8268,"UW","Freedom Union","Poland"
"UW: Freedom union",8268,"UW","Freedom Union","Poland"
"Unia Polityki Realnej",283,"UPR","Real Politics Union","Poland"
"Unia Polityki Realnej - UPR",283,"UPR","Real Politics Union","Poland"
"Unia Polityki Realnej-UPR",283,"UPR","Real Politics Union","Poland"
"Unia Pracy",1104,"UP","Labour Union","Poland"
"Unia Pracy - UP",1104,"UP","Labour Union","Poland"
"Unia Pracy-UP",1104,"UP","Labour Union","Poland"
"Unia Wolnosci",8268,"UW","Freedom Union","Poland"
"Unia Wolnosci-UW",8268,"UW","Freedom Union","Poland"
"Union of Left Democracy - SLD",57,"SLD","Democratic Left Alliance","Poland"
"Union of Real Politic",283,"UPR","Real Politics Union","Poland"
"Union of Real Politics",283,"UPR","Real Politics Union","Poland"
"Union of Real Politics - UPR",283,"UPR","Real Politics Union","Poland"
"Union of Wielkopolan",,,,"Poland"
"Union of Work",1104,"UP","Labour Union","Poland"
"Union of Work - UPR",,,,"Poland"
"Union of the Republic's Rightists",,,,"Poland"
"United Poland",328,"SP","United Poland","Poland"
"United Right",,,,"Poland"
"Wolnosc",,,,"Poland"
"Wolnosc (KORWiN) (Coalition for the Renewal of the Republic- Liberty & Hope)/Confederation",,,,"Poland"
"Wolnosc (KORWiN) (Coalition for the Renewal of the Republic– Liberty & Hope)",4629,"KORWIN","Coalition for the Renewal of the Republic — Liberty and Hope","Poland"
"Women's Party",,,,"Poland"
"Womens Party",,,,"Poland"
"Worker's Movement",,,,"Poland"
"Your Movement",731,"RP / TR","Palikot's Movement / Your Movement","Poland"
"ZChN (Zwiazek Chrzescijansko-Narodowy), SP (Stronnictwo P",,,,"Poland"
"Zjednoczenie Chrzescijansko-Narodowe",70,"ZChN","Christian National Union","Poland"
"Zjednoczenie Chrzescijansko-Narodowe-ZChN",70,"ZChN","Christian National Union","Poland"
"(Bloco de Esquerda) B.E.",1310,"BE","Left Bloc","Portugal"
"(CDU - Coligacao Democratica Unitaria) PCP-PEV",,,,"Portugal"
"(Centro Democratico Social/ Partido Popular) CDS-PP",1308,"CDS/PP","Democratic and Social Center / People's Party","Portugal"
"(Partido Comunista dos Trabalhadores Portugueses - Movim",,,,"Portugal"
"(Partido Democratico do Atlantico) PDA",,,,"Portugal"
"(Partido Humanista) PH",8269,"PH","Humanist Party","Portugal"
"(Partido Nacional Renovador) PNR",6313,"PNR","National Republican Party","Portugal"
"(Partido Social Democrata) PPD-PSD",1359,"PPD/PSD","Popular Democratic Party / Social Democratic Party","Portugal"
"(Partido Socialista) PS",655,"PS","Socialist Party","Portugal"
"Alliance",7357,"A","Alliance","Portugal"
"Alternative Socialist Movement",,,,"Portugal"
"B.E. -  Bloco de Esquerda",1310,"BE","Left Bloc","Portugal"
"B.E. - Bloco de Esquerda",1310,"BE","Left Bloc","Portugal"
"BE - Bloco de Esquerda",1310,"BE","Left Bloc","Portugal"
"Bloco de Esquerda",1310,"BE","Left Bloc","Portugal"
"Bloco de Esquerda (BE)",1310,"BE","Left Bloc","Portugal"
"Bloco de Esquerda,B.E.",1310,"BE","Left Bloc","Portugal"
"Bloco de esquerda",1310,"BE","Left Bloc","Portugal"
"Bloco de esquerda (left block)",1310,"BE","Left Bloc","Portugal"
"CDS",1308,"CDS/PP","Democratic and Social Center / People's Party","Portugal"
"CDS, PP",,,,"Portugal"
"CDS-PP",1308,"CDS/PP","Democratic and Social Center / People's Party","Portugal"
"CDS-PP - CDS-Partido Popular",1308,"CDS/PP","Democratic and Social Center / People's Party","Portugal"
"CDS/PP",1308,"CDS/PP","Democratic and Social Center / People's Party","Portugal"
"CDS/PP (social-democratic christians)",1308,"CDS/PP","Democratic and Social Center / People's Party","Portugal"
"CDS/PP - Centro Democrático Social / Partido Popular",1308,"CDS/PP","Democratic and Social Center / People's Party","Portugal"
"CDS/PP - Centro Democrático Social/Partido Popular",1308,"CDS/PP","Democratic and Social Center / People's Party","Portugal"
"CDU  Coligação Democrática Unitária (PCP-PEV)",284,"CDU","Unitary Democratic Coalition","Portugal"
"CDU-PCP",,,,"Portugal"
"CDU-PCP (communist party)",,,,"Portugal"
"CDU-PCP-PEV",,,,"Portugal"
"CHEGA",8182,"CH","Enough","Portugal"
"Centro Democrático Social - Partido Popular (CDS-PP)",1308,"CDS/PP","Democratic and Social Center / People's Party","Portugal"
"Coligação Democrática Unitária (CDU)",284,"CDU","Unitary Democratic Coalition","Portugal"
"Communist Party of Portuguese Workers - MRPP",857,"PCTP/MRPP","Communist Party of the Portuguese Workers / Reorganizative Movement of the Party of the Proletariat","Portugal"
"Communist Party of Portuguese Workers/Reorganizing Movement of the Portuguese Proletariat",857,"PCTP/MRPP","Communist Party of the Portuguese Workers / Reorganizative Movement of the Party of the Proletariat","Portugal"
"Democratic Unity Coalition (Communist party, Ecologist Party",,,,"Portugal"
"Democratic Unity Coalition (Communist party, Ecologist Party) - CDU-PCP",,,,"Portugal"
"Democratic and Social Centre - People's Party",1308,"CDS/PP","Democratic and Social Center / People's Party","Portugal"
"Democratic and Social Centre - Peoples Party - CDS-PP",1308,"CDS/PP","Democratic and Social Center / People's Party","Portugal"
"Earth Party",3226,"MPT / PT","The Earth Party Movement / Earth Party","Portugal"
"Ecologist Party 'The Greens'",886,"PEV","Ecology Party — Greens","Portugal"
"Enough",8182,"CH","Enough","Portugal"
"FREE",,,,"Portugal"
"Humanist Party",8269,"PH","Humanist Party","Portugal"
"IL - Iniciativa Liberal",8640,"IL","Liberal Initiative","Portugal"
"JPP - Juntos pelo Povo",,,,"Portugal"
"L - LIVRE",3225,"L","Livre","Portugal"
"L/TDA - LIVRE/Tempo de Avançar",,,,"Portugal"
"LIVRE",3225,"L","Livre","Portugal"
"Left Bloc",1310,"BE","Left Bloc","Portugal"
"Left Bloc - BE, Bloco de Esquerda",1310,"BE","Left Bloc","Portugal"
"Left Block",1310,"BE","Left Bloc","Portugal"
"Liberal Initiative",8640,"IL","Liberal Initiative","Portugal"
"MDP/CDE (Portugese Democratic Party)",1688,"MDP","Democratic Movement","Portugal"
"MPT - Movimento Partido da Terra",3226,"MPT / PT","The Earth Party Movement / Earth Party","Portugal"
"MPT - Partido da Terra",3226,"MPT / PT","The Earth Party Movement / Earth Party","Portugal"
"MRPP",857,"PCTP/MRPP","Communist Party of the Portuguese Workers / Reorganizative Movement of the Party of the Proletariat","Portugal"
"MRPP (left wing party)",857,"PCTP/MRPP","Communist Party of the Portuguese Workers / Reorganizative Movement of the Party of the Proletariat","Portugal"
"Movim",,,,"Portugal"
"NC - Nós, Cidadãos!",7358,"NC","We, the Citizens!","Portugal"
"P.H. - Partido Humanista",8269,"PH","Humanist Party","Portugal"
"PAN - Pessoas-Animais-Natureza",97,"PAN","Party for Animals and Nature","Portugal"
"PC(R) (Communist Party Reconstituted)",,,,"Portugal"
"PCP- Partido Comunista Português",310,"PCP","Portuguese Communist Party","Portugal"
"PCP-PEV - CDU - Coligação Democrática Unitária",,,,"Portugal"
"PCP-PEV - Partido Comunista Português - Partido Ecologista os Verdes",,,,"Portugal"
"PCP/PEV - Partido Comunista Português  Partido Ecolo",,,,"Portugal"
"PCTP-MRPP - Partido Comunista dos Trabalhadores Portugueses - Movimento Reorgani",857,"PCTP/MRPP","Communist Party of the Portuguese Workers / Reorganizative Movement of the Party of the Proletariat","Portugal"
"PCTP/MRPP - Partido Comunista dos Trabalhadores Po",857,"PCTP/MRPP","Communist Party of the Portuguese Workers / Reorganizative Movement of the Party of the Proletariat","Portugal"
"PCTP/MRPP - Partido Comunista dos Trabalhadores Portugueses",857,"PCTP/MRPP","Communist Party of the Portuguese Workers / Reorganizative Movement of the Party of the Proletariat","Portugal"
"PDA",,,,"Portugal"
"PEV - Partido Ecologista os Verdes",886,"PEV","Ecology Party — Greens","Portugal"
"PH",8269,"PH","Humanist Party","Portugal"
"PH - Partido Humanista",8269,"PH","Humanist Party","Portugal"
"PND - Partido da Nova Democracia",1095,"PND","New Democracy Party","Portugal"
"PNR",6313,"PNR","National Republican Party","Portugal"
"PNR - Partido Nacional Renovador",6313,"PNR","National Republican Party","Portugal"
"POUS - Partido Operário de Unidade Socialista",1106,"POUS/PST","Workers Party of Socialist Unity","Portugal"
"PPD, PSD",,,,"Portugal"
"PPD-PSD",1359,"PPD/PSD","Popular Democratic Party / Social Democratic Party","Portugal"
"PPD/PSD",1359,"PPD/PSD","Popular Democratic Party / Social Democratic Party","Portugal"
"PPD/PSD (social democrats)",1359,"PPD/PSD","Popular Democratic Party / Social Democratic Party","Portugal"
"PPD/PSD - Partido Social Democrata",1359,"PPD/PSD","Popular Democratic Party / Social Democratic Party","Portugal"
"PPD/PSd",1359,"PPD/PSD","Popular Democratic Party / Social Democratic Party","Portugal"
"PPM (Peoples Monarchist Party)",1480,"PPM","Popular Monarchist Party","Portugal"
"PPM - Partido Popular Monárquico",1480,"PPM","Popular Monarchist Party","Portugal"
"PPV/CDC - Partido Cidadania e Democracia Cristã",,,,"Portugal"
"PRD (Democratic Renewal Party)",1600,"PRD","Democratic Renewal Party","Portugal"
"PS",655,"PS","Socialist Party","Portugal"
"PS (socialist party)",655,"PS","Socialist Party","Portugal"
"PS - Partido Socialista",655,"PS","Socialist Party","Portugal"
"PSD - Partido Social Democrata",1359,"PPD/PSD","Popular Democratic Party / Social Democratic Party","Portugal"
"PSR",375,"PSR","Revolutionary Socialist Party","Portugal"
"PSR (left wing party)",375,"PSR","Revolutionary Socialist Party","Portugal"
"PURP - Partido Unido dos Reformados e Pensionistas",,,,"Portugal"
"Partido Comunista dos Trabalhadores Port./Movimento Reorganizativo do Proletaria",857,"PCTP/MRPP","Communist Party of the Portuguese Workers / Reorganizative Movement of the Party of the Proletariat","Portugal"
"Partido Comunista dos Trabalhadores Portugueses/Movimento Reorganizativo do Part",857,"PCTP/MRPP","Communist Party of the Portuguese Workers / Reorganizative Movement of the Party of the Proletariat","Portugal"
"Partido Humanista (PH)",8269,"PH","Humanist Party","Portugal"
"Partido Nacional Renovador (PNR)",6313,"PNR","National Republican Party","Portugal"
"Partido Social Democrata (PPD/PSD)",1359,"PPD/PSD","Popular Democratic Party / Social Democratic Party","Portugal"
"Partido Social Democrata (PSD)",1359,"PPD/PSD","Popular Democratic Party / Social Democratic Party","Portugal"
"Partido Socialista (PS)",655,"PS","Socialist Party","Portugal"
"Party for People, Animals and Nature",97,"PAN","Party for Animals and Nature","Portugal"
"People's Democratic Union - UDP",896,"UDP","Popular Democratic Union","Portugal"
"People's Monarchist Party",1480,"PPM","Popular Monarchist Party","Portugal"
"People–Animals–Nature",97,"PAN","Party for Animals and Nature","Portugal"
"Popular Democratic Union",896,"UDP","Popular Democratic Union","Portugal"
"Portugal Ahead",5939,"PàF","Portugal Ahead","Portugal"
"Portugese Communist Party",310,"PCP","Portuguese Communist Party","Portugal"
"Portuguese Communist Party",310,"PCP","Portuguese Communist Party","Portugal"
"Portuguese Communist Party - CDU/PCP",,,,"Portugal"
"Reorganizative Movement of the Party of the Proletariat - MR",857,"PCTP/MRPP","Communist Party of the Portuguese Workers / Reorganizative Movement of the Party of the Proletariat","Portugal"
"Reorganizative Movement of the Party of the Proletariat - MRPP",857,"PCTP/MRPP","Communist Party of the Portuguese Workers / Reorganizative Movement of the Party of the Proletariat","Portugal"
"Revolutionary Socialist Party",375,"PSR","Revolutionary Socialist Party","Portugal"
"Revolutionary Socialist Party - PSR",375,"PSR","Revolutionary Socialist Party","Portugal"
"Social Democratic Centre - Popular Party",1308,"CDS/PP","Democratic and Social Center / People's Party","Portugal"
"Social Democratic Party",1359,"PPD/PSD","Popular Democratic Party / Social Democratic Party","Portugal"
"Social Democratic Party - PPD-PSD",1359,"PPD/PSD","Popular Democratic Party / Social Democratic Party","Portugal"
"Social Democratic Party - PPD/PSD",1359,"PPD/PSD","Popular Democratic Party / Social Democratic Party","Portugal"
"Social democratic Center - Popular Party - CDS/PP",1308,"CDS/PP","Democratic and Social Center / People's Party","Portugal"
"Socialist Party",655,"PS","Socialist Party","Portugal"
"Socialist Party - PS",655,"PS","Socialist Party","Portugal"
"UDP",896,"UDP","Popular Democratic Union","Portugal"
"UDP (Popular Democratic Union)",896,"UDP","Popular Democratic Union","Portugal"
"Unitarian Democratic Coalition",284,"CDU","Unitary Democratic Coalition","Portugal"
"VP – Volt Portugal",,,,"Portugal"
"mrpp",857,"PCTP/MRPP","Communist Party of the Portuguese Workers / Reorganizative Movement of the Party of the Proletariat","Portugal"
"ps",655,"PS","Socialist Party","Portugal"
"psr",375,"PSR","Revolutionary Socialist Party","Portugal"
"udp",896,"UDP","Popular Democratic Union","Portugal"
"'Aliance of Liberals and Democrats' Party",5662,"ALDE","Alliance of Liberals and Democrats","Romania"
"'Save Romania' Union",5969,"USR","Save Romania Union","Romania"
"Alianta pentru Romania (ApR) - Alliance for Romania",1590,"ApR","Alliance for Romania","Romania"
"Alliance for a Just Romania",,,,"Romania"
"Alliance of Liberals and Democrats",5662,"ALDE","Alliance of Liberals and Democrats","Romania"
"ApR - social-democratic",1590,"ApR","Alliance for Romania","Romania"
"CDR - center-right coalition (PNL,PNTCD,AC,Ecologists)",,,,"Romania"
"CDR as a whole",192,"CDR","Romanian Democratic Convention","Romania"
"Christian-Liberal Alliance",,,,"Romania"
"Civic Alliance Party",645,"PAC","Party of the Civic Alliance","Romania"
"Civic Force",2473,"FC","Civic Force","Romania"
"Conservative Party",6769,"PC","Conservative Party","Romania"
"Conventia Democratica din Romania (CDR) as a whole",192,"CDR","Romanian Democratic Convention","Romania"
"Democratic Alliance of Hungarians in Romania",1105,"UDMR/RMDS","Democratic Union of Hungarians in Romania / Democratic Alliance of Hungarians in Romania","Romania"
"Democratic Liberal Party",660,"PDL","Democratic Liberal Party","Romania"
"Democratic Party",1715,"PD","Democratic Party","Romania"
"Democratic Union of Hungarians from Romania",1105,"UDMR/RMDS","Democratic Union of Hungarians in Romania / Democratic Alliance of Hungarians in Romania","Romania"
"Democratic Union of Hungarians in Romania",1105,"UDMR/RMDS","Democratic Union of Hungarians in Romania / Democratic Alliance of Hungarians in Romania","Romania"
"Ecologist Party of Romania",1373,"PER","Romanian Ecologist Party","Romania"
"Ecologists",,,,"Romania"
"FDG: German Forum",2454,"FDGR","Democratic Forum of Germans of Romania","Romania"
"FDSN: Democratic Front of National Salvation",276,"FDSN","Democratic National Salvation Front","Romania"
"FSN: National Salvation Front",958,"FSN","National Salvation Front","Romania"
"Great Romania Party",1305,"PRM","Greater Romania Party","Romania"
"Greater Romania Party",1305,"PRM","Greater Romania Party","Romania"
"Justice and Truth Alliance",215,"ADA","Justice and Truth Alliance","Romania"
"Labour Socialist Party",1217,"PSM","Socialist Party of Labour","Romania"
"Liber Schimbist",,,,"Romania"
"Liberal Party 1993",9108,"PL93","Liberal Party 1993","Romania"
"MER: Romanian Ecologic Movement",1511,"MER","Romanian Ecological Movement","Romania"
"MPR: Movement for Romania",,,,"Romania"
"National Alliance PSD+PUR",1347,"PSD+PUR","National Union PSD+PUR","Romania"
"National Democratic Party",8402,"PND","Democratic Nationalist Party","Romania"
"National Drivers Party",,,,"Romania"
"National Liberal Alliance",,,,"Romania"
"National Liberal Party",481,"PNL","National Liberal Party","Romania"
"National Liberal Party - Democratic Convention",,,,"Romania"
"National Peasant Party Christian Democrat",1750,"PNT-CD","Christian-Democratic National Peasants' Party","Romania"
"National Peasant and Christian Democratic Party",1750,"PNT-CD","Christian-Democratic National Peasants' Party","Romania"
"National Romanian Party (PNR)",6770,"PNR","Romanian National Party","Romania"
"National Union for the Progress of Romania",1541,"UNPR","National Union for the Progress of Romania","Romania"
"New Generation Party - Christian Democratic",296,"PNG — CD","New Generation Party — Christian Democratic","Romania"
"New Republic Party",,,,"Romania"
"Our Romania Alliance",,,,"Romania"
"PAC: Civic Aliance Party",645,"PAC","Party of the Civic Alliance","Romania"
"PC",6769,"PC","Conservative Party","Romania"
"PD - social democratic",1715,"PD","Democratic Party","Romania"
"PD-L",660,"PDL","Democratic Liberal Party","Romania"
"PDAR: Agrarian Party",1085,"PDAR","Democratic Agrarian Party of Romania","Romania"
"PDSR - social democratic",,,,"Romania"
"PER: Romanian Ecologist Party",1373,"PER","Romanian Ecologist Party","Romania"
"PL (Partidul Liberal)",,,,"Romania"
"PNG-CD",296,"PNG — CD","New Generation Party — Christian Democratic","Romania"
"PNL",481,"PNL","National Liberal Party","Romania"
"PNL - liberal",481,"PNL","National Liberal Party","Romania"
"PNL-AT: National Liberal Party-The Young Wing",,,,"Romania"
"PNL: National Liberal Party",481,"PNL","National Liberal Party","Romania"
"PNTCD - christian democratic",1750,"PNT-CD","Christian-Democratic National Peasants' Party","Romania"
"PNTCD: Christian Democratic National Peasants Party",1750,"PNT-CD","Christian-Democratic National Peasants' Party","Romania"
"PPCD (PNTCD)",1750,"PNT-CD","Christian-Democratic National Peasants' Party","Romania"
"PR - gypsy party",173,"PaRo","Party of the Roma","Romania"
"PRM",1305,"PRM","Greater Romania Party","Romania"
"PRM - nationalist",1305,"PRM","Greater Romania Party","Romania"
"PRM: Romania Mare Party",1305,"PRM","Greater Romania Party","Romania"
"PS/PSM - socialist",,,,"Romania"
"PSD",120,"PSD","Social Democratic Party","Romania"
"PSD-UNPR-PC Electoral Alliance",,,,"Romania"
"PSD: Social Democrat Party",120,"PSD","Social Democratic Party","Romania"
"PSDR - social-democratic",1034,"PSDR","Romanian Social Democratic Party","Romania"
"PSM: Socialist Labor Party",1217,"PSM","Socialist Party of Labour","Romania"
"PUNR - nationalist",1451,"PUNR","Romanian National Unity Party","Romania"
"PUNR: Romanian National Unity Party",1451,"PUNR","Romanian National Unity Party","Romania"
"Partidul Conservator",6769,"PC","Conservative Party","Romania"
"Partidul Democrat (PD) - Democratic Party",1715,"PD","Democratic Party","Romania"
"Partidul Democrat-Liberal",660,"PDL","Democratic Liberal Party","Romania"
"Partidul Initiativa Nationala",1579,"PIN","National Initiative Party","Romania"
"Partidul National Crestin Democrat",1750,"PNT-CD","Christian-Democratic National Peasants' Party","Romania"
"Partidul National Liberal",481,"PNL","National Liberal Party","Romania"
"Partidul National Liberal (PNL) - National Liberal Party",481,"PNL","National Liberal Party","Romania"
"Partidul National Liberal Campeanu (PNL-C) National Liberal Party Campeanu",967,"PNL-C","National Liberal Party Campeanu","Romania"
"Partidul National Taranesc Crestin si Democrat (PNTCD) - National Peasant Party Christian Democrat",1750,"PNT-CD","Christian-Democratic National Peasants' Party","Romania"
"Partidul Noua Generatie-Crestin Democrat",296,"PNG — CD","New Generation Party — Christian Democratic","Romania"
"Partidul Romania Mare (PRM) - Greater Romania Party",1305,"PRM","Greater Romania Party","Romania"
"Partidul România Mare",1305,"PRM","Greater Romania Party","Romania"
"Partidul Social Democrat",120,"PSD","Social Democratic Party","Romania"
"Partidul Social Democrat Roman (PSDR) - Social Democratic Party",1034,"PSDR","Romanian Social Democratic Party","Romania"
"Partidul Socialist al Muncii (PSM) Socialist Labor Party",1217,"PSM","Socialist Party of Labour","Romania"
"Partidul Unitatii Nationale Romane (PUNR) - Party of Romanian National Unity",1451,"PUNR","Romanian National Unity Party","Romania"
"Party of the Roma",173,"PaRo","Party of the Roma","Romania"
"Pensionist Party",400,"PPR","Party of Pensioners of Romania","Romania"
"People's Movement Party",3210,"PMP","People's Movement Party","Romania"
"People's Party - Dan Diaconescu",2474,"PP — DD","People's Party — Dan Diaconescu","Romania"
"People's Party – Dan Diaconescu",2474,"PP — DD","People's Party — Dan Diaconescu","Romania"
"Polul Democrat-Social din Romania (PDSR) - Democratic-Social Pole of Romania",,,,"Romania"
"Popular Movement Party",3210,"PMP","People's Movement Party","Romania"
"Republican Party",1457,"PaRe","Republican Party","Romania"
"Right Romania Alliance",5940,"ARD","Right Romania Alliance","Romania"
"Romanian Agrarian Democratic Party",1085,"PDAR","Democratic Agrarian Party of Romania","Romania"
"Romanian Democratic Convention",192,"CDR","Romanian Democratic Convention","Romania"
"Romanian Ecologist Party",1373,"PER","Romanian Ecologist Party","Romania"
"Romanian Humanist Party",1443,"PC/PUR","Conservative Party / Romanian Humanist Party","Romania"
"Romanian Party for National Unity",1451,"PUNR","Romanian National Unity Party","Romania"
"Romanian Party of Social Democracy",1034,"PSDR","Romanian Social Democratic Party","Romania"
"Romanian Social Democratic Party",1034,"PSDR","Romanian Social Democratic Party","Romania"
"Save Romania Union",5969,"USR","Save Romania Union","Romania"
"Social Democratic Party",120,"PSD","Social Democratic Party","Romania"
"Social Democratic Party - Conservative Party",6153,"PSD-PC","Alliance PSD+PC","Romania"
"Social Democratic Union",,,,"Romania"
"Social Liberal Coallition = PSD+PNL+PC",,,,"Romania"
"Social Liberal Union",5941,"USL","Social Liberal Union","Romania"
"Social-Democratic Union (USD)",,,,"Romania"
"Socialist Party",1073,"PS","Socialist Party","Romania"
"The AJustice and TruthA Alliance",215,"ADA","Justice and Truth Alliance","Romania"
"The Conservative Party",6769,"PC","Conservative Party","Romania"
"The Conservative Party PC",6769,"PC","Conservative Party","Romania"
"The Social-Democratic Party",120,"PSD","Social Democratic Party","Romania"
"UDMR",1105,"UDMR/RMDS","Democratic Union of Hungarians in Romania / Democratic Alliance of Hungarians in Romania","Romania"
"UDMR - Hungarians Union",1105,"UDMR/RMDS","Democratic Union of Hungarians in Romania / Democratic Alliance of Hungarians in Romania","Romania"
"UDMR: Hungarian Party from Romania",1105,"UDMR/RMDS","Democratic Union of Hungarians in Romania / Democratic Alliance of Hungarians in Romania","Romania"
"UFD - radical liberalism",,,,"Romania"
"Union Save Romania",5969,"USR","Save Romania Union","Romania"
"United Romania Party",5854,"PRU","United Romania Party","Romania"
"Uniunea Democrata a Maghiarilor din Romania (UDMR) - Hungarians Union",1105,"UDMR/RMDS","Democratic Union of Hungarians in Romania / Democratic Alliance of Hungarians in Romania","Romania"
"Uniunea Democrata a Maghiarilor din România",1105,"UDMR/RMDS","Democratic Union of Hungarians in Romania / Democratic Alliance of Hungarians in Romania","Romania"
"'A Just Russia - Patriots - For Truth'",2244,"SR","Just Russia","Russia"
"'Communists of Russia'",6759,"CR","Communists of Russia","Russia"
"'Green Alternative'",,,,"Russia"
"'New People'",,,,"Russia"
"'Party of People's Freedom' (PARNAS)",2248,"RPR-PNS","Republican Party of Russia — People's Freedom Party","Russia"
"'Rodina'",2246,"Rodina","Motherland — National Patriotic Union","Russia"
"'United Russia'",2256,"YR","United Russia","Russia"
"98. Other: Agrarian Party of Russia (APR)",2235,"APR","Agrarian Party of Russia","Russia"
"98. Other: Patriots of Russia (PR)",8362,"PR","Patriots of Russia","Russia"
"A Just Russia",2244,"SR","Just Russia","Russia"
"Agrarian Party",2235,"APR","Agrarian Party of Russia","Russia"
"Agrarian Party of Russia",2235,"APR","Agrarian Party of Russia","Russia"
"Agrarian Party of Russia (APR)",2235,"APR","Agrarian Party of Russia","Russia"
"Agrarian Party of Russia - APR",2235,"APR","Agrarian Party of Russia","Russia"
"Agrarnaya Partiya Rossii (APR) - Agrarian Party of Russia",2235,"APR","Agrarian Party of Russia","Russia"
"Aleksander Lebed",,,,"Russia"
"All-Russian Social-Political Movement 'Spiritual Heritage'",,,,"Russia"
"Alliance of Greens",,,,"Russia"
"Aman Tuleev",,,,"Russia"
"Andreii Nikolayev and Svyatoslav Fyodorov Bloc",,,,"Russia"
"Boris Yeltsin",,,,"Russia"
"CPRF (The Communist Party of the Russian Federation)",2236,"KPRF","Communist Party ot the Russian Federation","Russia"
"Cedar",5822,"REP-Z","Russian Ecological Party ""The Greens"" /  Constructive Ecological Party ""KEDR""","Russia"
"Citizens' Force (Civilian power)",5547,"GS","Civilian Power","Russia"
"Civic Platform",,,,"Russia"
"Civic platform",,,,"Russia"
"Civil Force",5547,"GS","Civilian Power","Russia"
"Civilian Power",5547,"GS","Civilian Power","Russia"
"Coalition for Russia without despotism and corruption (KRPK)",,,,"Russia"
"Communist P of R Federation",2236,"KPRF","Communist Party ot the Russian Federation","Russia"
"Communist Party of Russian Federation",2236,"KPRF","Communist Party ot the Russian Federation","Russia"
"Communist Party of Russian Federation (CPRF)",2236,"KPRF","Communist Party ot the Russian Federation","Russia"
"Communist Party of Russian Federation (Zyuganov G.)",2236,"KPRF","Communist Party ot the Russian Federation","Russia"
"Communist Party of Russian Federation - CPRF",2236,"KPRF","Communist Party ot the Russian Federation","Russia"
"Communist Party of the RF",2236,"KPRF","Communist Party ot the Russian Federation","Russia"
"Communist Party of the Russian Federation",2236,"KPRF","Communist Party ot the Russian Federation","Russia"
"Communist Party of the Russian Federation (KPRF)",2236,"KPRF","Communist Party ot the Russian Federation","Russia"
"Communist Party of the Russian Federation (KPRF)  -     ()",2236,"KPRF","Communist Party ot the Russian Federation","Russia"
"Communist party of Russia",2236,"KPRF","Communist Party ot the Russian Federation","Russia"
"Communists of Russia",6759,"CR","Communists of Russia","Russia"
"Communists, Workers for the Soviet Union",,,,"Russia"
"Congress of Russian Communities - Yuri Boldyrev Movement",2237,"KRO","Congress of Russian Communities","Russia"
"Country Party of Russia",,,,"Russia"
"Country Party of Russia (Lapshin M.)",,,,"Russia"
"Dem. Vybor Rossii-Obyedinennyi Dem. (DVR-OD;Electoral Union)",2254,"DVR — OD","Russia's Democratic Choice — United Democrats","Russia"
"Democratic Choice of Russia(DVR)",2253,"DVR","Democratic Choice of Russia","Russia"
"Democratic Choice of Russia-DVR",2253,"DVR","Democratic Choice of Russia","Russia"
"Democratic Party of Russia - DPR",2238,"DPR","Democratic Party of Russia","Russia"
"Democratic party of Russia",2238,"DPR","Democratic Party of Russia","Russia"
"Demokraticeskaja Rossija (DR)",,,,"Russia"
"Development of Entrpreneurship",,,,"Russia"
"Edinenie",,,,"Russia"
"Edinstvo",2242,"Y","Unity","Russia"
"Entrepreneurship",,,,"Russia"
"Fair Russia",2244,"SR","Just Russia","Russia"
"Fair Russia (SR)",2244,"SR","Just Russia","Russia"
"Fatherland",2240,"OVR","Fatherland — All Russia","Russia"
"Fatherland All Russia",2240,"OVR","Fatherland — All Russia","Russia"
"For Civil Dignity",,,,"Russia"
"For the Motherland (Za Rodinu)",,,,"Russia"
"Free Russia",,,,"Russia"
"Gennadiy Zyuganov",,,,"Russia"
"Great Fatherland Party",,,,"Russia"
"Green Party",5822,"REP-Z","Russian Ecological Party ""The Greens"" /  Constructive Ecological Party ""KEDR""","Russia"
"Green party",5822,"REP-Z","Russian Ecological Party ""The Greens"" /  Constructive Ecological Party ""KEDR""","Russia"
"Greens",5822,"REP-Z","Russian Ecological Party ""The Greens"" /  Constructive Ecological Party ""KEDR""","Russia"
"Grigoriy Yavlinskiy",,,,"Russia"
"Homeland People's Patriotic Union",2246,"Rodina","Motherland — National Patriotic Union","Russia"
"Honour & Motherland",,,,"Russia"
"Initiative Group A: Vladimir Putin",,,,"Russia"
"Initiative Group B: Gennady Zyuganov",,,,"Russia"
"Initiative Group C: Grigory Yavlinsky",,,,"Russia"
"Initiative Group D: Aman Tuleyev",,,,"Russia"
"Initiative Group F: Konstatin Titov",,,,"Russia"
"Initiative Group: Stanislav Govorukhin",,,,"Russia"
"Ivana Rybkina (IR- Electoral Union)",2243,"IBIR","Ivan Rybkin's Bloc","Russia"
"Just Cause",,,,"Russia"
"Just Russia",2244,"SR","Just Russia","Russia"
"KPRF",2236,"KPRF","Communist Party ot the Russian Federation","Russia"
"Komunisty - Trudovaja Rossija- Za Sovetskij Sojuz",,,,"Russia"
"Kongress russkich obscin (KRO)",2237,"KRO","Congress of Russian Communities","Russia"
"LDPR",2245,"LDPR","Liberal Democratic Party of Russia","Russia"
"LDPR (the Liberal and Democratic Party of Russia)",2245,"LDPR","Liberal Democratic Party of Russia","Russia"
"Liberal",,,,"Russia"
"Liberal Democratic Party",2245,"LDPR","Liberal Democratic Party of Russia","Russia"
"Liberal Democratic Party of Russia",2245,"LDPR","Liberal Democratic Party of Russia","Russia"
"Liberal Democratic Party of Russia (Ghirinovsky V.)",2245,"LDPR","Liberal Democratic Party of Russia","Russia"
"Liberal Democratic Party of Russia (LDPR)",2245,"LDPR","Liberal Democratic Party of Russia","Russia"
"Liberal Democratic Party of Russia - LDPR",2245,"LDPR","Liberal Democratic Party of Russia","Russia"
"Liberal-Democratic Party",2245,"LDPR","Liberal Democratic Party of Russia","Russia"
"Liberal-Democratic Party of Russia (LDPR) -   ()",2245,"LDPR","Liberal Democratic Party of Russia","Russia"
"Martin Shakkum",,,,"Russia"
"Michail Gorbachev",,,,"Russia"
"Motherland",2246,"Rodina","Motherland — National Patriotic Union","Russia"
"Motherland (Glazyev S.)",2246,"Rodina","Motherland — National Patriotic Union","Russia"
"Motherland Party",2246,"Rodina","Motherland — National Patriotic Union","Russia"
"Movement in Support of the Army",,,,"Russia"
"Nas dom - Rossija (NDR) - Our Home is Russia",2247,"NDR","Our Home – Russia","Russia"
"Nash Vybor - Our choice",,,,"Russia"
"National Bolshevik Party",,,,"Russia"
"National-Patriotic Union",2246,"Rodina","Motherland — National Patriotic Union","Russia"
"New Course - Automotive Party",,,,"Russia"
"New Force",,,,"Russia"
"Otechestvo",2240,"OVR","Fatherland — All Russia","Russia"
"Our Home is Russia",2247,"NDR","Our Home – Russia","Russia"
"Our Home is Russia(NDR)",2247,"NDR","Our Home – Russia","Russia"
"Our Home is Russia-NDR",2247,"NDR","Our Home – Russia","Russia"
"PARNAS",2248,"RPR-PNS","Republican Party of Russia — People's Freedom Party","Russia"
"Partiya Samoupravleniya (PS)",,,,"Russia"
"Party ""Pravoe delo""",,,,"Russia"
"Party 'Pravoe delo'",,,,"Russia"
"Party of Growth",6739,"PoG","Party of Growth","Russia"
"Party of Patriots of Russia",8362,"PR","Patriots of Russia","Russia"
"Party of Revival",7409,"PVR","Party of Russia's Rebirth","Russia"
"Party of Revival of Russia - Russian Party of Life",,,,"Russia"
"Party of Revival/Russian Party of Life (Seleznev G./ Miro",,,,"Russia"
"Party of Social Justice",,,,"Russia"
"Party of the development of entrepreneurship",,,,"Russia"
"Patriots of Rusia",8362,"PR","Patriots of Russia","Russia"
"Patriots of Russia",8362,"PR","Patriots of Russia","Russia"
"Peace.Work.May",,,,"Russia"
"Pensioners Party",5823,"RPPSS","Russian Party of Pensioners for Social Justice","Russia"
"Pensioners Party/Party of Social Justice",,,,"Russia"
"People's Freedom Party",2248,"RPR-PNS","Republican Party of Russia — People's Freedom Party","Russia"
"People's Freedom Party",2248,"RPR-PNS","Republican Party of Russia — People's Freedom Party","Russia"
"People's Freedom Party",2248,"RPR-PNS","Republican Party of Russia — People's Freedom Party","Russia"
"People's Freedom Party (PARNAS)",2248,"RPR-PNS","Republican Party of Russia — People's Freedom Party","Russia"
"People's Freedom Party/PARNAS",2248,"RPR-PNS","Republican Party of Russia — People's Freedom Party","Russia"
"People's Party of RF",,,,"Russia"
"People's Party of the Russian Federation",,,,"Russia"
"People-republican party of Russia",,,,"Russia"
"Peoples Republican Party",,,,"Russia"
"Political party 'Civil Platform'",,,,"Russia"
"Popular Party of Russian Federation (Raykov)",,,,"Russia"
"Popular Prty of R Federation",,,,"Russia"
"Power (Derzava)",,,,"Russia"
"Profosuzoj i promyslenniki - Sojuz Truda",,,,"Russia"
"Public organization All-Russian Party 'Civil Force'",5547,"GS","Civilian Power","Russia"
"Real Patriots of Russia",8362,"PR","Patriots of Russia","Russia"
"Rebirth of Russia Party",7409,"PVR","Party of Russia's Rebirth","Russia"
"Republican Party of Russia (Pamfilova-Gurov-Lysenko) PGL",,,,"Russia"
"Republican party of Russian-Party of people's freedom (Parnas)",2248,"RPR-PNS","Republican Party of Russia — People's Freedom Party","Russia"
"Right Cause",,,,"Russia"
"Right Cause (PD)",,,,"Russia"
"Right-Wing Bloc",,,,"Russia"
"Rodina",2246,"Rodina","Motherland — National Patriotic Union","Russia"
"Rodina or Motherland-National Patriotic Union",2246,"Rodina","Motherland — National Patriotic Union","Russia"
"Rossiyskaya Demokraticheskaya Partiya AYablokoA Yavlinsky-Boldyrev-Lukin-Bloc",2252,"Yabloko","Russian United Democratic Party ""Yabloko""","Russia"
"Rus",,,,"Russia"
"Russia Popular Union",,,,"Russia"
"Russian All-People's Union",,,,"Russia"
"Russian Communist Party",2236,"KPRF","Communist Party ot the Russian Federation","Russia"
"Russian Communist Workers' Party of the Communist Party of the Soviet Union",,,,"Russia"
"Russian Ecological Party",5822,"REP-Z","Russian Ecological Party ""The Greens"" /  Constructive Ecological Party ""KEDR""","Russia"
"Russian Ecological Party ""The Greens""",5822,"REP-Z","Russian Ecological Party ""The Greens"" /  Constructive Ecological Party ""KEDR""","Russia"
"Russian Ecological Party ""The Greens""",5822,"REP-Z","Russian Ecological Party ""The Greens"" /  Constructive Ecological Party ""KEDR""","Russia"
"Russian Ecological Party ""The Greens""",5822,"REP-Z","Russian Ecological Party ""The Greens"" /  Constructive Ecological Party ""KEDR""","Russia"
"Russian Ecological Party 'Green' (Panfilov A.)",5822,"REP-Z","Russian Ecological Party ""The Greens"" /  Constructive Ecological Party ""KEDR""","Russia"
"Russian Ecological Party 'The Greens'",5822,"REP-Z","Russian Ecological Party ""The Greens"" /  Constructive Ecological Party ""KEDR""","Russia"
"Russian Ecological Party ´Green´ (Panfilov A.)",5822,"REP-Z","Russian Ecological Party ""The Greens"" /  Constructive Ecological Party ""KEDR""","Russia"
"Russian National Unity",,,,"Russia"
"Russian Party for the Protection of Women",,,,"Russia"
"Russian Party of Pensioners for Justice",5823,"RPPSS","Russian Party of Pensioners for Social Justice","Russia"
"Russian Party of Pensioners for Social Justice",5823,"RPPSS","Russian Party of Pensioners for Social Justice","Russia"
"Russian People-Republican Party",,,,"Russia"
"Russian Socialist Party",,,,"Russia"
"Russian United Democratic Party ""Yabloko"" ",2252,"Yabloko","Russian United Democratic Party ""Yabloko""","Russia"
"Russian United Democratic Party Yabloko",2252,"Yabloko","Russian United Democratic Party ""Yabloko""","Russia"
"Russian party of pensioners and party of social justice",5823,"RPPSS","Russian Party of Pensioners for Social Justice","Russia"
"Social Justice Party",,,,"Russia"
"Social-Democrats",,,,"Russia"
"Solidarity (Solidarnost)",,,,"Russia"
"Stalinist Bloc for the Soviet Union",,,,"Russia"
"Svyatoslav Fyodorov",,,,"Russia"
"The All-Russian Political Party 'Party of Growth'",6739,"PoG","Party of Growth","Russia"
"The Communist Party of Russian Federation",2236,"KPRF","Communist Party ot the Russian Federation","Russia"
"The Justice Party",,,,"Russia"
"The Liberal Democratic Party of Russia",2245,"LDPR","Liberal Democratic Party of Russia","Russia"
"The National Bolshevik Party",,,,"Russia"
"The Russian Environmental Party 'Greens'",5822,"REP-Z","Russian Ecological Party ""The Greens"" /  Constructive Ecological Party ""KEDR""","Russia"
"The Russian Environmental Party 'Zelenye'",5822,"REP-Z","Russian Ecological Party ""The Greens"" /  Constructive Ecological Party ""KEDR""","Russia"
"The Russian Party of Freedom and Justice",,,,"Russia"
"The Russian Party of Pensioners for Justice",5823,"RPPSS","Russian Party of Pensioners for Social Justice","Russia"
"The Russian Party of Pensioners for Social Justice",5823,"RPPSS","Russian Party of Pensioners for Social Justice","Russia"
"The Slavic Union/Movement Against Illegal Immigration",,,,"Russia"
"The Union of Right Forces - SPS",2255,"SPS","Union of Right Forces","Russia"
"The political party 'Party of People's Freedom' (PARNAS)",2248,"RPR-PNS","Republican Party of Russia — People's Freedom Party","Russia"
"Union of Right Forces",2255,"SPS","Union of Right Forces","Russia"
"Union of Right Forces (SPS)",2255,"SPS","Union of Right Forces","Russia"
"Union of Right forces",2255,"SPS","Union of Right Forces","Russia"
"Union of Rigth Forces",2255,"SPS","Union of Right Forces","Russia"
"Union of right forces",2255,"SPS","Union of Right Forces","Russia"
"United Rusia",2256,"YR","United Russia","Russia"
"United Russia",2256,"YR","United Russia","Russia"
"United Russia (ER)",2256,"YR","United Russia","Russia"
"United Russia (Gryzlov B.)",2256,"YR","United Russia","Russia"
"Unity",2242,"Y","Unity","Russia"
"Unity Inter-Regional movement",2242,"Y","Unity","Russia"
"Vladimir Bryntsalov",,,,"Russia"
"Vladimir Zhirinovsky",,,,"Russia"
"VlastNarodu (VN)",2250,"VN","Power to the People!","Russia"
"Voted for single-mandate candidate",,,,"Russia"
"Voted only for a single-mandate candidate",,,,"Russia"
"Vpered Rossija (VR)",2241,"VR","Forward, Russia!","Russia"
"Women of Russia",2257,"ZR","Women of Russia","Russia"
"Working Russia",,,,"Russia"
"Yabloko",2252,"Yabloko","Russian United Democratic Party ""Yabloko""","Russia"
"Yuri Vlasov",,,,"Russia"
"Zensciny Rossii (ZR)",2257,"ZR","Women of Russia","Russia"
"Zhirinovsky Bloc",,,,"Russia"
"kprf",2236,"KPRF","Communist Party ot the Russian Federation","Russia"
"ldpr",2245,"LDPR","Liberal Democratic Party of Russia","Russia"
"Christian Democratic Party",5701,"PDC","Centrist Democratic Party","Rwanda"
"Democratic Green Party of Rwanda",7996,"PVDR","Democratic Green Party of Rwanda","Rwanda"
"Democratic Union of The Rwandan People",7642,"UDPR","Democratic Union of the Rwandan People","Rwanda"
"Islamic Democratic Party",7643,"PDI","Ideal Democratic Party","Rwanda"
"Liberal Party",3657,"PL","Liberal Party","Rwanda"
"Party For Progress and Concord",7644,"PPC","Party for Progress and Concord","Rwanda"
"Party Imberakuri",7995,"PS-I","Social Party Imberakuri","Rwanda"
"Rwanda Patriotic Front",3283,"FPR","Rwandan Patriotic Front","Rwanda"
"Rwandan Socialist Party",7645,"PSR","Rwandan Socialist Party","Rwanda"
"Social Democratic Party",3658,"PSD","Social Democratic Party","Rwanda"
"AFP",2379,"AFP","Alliance of the Forces of Progress","Senegal"
"AJ",2382,"AJ/PADS","And-Jëf / African Party for Democracy and Socialism","Senegal"
"AP/PADS",2382,"AJ/PADS","And-Jëf / African Party for Democracy and Socialism","Senegal"
"Abdoul MBAYE (ACT)",,,,"Senegal"
"Abdoulaye BALDE (UCS)",,,,"Senegal"
"Abdoulaye WADE (Parti Démocratique Sénégalais)",2329,"PDS","Senegalese Democratic Party","Senegal"
"Alliance Pour la République",5766,"APR","Alliance for the Republic—Yakaar","Senegal"
"Alliance Pour la République (Macky SALL)",5766,"APR","Alliance for the Republic—Yakaar","Senegal"
"Alliance des  Forces du Progrès",2379,"AFP","Alliance of the Forces of Progress","Senegal"
"Alliance des Forces du Progrès (Moustapha NIASSE)",2379,"AFP","Alliance of the Forces of Progress","Senegal"
"Alliance des Forces du Progrés",2379,"AFP","Alliance of the Forces of Progress","Senegal"
"Alliance des forces de progrès  (AFP)",2379,"AFP","Alliance of the Forces of Progress","Senegal"
"Alliance des forces de progrès  (AFP) (Moustapha Niasse)",2379,"AFP","Alliance of the Forces of Progress","Senegal"
"Alliance des forces de progrès (Moustapha Niasse)",2379,"AFP","Alliance of the Forces of Progress","Senegal"
"Alliance pour la République (APR)",5766,"APR","Alliance for the Republic—Yakaar","Senegal"
"Alliance pour la République (APR) (Macky Sall)",5766,"APR","Alliance for the Republic—Yakaar","Senegal"
"Alliance pour la République (Macky Sall)",5766,"APR","Alliance for the Republic—Yakaar","Senegal"
"And-Jëf/Parti africain pour la démocratie et le socialisme (AJ/PADS) (Landing Savané)",2382,"AJ/PADS","And-Jëf / African Party for Democracy and Socialism","Senegal"
"BENO BOOK YAKAAR",5766,"APR","Alliance for the Republic—Yakaar","Senegal"
"BOOK GUIS GUIS",6151,"BGG","Bokk Gis Gis","Senegal"
"Beuss du Niak (Serigne Mansour SY DJAMIL)",,,,"Senegal"
"Book Guiss Guiss (Pape DIOP)",6151,"BGG","Bokk Gis Gis","Senegal"
"CAP21",,,,"Senegal"
"CAR Lennen (Amsatou Sow Sidibé)",,,,"Senegal"
"CPC",,,,"Senegal"
"Diégane SENE (Union pour le Renouveau Démocratique)",6462,"URD","Union for Democratic Renewal","Senegal"
"El Hadji Issa SALL (PUR)",,,,"Senegal"
"FSDBJ",5958,"FSD-BJ","Front for Socialism and Democracy/Benno Jubël","Senegal"
"Front pour le Socialisme et la Démocratie/ Benno Jubbel",5958,"FSD-BJ","Front for Socialism and Democracy/Benno Jubël","Senegal"
"Front pour le socialisme et la démocratie/Benno Jubël (Cheikh Bamba Dièye)",5958,"FSD-BJ","Front for Socialism and Democracy/Benno Jubël","Senegal"
"Grand Parti (Malick GAKOU)",,,,"Senegal"
"Guem sa Bopp (Bougane Gueye Dany)",,,,"Senegal"
"Idrissa SECK (REWMI)",,,,"Senegal"
"Idrissa Seck",,,,"Senegal"
"JEF JEL",2382,"AJ/PADS","And-Jëf / African Party for Democracy and Socialism","Senegal"
"Jef Jel",2382,"AJ/PADS","And-Jëf / African Party for Democracy and Socialism","Senegal"
"Khalifa SALL (Manko Taxawou Sénégal)",,,,"Senegal"
"LD/MPT",7087,"LD/MPT","Democratic League / Popular Labor Movement","Senegal"
"Le Grand Mouvement",,,,"Senegal"
"Le Grand Mouvement (Djibril Ngom)",,,,"Senegal"
"Ligue Démocratique /Mouvement Populaire pour le Travail",7087,"LD/MPT","Democratic League / Popular Labor Movement","Senegal"
"Ligue Démocratique/Mouvement Populaire pour le Travail",7087,"LD/MPT","Democratic League / Popular Labor Movement","Senegal"
"Ligue démocratique/Mouvement pour le parti du travail (LD/MPT)",7087,"LD/MPT","Democratic League / Popular Labor Movement","Senegal"
"Ligue démocratique/Mouvement pour le parti du travail (LD/MPT) (Mamadou Ndoye)",7087,"LD/MPT","Democratic League / Popular Labor Movement","Senegal"
"Louy Jot Jotna (Cheikh Tidiane Gadio)",,,,"Senegal"
"Macky SALL (Alliance Pour la République)",5766,"APR","Alliance for the Republic—Yakaar","Senegal"
"Macky SALL (Benno Book Yakaar",5766,"APR","Alliance for the Republic—Yakaar","Senegal"
"Malick GAKOU (Grand Parti)",,,,"Senegal"
"Manko Taxawou Sénégal (Khalifa SALL)",,,,"Senegal"
"Moustapha NIASSE (Alliance des  Forces du Progrès)",2379,"AFP","Alliance of the Forces of Progress","Senegal"
"Mouvement Louy Jot Jotna",,,,"Senegal"
"Mouvement Taxaw Temm (Ibrahima Fall)",,,,"Senegal"
"Mouvement pour le Rassemblement Démocratique Sénégalais",5636,"MRDS","Reform Movement for Social Development","Senegal"
"Nicolas NDIAYE (Ligue Démocratique)",7087,"LD/MPT","Democratic League / Popular Labor Movement","Senegal"
"Opposition/CPC",,,,"Senegal"
"Ousmane SONKO (Pastef)",,,,"Senegal"
"Ousmane Tanor DIENG (Parti Socialiste)",2380,"PS / UPS","Socialist Party of Senegal / Senegalese Progressive Union","Senegal"
"PDS",2329,"PDS","Senegalese Democratic Party","Senegal"
"PIT",2381,"PIT","Party of Independence and Labour","Senegal"
"PR",,,,"Senegal"
"PS",2380,"PS / UPS","Socialist Party of Senegal / Senegalese Progressive Union","Senegal"
"PSA",7314,"PSAS","Senegalese Party of Socialist Action","Senegal"
"PUR (El Hadji Issa SALL)",,,,"Senegal"
"Parti Démocratique Sénégalais",2329,"PDS","Senegalese Democratic Party","Senegal"
"Parti Démocratique Sénégalais (Abdoulaye WADE)",2329,"PDS","Senegalese Democratic Party","Senegal"
"Parti Démocratique Sénégalais (PDS)",2329,"PDS","Senegalese Democratic Party","Senegal"
"Parti Démocratique Sénégalais (PDS) (Abdoulaye Wade)",2329,"PDS","Senegalese Democratic Party","Senegal"
"Parti Initiative démocratique jogal (Diouma Dieng Diakhaté)",,,,"Senegal"
"Parti Socialiste",2380,"PS / UPS","Socialist Party of Senegal / Senegalese Progressive Union","Senegal"
"Parti Socialiste (Ousmane Tanor DIENG)",2380,"PS / UPS","Socialist Party of Senegal / Senegalese Progressive Union","Senegal"
"Parti de la vérité pour le développement (P.V.D) (Serigne Modou KARA MBACKE))",5637,"PVD","Party for Truth and Development","Senegal"
"Parti humaniste Naxx Jarinu",,,,"Senegal"
"Parti humaniste Naxx Jarinu (Oumar Khassimou Dia)",,,,"Senegal"
"Parti pour l'Independance et le Travail",2381,"PIT","Party of Independence and Labour","Senegal"
"Parti socialiste (Ousmane Tanor Dieng)",2380,"PS / UPS","Socialist Party of Senegal / Senegalese Progressive Union","Senegal"
"Parti socialiste (PS)",2380,"PS / UPS","Socialist Party of Senegal / Senegalese Progressive Union","Senegal"
"Parti socialiste (PS) (Ousmane Tanor Dieng)",2380,"PS / UPS","Socialist Party of Senegal / Senegalese Progressive Union","Senegal"
"Pastef (Ousmane SONKO)",,,,"Senegal"
"REWMI",,,,"Senegal"
"REWMI (Idrissa SECK)",,,,"Senegal"
"RP",5959,"RP","Rally for the People","Senegal"
"Rassemblement pour le Peuple (RP) (SERIGNE MAMOUNE NIASSE) (Volunteered)",5959,"RP","Rally for the People","Senegal"
"Rewmi",,,,"Senegal"
"Rewmi (Idrissa Seck)",,,,"Senegal"
"Serigne Mansour SY DJAMIL (Beuss du Niak)",,,,"Senegal"
"Serigne Modou KARA MBACKE (Parti de la vérité pour le dévelo",5637,"PVD","Party for Truth and Development","Senegal"
"TDS",,,,"Senegal"
"URD",6462,"URD","Union for Democratic Renewal","Senegal"
"Union Centriste du Sénégal (UCS) (ABDOULAYE BALDE) (Volunteered)",,,,"Senegal"
"Union pour le Renouveau Démocratique",6462,"URD","Union for Democratic Renewal","Senegal"
"YAAKAAR, le Parti de l'Espoir",5766,"APR","Alliance for the Republic—Yakaar","Senegal"
"YAAKAAR, le Parti de l'Espoir (Mor Dieng)",,,,"Senegal"
"Alliance of Vojvodina Hungarians",2203,"SVM","Alliance of Vojvodina Hungarians","Serbia"
"Alliance of Vojvodina Hungarians (SVM)",2203,"SVM","Alliance of Vojvodina Hungarians","Serbia"
"Alliance of Vojvodina Hungarians - SVM",2203,"SVM","Alliance of Vojvodina Hungarians","Serbia"
"Alliance of Vojvodina's Hungarians",2203,"SVM","Alliance of Vojvodina Hungarians","Serbia"
"Bošnjačka demokratska zajednica Sandžaka",3173,"BDZS / SPP","Bosniak Democratic Union of Sandžak / Justice and Reconciliation Party","Serbia"
"Christian Democratic Party of Serbia",7966,"DHSS","Christian Democratic Party of Serbia","Serbia"
"Civic Alliance of Serbia",2202,"GSS","Civic Alliance of Serbia","Serbia"
"Civic Alliance of Serbia (Graanski savez Srbije)",2202,"GSS","Civic Alliance of Serbia","Serbia"
"Coalition Zajedno",5395,"Zajedno","Together","Serbia"
"Democratic Alliance of Kosova",,,,"Serbia"
"Democratic Alternative",4135,"DA","Democratic Alternative","Serbia"
"Democratic Center",7968,"DC","Democratic Centre","Serbia"
"Democratic League of Croats in Vojvodina - DSHV",3174,"DSHV","Democratic Alliance of Croats in Vojvodina","Serbia"
"Democratic Movement of Serbia",6150,"DEPOS","Democratic Movement of Serbia","Serbia"
"Democratic Party",2189,"DS","Democratic Party","Serbia"
"Democratic Party   (DS)",2189,"DS","Democratic Party","Serbia"
"Democratic Party - DS",2189,"DS","Democratic Party","Serbia"
"Democratic Party of Serbi",,,,"Serbia"
"Democratic Party of Serbia",2190,"DSS","Democratic Party of Serbia","Serbia"
"Democratic Party of Serbia   (DSS)",2190,"DSS","Democratic Party of Serbia","Serbia"
"Democratic Party of Serbia - DSS",2190,"DSS","Democratic Party of Serbia","Serbia"
"Democratic Union of Vojvodina's Magyars (Demokratska Zajednica Vojvodanskih Madara) - DZVM",2186,"DZVM","Democratic Community of Magyars of Vojvodina","Serbia"
"Demokratska partija socijalista (DPS)",8571,"DPS","Democratic Party of Socialists of Montenegro","Serbia"
"Demokratska stranka",2189,"DS","Democratic Party","Serbia"
"Demokratska stranka (DS)",2189,"DS","Democratic Party","Serbia"
"Demokratska stranka Srbije",2190,"DSS","Democratic Party of Serbia","Serbia"
"Demokratska stranka Srbije (DSS)",2190,"DSS","Democratic Party of Serbia","Serbia"
"Demokratski savez Hrvata u Vojvodini",3174,"DSHV","Democratic Alliance of Croats in Vojvodina","Serbia"
"Dosta je bilo",5379,"DJB","It's Enough","Serbia"
"Dveri",5665,"Dveri","Serbian Movement Dveri","Serbia"
"Dveri for life of Serbia",5665,"Dveri","Serbian Movement Dveri","Serbia"
"G17+",2193,"G17+","G17 Plus","Serbia"
"It's enough (DJB)",5379,"DJB","It's Enough","Serbia"
"Jedinstvena Srbija",6625,"JS","United Serbia","Serbia"
"Jugoslovenska Levica (Yugoslav Left)",6626,"JUL","Yugoslav Left","Serbia"
"Koalicija Vojvodina (KV)",2182,"KV","Vojvodina Coalition","Serbia"
"LDP",2196,"LDP","Liberal Democratic Party","Serbia"
"League of Social Democrats of Vojvodina",4769,"LSV","League of Social Democrats of Vojvodina","Serbia"
"League of Social Democrats of Vojvodina (LSV)",4769,"LSV","League of Social Democrats of Vojvodina","Serbia"
"League of Social Democrats of Vojvodina - LSV",4769,"LSV","League of Social Democrats of Vojvodina","Serbia"
"Levica Srbije",8363,"LS","Serbian Left","Serbia"
"Liberal Democratic Party",2196,"LDP","Liberal Democratic Party","Serbia"
"Liberal Democratic Party  (LDP)",2196,"LDP","Liberal Democratic Party","Serbia"
"Liberal Democratic Party - LDP",2196,"LDP","Liberal Democratic Party","Serbia"
"Liberalni savez Crne Gore (LSCG)",,,,"Serbia"
"Liberalno demokratska partija",2196,"LDP","Liberal Democratic Party","Serbia"
"Liga socijaldemokrata Vojvodine",4769,"LSV","League of Social Democrats of Vojvodina","Serbia"
"Movement Strenght of Serbia - PSS",5483,"PSS — BK","Strength of Serbia Movement — BK","Serbia"
"Movement of Free Citizens (PSG)",8364,"PSG","Movement of Free Citizens","Serbia"
"Narodna stranka",9111,"Narodna","People's Party","Serbia"
"Narodna stranka (NS)",9111,"Narodna","People's Party","Serbia"
"Narodni pokret Srbije",9414,"NPS","People's Movement of Serbia","Serbia"
"Ne davimo Beograd",,,,"Serbia"
"New Democracy",2197,"ND","New Democracy","Serbia"
"New Democracy (Nova demokratija - ND)",2197,"ND","New Democracy","Serbia"
"New Serbia",2346,"NS","New Serbia","Serbia"
"New Serbia - NS",2346,"NS","New Serbia","Serbia"
"Nova Demokratska stranka Srbije",,,,"Serbia"
"PSS",5483,"PSS — BK","Strength of Serbia Movement — BK","Serbia"
"Partija ujedinjenih penzionera Srbije",2179,"PUPS","Party of United Pensioners of Serbia","Serbia"
"Partija ujedinjenih penzionera, poljoprivrednika i proletera Srbije",,,,"Serbia"
"Partija za demokratsko delovanje",2199,"PDD","Party for Democratic Activity","Serbia"
"Party for Democratic Action",,,,"Serbia"
"Party for Democratic Action (SDA)",,,,"Serbia"
"Party for Democratic Action - PDD",2199,"PDD","Party for Democratic Activity","Serbia"
"Party for Democratic Progress - PDP",,,,"Serbia"
"Party of Democratic Action for Sandzak",3176,"SDAS","Party of Democratic Action of Sandžak","Serbia"
"Party of United Pensioners of Serbia",2179,"PUPS","Party of United Pensioners of Serbia","Serbia"
"Party of United Pensioners of Serbia (PUPS)",2179,"PUPS","Party of United Pensioners of Serbia","Serbia"
"Party of United Pensioners of Serbia - PUPS",2179,"PUPS","Party of United Pensioners of Serbia","Serbia"
"People's Party (NS)",9111,"Narodna","People's Party","Serbia"
"Pokret obnove kraljevine Srbije",9100,"POKS","Movement for the Restoration of the Kingdom of Serbia","Serbia"
"Pokret slobodnih građana",8364,"PSG","Movement of Free Citizens","Serbia"
"Pokret snaga Srbije",5483,"PSS — BK","Strength of Serbia Movement — BK","Serbia"
"Pokret socijalista",6558,"PS","Movement of Socialists","Serbia"
"Reformists of Vojvodina",2174,"RDSV","Reformist Democratic Party of Vojvodina","Serbia"
"Roma Party   (RP)",,,,"Serbia"
"Roma Union of Serbia - UPR",,,,"Serbia"
"SVM",2203,"SVM","Alliance of Vojvodina Hungarians","Serbia"
"Sanjak Democratic Party - SDP",7969,"SDP","Sanjak Democratic Party","Serbia"
"Savez vojvođanskih Mađara",2203,"SVM","Alliance of Vojvodina Hungarians","Serbia"
"Serbian Democratic Renewal Movement - SDPP",,,,"Serbia"
"Serbian Movement Dveri",5665,"Dveri","Serbian Movement Dveri","Serbia"
"Serbian Progressive Party",3177,"SNS","Serbian Progressive Party","Serbia"
"Serbian Progressive Party (SNS)",3177,"SNS","Serbian Progressive Party","Serbia"
"Serbian Radical Party",2175,"SRS","Serbian Radical Party","Serbia"
"Serbian Radical Party   (SRS)",2175,"SRS","Serbian Radical Party","Serbia"
"Serbian Radical Party - SRS",2175,"SRS","Serbian Radical Party","Serbia"
"Serbian Renewal Movement",2176,"SPO","Serbian Renewal Movement","Serbia"
"Serbian Renewal Movement - SPO",2176,"SPO","Serbian Renewal Movement","Serbia"
"Serbian Unity Party",5399,"SSJ","Party of Serbian Unity","Serbia"
"Social Democratic Party",5357,"SDP","Social Democratic Party","Serbia"
"Social Democratic Party (SDS)",4770,"SDS","Social Democratic Party","Serbia"
"Social Democratic Party of Serbia (SDPS)",4771,"SDPS","Social Democratic Party of Serbia","Serbia"
"Socialist Party of Serbia",2178,"SPS","Socialist Party of Serbia","Serbia"
"Socialist Party of Serbia    (SPS)",2178,"SPS","Socialist Party of Serbia","Serbia"
"Socialist Party of Serbia - SPS",2178,"SPS","Socialist Party of Serbia","Serbia"
"Socijaldemokratska partija Srbije",4771,"SDPS","Social Democratic Party of Serbia","Serbia"
"Socijaldemokratska stranka",4770,"SDS","Social Democratic Party","Serbia"
"Socijalisticka partija Srbije (SPS)",2178,"SPS","Socialist Party of Serbia","Serbia"
"Socijalistička partija Srbije",2178,"SPS","Socialist Party of Serbia","Serbia"
"Srbija centar - SRCE",9381,"SRCE","Serbia Centre","Serbia"
"Srpska napredna stranka",3177,"SNS","Serbian Progressive Party","Serbia"
"Srpska radikalna stranka",2175,"SRS","Serbian Radical Party","Serbia"
"Srpska radikalna stranka (SRS)",2175,"SRS","Serbian Radical Party","Serbia"
"Srpska radikalna stranka Crne Gore (SRSCG)",,,,"Serbia"
"Srpska stranka Zavetnici",9102,"SSZ","Serbian Party Oathkeepers","Serbia"
"Srpski pokret Dveri",5665,"Dveri","Serbian Movement Dveri","Serbia"
"Srpski pokret obnove",2176,"SPO","Serbian Renewal Movement","Serbia"
"Srpski pokret obnove (SPO)",2176,"SPO","Serbian Renewal Movement","Serbia"
"Stranka demokratske akcije - SDA",,,,"Serbia"
"Stranka demokratske akcije Sandžaka",3176,"SDAS","Party of Democratic Action of Sandžak","Serbia"
"Stranka pravde i pomirenja",3173,"BDZS / SPP","Bosniak Democratic Union of Sandžak / Justice and Reconciliation Party","Serbia"
"Stranka slobode i pravde",9112,"SSP","Party of Freedom and Justice","Serbia"
"Together for Šumadija",7873,"TS","Together for Šumadija","Serbia"
"Udruzenje za jugoslovensku demokratsku inicijativu (UJDI)",,,,"Serbia"
"United Regions of Serbia",2181,"URS","United Regions of Serbia","Serbia"
"United Serbia",6625,"JS","United Serbia","Serbia"
"United Serbia   (JS)",6625,"JS","United Serbia","Serbia"
"United Serbia - JS",6625,"JS","United Serbia","Serbia"
"Vojvodina Coalition",2182,"KV","Vojvodina Coalition","Serbia"
"Zajedno (Zajedno za Srbiju, Ekološki ustanak i Skupština slobodne Srbije)",,,,"Serbia"
"Zelena stranka Srbije",7876,"ZS","Greens of Serbia","Serbia"
"Zeleno-levi front",,,,"Serbia"
"Lafors Sosyal Demokratik or LSD",,,,"Seychelles"
"Linyon Demokratik Seselwa or LDS",5956,"LDS","Linyon Demokratik Seselwa","Seychelles"
"One Seychelles",,,,"Seychelles"
"Seychelles National Party or SNP",4117,"SNP/UO","Seychelles National Party / United Opposition","Seychelles"
"Seychelles United Party or SUP",3847,"SPPF/PL","Seychelles People's Progressive Front / People's Party / Seychelles People's United Party","Seychelles"
"United Seychelles or US",,,,"Seychelles"
"APC",4045,"APC","All People's Congress","Sierra Leone"
"All People's Congress (APC)",4045,"APC","All People's Congress","Sierra Leone"
"All People's Congress (APC)",4045,"APC","All People's Congress","Sierra Leone"
"All People's Congress (APC)",4045,"APC","All People's Congress","Sierra Leone"
"Alliance Democratic Party (ADP)",,,,"Sierra Leone"
"Citizens Democratic Party (CDP)",,,,"Sierra Leone"
"Coalition for Change Party (C4C)",7649,"C4C","Coalition for Change Party","Sierra Leone"
"NDA",,,,"Sierra Leone"
"National  Democratic Alliance (NDA)",,,,"Sierra Leone"
"National Democratic Alliance (NDA)",,,,"Sierra Leone"
"National Grand Coalition (NGC)",7651,"NGC","National Grand Coalition Party","Sierra Leone"
"PMDC",4048,"PMDC","People's Movement for Democratic Change","Sierra Leone"
"People's Democratic Party (PDP)",5895,"PDP","People's Democratic Party","Sierra Leone"
"People's Democratic Party (PDP)",5895,"PDP","People's Democratic Party","Sierra Leone"
"People's Movement for Democratic Change (PMDC)",4048,"PMDC","People's Movement for Democratic Change","Sierra Leone"
"People's Movement for Democratic Change (PMDC)",4048,"PMDC","People's Movement for Democratic Change","Sierra Leone"
"People's Movement for Democratic Change (PMDC)",4048,"PMDC","People's Movement for Democratic Change","Sierra Leone"
"SLPP",4047,"SLPP","Sierra Leone People's Party","Sierra Leone"
"Sierra Leone People's Party (SLPP)",4047,"SLPP","Sierra Leone People's Party","Sierra Leone"
"Sierra Leone People's Party (SLPP)",4047,"SLPP","Sierra Leone People's Party","Sierra Leone"
"Sierra Leone People's Party (SLPP)",4047,"SLPP","Sierra Leone People's Party","Sierra Leone"
"UDM",,,,"Sierra Leone"
"United Democratic Movement (UDM) Party",,,,"Sierra Leone"
"Democratic Progressive Party (DPP) (DPP) (aka Singapore United Front, SUF)",3651,"SUF/DPP","Singapore United Front / Democratic Progressive Party","Singapore"
"National Solidarity Party",3279,"NSP","National Solidarity Party","Singapore"
"People's Action Party",3277,"PAP","People's Action Party","Singapore"
"People's Action Party (PAP)",3277,"PAP","People's Action Party","Singapore"
"People's Action Party (PAP)",3277,"PAP","People's Action Party","Singapore"
"People's Action Party (PAP)",3277,"PAP","People's Action Party","Singapore"
"People's Power Party",8620,"PPP","People's Power Party","Singapore"
"People's Power Party",8620,"PPP","People's Power Party","Singapore"
"People's Power Party (PPP)",8620,"PPP","People's Power Party","Singapore"
"People´s Action Party",3277,"PAP","People's Action Party","Singapore"
"Progress Singapore Party(PSP)",,,,"Singapore"
"Reform Party",5640,"RP","Reform Party","Singapore"
"Singapore Democratic Alliance",5913,"SDA","Singapore Democratic Alliance","Singapore"
"Singapore Democratic Alliance (SDA)",5913,"SDA","Singapore Democratic Alliance","Singapore"
"Singapore Democratic Party",3561,"SDP","Singapore Democratic Party","Singapore"
"Singapore Democratic Party (SDP)",3561,"SDP","Singapore Democratic Party","Singapore"
"Singapore First Party",,,,"Singapore"
"Singapore People's Party",4255,"SPP","Singapore People's Party","Singapore"
"Singapore People's Party",4255,"SPP","Singapore People's Party","Singapore"
"Singapore People's Party",4255,"SPP","Singapore People's Party","Singapore"
"Worker's Party",3278,"WP","Workers' Party of Singapore","Singapore"
"Worker's Party",3278,"WP","Workers' Party of Singapore","Singapore"
"Worker's Party",3278,"WP","Workers' Party of Singapore","Singapore"
"Worker's Party  (WP)",3278,"WP","Workers' Party of Singapore","Singapore"
"Workers' Party",3278,"WP","Workers' Party of Singapore","Singapore"
"Workers´ Party",3278,"WP","Workers' Party of Singapore","Singapore"
"#SIET",4872,"S—SKS","Network — Slovak Conservative Party","Slovakia"
"99%",629,"99%","99 Percent — Civic Voice","Slovakia"
"ANO Alliance of New Citizens",217,"ANO","Alliance of the New Citizen","Slovakia"
"ANO New Citizen's Alliance",217,"ANO","Alliance of the New Citizen","Slovakia"
"Aliancia noveho obcana - ANO",217,"ANO","Alliance of the New Citizen","Slovakia"
"Alliance",,,,"Slovakia"
"Alliance for a Europe of Nations",,,,"Slovakia"
"Alliance of New Citizens (ANO)",217,"ANO","Alliance of the New Citizen","Slovakia"
"Alliance of New Citizens - ANO",217,"ANO","Alliance of the New Citizen","Slovakia"
"Association of SK workers",230,"ZRS","Association of Workers of Slovakia","Slovakia"
"Association of farmers & countrysides",2453,"SPV","Alliance of Farmers and the Countryside","Slovakia"
"Bridge",258,"MH","Most-Hid","Slovakia"
"Bridge - MOST-HID",258,"MH","Most-Hid","Slovakia"
"Bridge - MOST-HÍD",258,"MH","Most-Hid","Slovakia"
"Bridge-HID - MOST-HID",258,"MH","Most-Hid","Slovakia"
"Business&Entrepreneurs (SPZ)",,,,"Slovakia"
"Centre (STRED)",,,,"Slovakia"
"Chance",,,,"Slovakia"
"Chance - SANCA",,,,"Slovakia"
"Change from below - DÚ",1181,"ZZ-DS","Change from the Bottom, Democratic Union of Slovakia","Slovakia"
"Change from below, DÚ / Zmena zdola, DÚ",1181,"ZZ-DS","Change from the Bottom, Democratic Union of Slovakia","Slovakia"
"Change from below, DÚ/ Zmena zdola, DÚ",1181,"ZZ-DS","Change from the Bottom, Democratic Union of Slovakia","Slovakia"
"Christ Dem Movement",63,"KDH","Christian Democratic Movement","Slovakia"
"Christian Democracy (KDH)",63,"KDH","Christian Democratic Movement","Slovakia"
"Christian Democratic Movement",63,"KDH","Christian Democratic Movement","Slovakia"
"Christian Democratic Movement (KDH)",63,"KDH","Christian Democratic Movement","Slovakia"
"Christian Democratic Movement - KDH",63,"KDH","Christian Democratic Movement","Slovakia"
"Christian Democratic Movement - Krestanskodemokraticke hnutie",63,"KDH","Christian Democratic Movement","Slovakia"
"Christian Democratic Movement - Kresťanskodemokraticke hnutie",63,"KDH","Christian Democratic Movement","Slovakia"
"Christian Democratic Movement / KDH",63,"KDH","Christian Democratic Movement","Slovakia"
"Christian Union",7360,"KU","Christian Union","Slovakia"
"Christian democratic movement - KDH",63,"KDH","Christian Democratic Movement","Slovakia"
"Christian-Democratic Movement",63,"KDH","Christian Democratic Movement","Slovakia"
"Christian-Democratic Movement (KDH)",63,"KDH","Christian Democratic Movement","Slovakia"
"Civic Conservative Party",665,"OKS","Civic Conservative Party","Slovakia"
"Civic forum",,,,"Slovakia"
"Civil Understanding (SOP)",9,"SOP","Party of Civic Understanding","Slovakia"
"Coalition Progressive Slovakia and SPOLU-Civil Democracy - Koalicia Progresivne Slovensko a SPOLU-obcianska demokracia",,,,"Slovakia"
"Coalition Together for Slovakia",,,,"Slovakia"
"Coalition together for Slovakia",,,,"Slovakia"
"Communist Party",340,"KSS","Communist Party of Slovakia","Slovakia"
"Communist Party (KSS)",340,"KSS","Communist Party of Slovakia","Slovakia"
"Communist Party - KSS",340,"KSS","Communist Party of Slovakia","Slovakia"
"Communist Party of Slovakia",340,"KSS","Communist Party of Slovakia","Slovakia"
"Communist Party of Slovakia (KSS)",340,"KSS","Communist Party of Slovakia","Slovakia"
"Communist Party of Slovakia - KSS",340,"KSS","Communist Party of Slovakia","Slovakia"
"Communist party of Slovakia - KSS",340,"KSS","Communist Party of Slovakia","Slovakia"
"Courage - Great National and Prussian Coalition",,,,"Slovakia"
"Courage - Great national and pro-russian coalition",,,,"Slovakia"
"Czechoslovak people party",,,,"Slovakia"
"DIRECTION - Social Democracy",311,"Smer — SD","Direction — Social Democracy","Slovakia"
"DS - L'udo Kanik",983,"DS","Democratic Party","Slovakia"
"DS Democratic Party",983,"DS","Democratic Party","Slovakia"
"DU Democratic Union",707,"DU","Democratic Union","Slovakia"
"Defiance - VZDOR",,,,"Slovakia"
"Democratic Coalition (SDK)",226,"SDK","Slovak Democratic Coalition","Slovakia"
"Democratic Left (SDL)",1242,"SDL","Party of the Democratic Left (1990)","Slovakia"
"Democratic Party",983,"DS","Democratic Party","Slovakia"
"Democratic Party (DS)",983,"DS","Democratic Party","Slovakia"
"Democratic Union",707,"DU","Democratic Union","Slovakia"
"Democratic Union (DU)",707,"DU","Democratic Union","Slovakia"
"Demokraticka Strana (DS)",983,"DS","Democratic Party","Slovakia"
"Demokraticka Strana (DS) - Democratic Party",983,"DS","Democratic Party","Slovakia"
"Demokraticka Unia Slovenska DUS (Electoral Union)",6629,"DEÚS","Democratic Union of Slovakia","Slovakia"
"Direct Democracy - PD",,,,"Slovakia"
"Direct democracy - PD",,,,"Slovakia"
"Direction - Social Democracy",311,"Smer — SD","Direction — Social Democracy","Slovakia"
"Direction – Social Democracy",311,"Smer — SD","Direction — Social Democracy","Slovakia"
"Direction – Social Democracy (SMER-SD)",311,"Smer — SD","Direction — Social Democracy","Slovakia"
"E. Kukan (SDKU)",1617,"SDKU — DS","Slovak Democratic and Christian Union — Democratic Party","Slovakia"
"Entrepreneurs&Farmers Union (UZPR)",,,,"Slovakia"
"F. Miklosko (KDH)",63,"KDH","Christian Democratic Movement","Slovakia"
"FOR THE PEOPLE - ZA LUDI",8394,"Za","For the People","Slovakia"
"For the People",8394,"Za","For the People","Slovakia"
"Free Forum - SF",137,"SF","Free Forum","Slovakia"
"Free word party of Nora Mojsejova",711,"SSS","Free Word Party of Nora Mojsejová","Slovakia"
"Freedom and Solidarity",1386,"SaS","Freedom and Solidarity","Slovakia"
"Freedom and Solidarity (SaS)",1386,"SaS","Freedom and Solidarity","Slovakia"
"Freedom and Solidarity - SaS",1386,"SaS","Freedom and Solidarity","Slovakia"
"Freedom and Solidarity - Sloboda a Solidarita (SaS)",1386,"SaS","Freedom and Solidarity","Slovakia"
"Freedom and Solidarity / SaS",1386,"SaS","Freedom and Solidarity","Slovakia"
"GOOD CHOICE - DOBRA VOLBA",8644,"DV","Good Choice","Slovakia"
"Good Choice",8644,"DV","Good Choice","Slovakia"
"Good Choice and Moderates",,,,"Slovakia"
"Green Party",5849,"SZ","Green Party (1992)","Slovakia"
"Green Party (SZS)",1569,"SZ-S","Green Party [in Slovakia]","Slovakia"
"Green Party o SK",1569,"SZ-S","Green Party [in Slovakia]","Slovakia"
"Green party of Slovakia - SZS",1569,"SZ-S","Green Party [in Slovakia]","Slovakia"
"HID Party of Cooperation - MOST",258,"MH","Most-Hid","Slovakia"
"HOMELAND - VLAST",8643,"V","Homeland","Slovakia"
"HZD Movement for Democracy",2133,"HZD","Movement for Democracy","Slovakia"
"HZDS Movement f Democratic SK",560,"LS — HZDS","People's Party — Movement for a Democratic Slovakia","Slovakia"
"HZDS Movement f Democratic SK,Peoples P",560,"LS — HZDS","People's Party — Movement for a Democratic Slovakia","Slovakia"
"HZDS Movement for a Democratic Slovakia",560,"LS — HZDS","People's Party — Movement for a Democratic Slovakia","Slovakia"
"HZPS Association for Prosperity",,,,"Slovakia"
"Hnutie za demokraticke Slovensko (HZDS)",560,"LS — HZDS","People's Party — Movement for a Democratic Slovakia","Slovakia"
"Hnutie za demokraticke Slovensko (HZDS) - Movement for a Democratic Slovakia",560,"LS — HZDS","People's Party — Movement for a Democratic Slovakia","Slovakia"
"Homeland",8643,"V","Homeland","Slovakia"
"Hungarian Christian Democratic Alliance",,,,"Slovakia"
"Hungarian Christian Democratic Alliance",,,,"Slovakia"
"Hungarian Christian Democratic Alliance (MKDA)",2283,"MKDM","Hungarian Christian Democratic Movement","Slovakia"
"Hungarian Christian democratic alliance",,,,"Slovakia"
"Hungarian Coalition",349,"SMK-MKP","Party of the Hungarian Coalition / Party of the Hungarian Community","Slovakia"
"Hungarian Coalition (SMK)",349,"SMK-MKP","Party of the Hungarian Coalition / Party of the Hungarian Community","Slovakia"
"Hungarian Coalition Party - SMK",349,"SMK-MKP","Party of the Hungarian Coalition / Party of the Hungarian Community","Slovakia"
"Hungarian Community Togetherness",,,,"Slovakia"
"I. Gasparovic (HZD)",2133,"HZD","Movement for Democracy","Slovakia"
"J. Kalman (Ind.)",,,,"Slovakia"
"J. Kralik (SDL)",1242,"SDL","Party of the Democratic Left (1990)","Slovakia"
"J. Kubik (Ind.)",,,,"Slovakia"
"J. Sestak (Ind.)",,,,"Slovakia"
"KDH (Kresansko-demokratické hnutie)",63,"KDH","Christian Democratic Movement","Slovakia"
"KDH Christian Democratic Movement",63,"KDH","Christian Democratic Movement","Slovakia"
"KDH Christian Democratic Movemnt",63,"KDH","Christian Democratic Movement","Slovakia"
"KSS (Koministická strana Slovenska)",340,"KSS","Communist Party of Slovakia","Slovakia"
"KSS Communist Party",340,"KSS","Communist Party of Slovakia","Slovakia"
"KSS Communist Party of Slovakia",340,"KSS","Communist Party of Slovakia","Slovakia"
"KomunistickA strana Slovenska (KSS) - Communist Party of Slovakia",340,"KSS","Communist Party of Slovakia","Slovakia"
"Komunisticka strana Slovenska - KSS",340,"KSS","Communist Party of Slovakia","Slovakia"
"Kotleba - People's Party Our Slovakia",656,"LsNS","People's Party Our Slovakia","Slovakia"
"Kotleba - People's Party Our Slovakia (SNS)",,,,"Slovakia"
"Kotleba - People's Party Our Slovakia - L'SNS",656,"LsNS","People's Party Our Slovakia","Slovakia"
"Kotleba - People's party Our Slovakia - L'SNS",656,"LsNS","People's Party Our Slovakia","Slovakia"
"Kotleba's people-People's Party Our Slovakia - Kotlebovci-Ludova strana Nase Slovensko (L'SNS)",656,"LsNS","People's Party Our Slovakia","Slovakia"
"Kotleba's people-People's Party Our Slovakia - Kotlebovci-Ľudova strana Nase Slovensko (L'SNS)",656,"LsNS","People's Party Our Slovakia","Slovakia"
"Krestanska Socialna Unia Slovenska (KSU) - Christian Social Union of Slovakia",1406,"KSU","Christian Social Union","Slovakia"
"Krestanskodemokraticke hnutie (KDH)",63,"KDH","Christian Democratic Movement","Slovakia"
"Krestanskodemokraticke hnutie (KDH) - Christian-Democratic Movement",63,"KDH","Christian Democratic Movement","Slovakia"
"Krestanskodemokraticke hnutie - KDH",63,"KDH","Christian Democratic Movement","Slovakia"
"Left Bloc",,,,"Slovakia"
"Ludova strana-Hnutie za demokraticke Slovensko - LS-HZDS",560,"LS — HZDS","People's Party — Movement for a Democratic Slovakia","Slovakia"
"M. Butora (Civic org.)",,,,"Slovakia"
"MDS Hungarian Civic Party",2284,"MOS","Hungarian Civic Party","Slovakia"
"MKDH Hungarian Christian Dem Movem",2283,"MKDM","Hungarian Christian Democratic Movement","Slovakia"
"MOST - HID",258,"MH","Most-Hid","Slovakia"
"MOST - HÍD",258,"MH","Most-Hid","Slovakia"
"MOST - Híd",258,"MH","Most-Hid","Slovakia"
"Madarske krestansko-demokraticke hnutie",2283,"MKDM","Hungarian Christian Democratic Movement","Slovakia"
"Madrskkoalia (SMK) Hungarian Coalition",349,"SMK-MKP","Party of the Hungarian Coalition / Party of the Hungarian Community","Slovakia"
"Magyar Koezoessegi Oesszefogas-Hungarian Community togetherness - Magyar Koezoessegi Oesszefogas-Madarska komunitna spol",,,,"Slovakia"
"Magyar Koezoessegi Oesszefogas-Hungarian Community togetherness - Magyar Koezoessegi Oesszefogas-Maďarska komunitna spo",,,,"Slovakia"
"Most-Hid (Most)",258,"MH","Most-Hid","Slovakia"
"Most-Híd",258,"MH","Most-Hid","Slovakia"
"Move f Democr SK",560,"LS — HZDS","People's Party — Movement for a Democratic Slovakia","Slovakia"
"Movem. for Democratic Sk (HZDS)",560,"LS — HZDS","People's Party — Movement for a Democratic Slovakia","Slovakia"
"Movement for Dem. Slovakia (HZDS)",560,"LS — HZDS","People's Party — Movement for a Democratic Slovakia","Slovakia"
"Movement for Democratic SK, People's Party - L'S - HZDS",560,"LS — HZDS","People's Party — Movement for a Democratic Slovakia","Slovakia"
"Movement for Democratic Slovakia, Peoples Party - HZDS",560,"LS — HZDS","People's Party — Movement for a Democratic Slovakia","Slovakia"
"Movement for Democratic Slovakia, Peoples Party - L'S-HZDS",560,"LS — HZDS","People's Party — Movement for a Democratic Slovakia","Slovakia"
"Movement for Democratic Slovakia, Peoples Party / HZDS",560,"LS — HZDS","People's Party — Movement for a Democratic Slovakia","Slovakia"
"Movement for a Democratic Slovakia (HZDS)",560,"LS — HZDS","People's Party — Movement for a Democratic Slovakia","Slovakia"
"Movemnt f Democratic SK,Peoples P",560,"LS — HZDS","People's Party — Movement for a Democratic Slovakia","Slovakia"
"Movemt f Democr SK, Peoples Prty",560,"LS — HZDS","People's Party — Movement for a Democratic Slovakia","Slovakia"
"NETWORK",4872,"S—SKS","Network — Slovak Conservative Party","Slovakia"
"NOSNP Independent Civic P of Unempl",,,,"Slovakia"
"NS New Slovakia",2074,"NS","New Slovakia","Slovakia"
"Nase Slovensko (NSK)",,,,"Slovakia"
"National Party (SNS)",730,"SNS","Slovak National Party","Slovakia"
"Network",4872,"S—SKS","Network — Slovak Conservative Party","Slovakia"
"OKS Conservative Citizen Prty",665,"OKS","Civic Conservative Party","Slovakia"
"OLANO: Ordinary people - Independent personalities",2130,"OLaNO","Ordinary People and Independents","Slovakia"
"OLaNO (Ordinary People and Indep. Personalities/ Christian Union/ New Majority) - OLaNO/ KU/ NOVA",,,,"Slovakia"
"OTHER: SZ Party of Greens",5849,"SZ","Green Party (1992)","Slovakia"
"Obyčajní Ľudia a nezávislé osobnosti",2130,"OLaNO","Ordinary People and Independents","Slovakia"
"Ordinary People and Independent Personalities",2130,"OLaNO","Ordinary People and Independents","Slovakia"
"Ordinary People and Independent Personalities (OLaNO)",2130,"OLaNO","Ordinary People and Independents","Slovakia"
"Ordinary People and Independent Personalities (OaNO–NOVA)",,,,"Slovakia"
"Ordinary people - Independents solidarities",2130,"OLaNO","Ordinary People and Independents","Slovakia"
"Ordinary people and independ. personalities - OL'ANO-NOVA",,,,"Slovakia"
"Ordinary people and independent personalities - OL'ANO-NOVA",,,,"Slovakia"
"Ordinary people and independent personalities - OLaNO",2130,"OLaNO","Ordinary People and Independents","Slovakia"
"Ordinary people and independent personalities / OLaNO",2130,"OLaNO","Ordinary People and Independents","Slovakia"
"Ordinary people and independent personalities/ OLaNO",2130,"OLaNO","Ordinary People and Independents","Slovakia"
"Other Party - Communist party - KSS",340,"KSS","Communist Party of Slovakia","Slovakia"
"Other: Party of Greens - SZ",5849,"SZ","Green Party (1992)","Slovakia"
"Our Slovakia",656,"LsNS","People's Party Our Slovakia","Slovakia"
"OĽaNO (Ordinary People and Indep. Personalities/ Christian Union/ New Majority) - OLaNO/ KU/ NOVA",,,,"Slovakia"
"PSNS The Real SK National Party",129,"PSNS","Real Slovak National Party","Slovakia"
"Party Direction - Social Democracy - SMER-SD",311,"Smer — SD","Direction — Social Democracy","Slovakia"
"Party Of The Democratic Left",1242,"SDL","Party of the Democratic Left (1990)","Slovakia"
"Party Of The Hungarian Coalition",349,"SMK-MKP","Party of the Hungarian Coalition / Party of the Hungarian Community","Slovakia"
"Party TIP",3222,"TIP","TIP Party — We create another policy","Slovakia"
"Party of Civic Understanding (SOP)",9,"SOP","Party of Civic Understanding","Slovakia"
"Party of Cooperation - MOST - HÍD",258,"MH","Most-Hid","Slovakia"
"Party of Democratic Left (SDL)",1242,"SDL","Party of the Democratic Left (1990)","Slovakia"
"Party of Greens - SZ",5849,"SZ","Green Party (1992)","Slovakia"
"Party of Hungarian Coalition (SMK)",349,"SMK-MKP","Party of the Hungarian Coalition / Party of the Hungarian Community","Slovakia"
"Party of Hungarian Coalition - SMK",349,"SMK-MKP","Party of the Hungarian Coalition / Party of the Hungarian Community","Slovakia"
"Party of Hungarian Coalition / SMK",349,"SMK-MKP","Party of the Hungarian Coalition / Party of the Hungarian Community","Slovakia"
"Party of Hungarian Community - SMK",349,"SMK-MKP","Party of the Hungarian Coalition / Party of the Hungarian Community","Slovakia"
"Party of Hungarian community - SMK",349,"SMK-MKP","Party of the Hungarian Coalition / Party of the Hungarian Community","Slovakia"
"Party of Modern Slovakia - SMS",,,,"Slovakia"
"Party of modern Slovakia - SMS",,,,"Slovakia"
"Party of the Hungarian Community",349,"SMK-MKP","Party of the Hungarian Coalition / Party of the Hungarian Community","Slovakia"
"Party of the Hungarian Community (SMK-MKP)",349,"SMK-MKP","Party of the Hungarian Coalition / Party of the Hungarian Community","Slovakia"
"People's Party - Movement For a Democratic Slovakia",560,"LS — HZDS","People's Party — Movement for a Democratic Slovakia","Slovakia"
"People's Party - Our Slovakia",656,"LsNS","People's Party Our Slovakia","Slovakia"
"People's Party Our Slovakia",656,"LsNS","People's Party Our Slovakia","Slovakia"
"Peoples Party - Our Slovakia",656,"LsNS","People's Party Our Slovakia","Slovakia"
"Peoples party - our Slovakia - LS",656,"LsNS","People's Party Our Slovakia","Slovakia"
"Peoples party - our Slovakia / LS - Nae Slovensko",656,"LsNS","People's Party Our Slovakia","Slovakia"
"Pogresívne Slovensko - Spolu",,,,"Slovakia"
"Progressive Slovakia",7361,"PS","Progressive Slovakia","Slovakia"
"Progressive Slovakia - TOGETHER-Civic Democracy",,,,"Slovakia"
"Prty o Civil Considerat",9,"SOP","Party of Civic Understanding","Slovakia"
"Prty o Democr Left",1242,"SDL","Party of the Democratic Left (1990)","Slovakia"
"Prty o enterprise a craft",,,,"Slovakia"
"R. Schuster (Former President)",,,,"Slovakia"
"ROISR Roma Civic Initiative",,,,"Slovakia"
"ROISR Roma Civic Initiative o SK",,,,"Slovakia"
"ROMA Polit Movemnt of Roma in SK",,,,"Slovakia"
"ROSA Workers Party",,,,"Slovakia"
"RSS Peasants Party",,,,"Slovakia"
"Republic",9072,"REP","Republic","Slovakia"
"Roman Coalition Party",,,,"Slovakia"
"S. Bernat (KSS)",340,"KSS","Communist Party of Slovakia","Slovakia"
"SD Party of the Democratic Left",1242,"SDL","Party of the Democratic Left (1990)","Slovakia"
"SDA Social Democratic Alternative",618,"SDA","Social Democratic Alternative","Slovakia"
"SDKU - DS Slovak Democratic Christian Union - Democratic Par",1617,"SDKU — DS","Slovak Democratic and Christian Union — Democratic Party","Slovakia"
"SDKU SK Democratic Christian Union",1617,"SDKU — DS","Slovak Democratic and Christian Union — Democratic Party","Slovakia"
"SDKU SK Democratic a Chr Union",1617,"SDKU — DS","Slovak Democratic and Christian Union — Democratic Party","Slovakia"
"SDKU Slovak Democratic Christian Union",1617,"SDKU — DS","Slovak Democratic and Christian Union — Democratic Party","Slovakia"
"SDKÚ-DS",1617,"SDKU — DS","Slovak Democratic and Christian Union — Democratic Party","Slovakia"
"SDSS Social Democratic Party",200,"SDSS","Social Democratic Party of Slovakia","Slovakia"
"SF (Slobodné fórum)",137,"SF","Free Forum","Slovakia"
"SF Free Forum",137,"SF","Free Forum","Slovakia"
"SIET",4872,"S—SKS","Network — Slovak Conservative Party","Slovakia"
"SK Magyar Coalition",349,"SMK-MKP","Party of the Hungarian Coalition / Party of the Hungarian Community","Slovakia"
"SKOK!",,,,"Slovakia"
"SME Rodina",4873,"SR","We are family — Boris Kollar","Slovakia"
"SMER",311,"Smer — SD","Direction — Social Democracy","Slovakia"
"SMER - SD SMER - Social Democracy",311,"Smer — SD","Direction — Social Democracy","Slovakia"
"SMER - Socialna demokracia - SMER",311,"Smer — SD","Direction — Social Democracy","Slovakia"
"SMER Party",311,"Smer — SD","Direction — Social Democracy","Slovakia"
"SMER Party Direction",311,"Smer — SD","Direction — Social Democracy","Slovakia"
"SMER-Social Democracy",311,"Smer — SD","Direction — Social Democracy","Slovakia"
"SMER-Social Democracy - SMER socialna demokracia",311,"Smer — SD","Direction — Social Democracy","Slovakia"
"SMK (Strana maïarskej koalície)",349,"SMK-MKP","Party of the Hungarian Coalition / Party of the Hungarian Community","Slovakia"
"SMK Hungarian Coalition Party",349,"SMK-MKP","Party of the Hungarian Coalition / Party of the Hungarian Community","Slovakia"
"SMK Party o Hungarian Coalition",349,"SMK-MKP","Party of the Hungarian Coalition / Party of the Hungarian Community","Slovakia"
"SMK Party of Hungarian Coalition",349,"SMK-MKP","Party of the Hungarian Coalition / Party of the Hungarian Community","Slovakia"
"SNJ Slovak National Unity",,,,"Slovakia"
"SNS (Slovenská národná strana)",730,"SNS","Slovak National Party","Slovakia"
"SNS Slovak Democratic Party",730,"SNS","Slovak National Party","Slovakia"
"SNS Slovak National Party",730,"SNS","Slovak National Party","Slovakia"
"SNS Sovak National Party",730,"SNS","Slovak National Party","Slovakia"
"SZ (Strana zelených)",5849,"SZ","Green Party (1992)","Slovakia"
"SZS Green Party",1569,"SZ-S","Green Party [in Slovakia]","Slovakia"
"SZS Green Party o SK",1569,"SZ-S","Green Party [in Slovakia]","Slovakia"
"SZS Green Party of SK",1569,"SZ-S","Green Party [in Slovakia]","Slovakia"
"SaS (Sloboda a spravodlivos)",1386,"SaS","Freedom and Solidarity","Slovakia"
"Sieť",4872,"S—SKS","Network — Slovak Conservative Party","Slovakia"
"Sloboda a Solidarita (SaS)",1386,"SaS","Freedom and Solidarity","Slovakia"
"Slobodne forum - SF",137,"SF","Free Forum","Slovakia"
"Slovak Conservative Party (SKS)",,,,"Slovakia"
"Slovak Democratic Christian Union (SDKU)",1617,"SDKU — DS","Slovak Democratic and Christian Union — Democratic Party","Slovakia"
"Slovak Democratic Christian Union - Democratic Party - SDKU-",1617,"SDKU — DS","Slovak Democratic and Christian Union — Democratic Party","Slovakia"
"Slovak Democratic Christian Union - Democratic Party - SDKU-DS",1617,"SDKU — DS","Slovak Democratic and Christian Union — Democratic Party","Slovakia"
"Slovak Democratic Christian Union - Democratic Party / SDKU-",1617,"SDKU — DS","Slovak Democratic and Christian Union — Democratic Party","Slovakia"
"Slovak Democratic Christian Union - SDKU - DS",1617,"SDKU — DS","Slovak Democratic and Christian Union — Democratic Party","Slovakia"
"Slovak Democratic Cristian Union (SDKÚ)",1617,"SDKU — DS","Slovak Democratic and Christian Union — Democratic Party","Slovakia"
"Slovak Democratic and Christian Union - Democratic Party",1617,"SDKU — DS","Slovak Democratic and Christian Union — Democratic Party","Slovakia"
"Slovak Democratic and Christian Union - Democratic Party - S",1617,"SDKU — DS","Slovak Democratic and Christian Union — Democratic Party","Slovakia"
"Slovak Democratic and Christian Union - Democratic Party - SDKU",1617,"SDKU — DS","Slovak Democratic and Christian Union — Democratic Party","Slovakia"
"Slovak Democratic and Christian Union - Democratic Party - SDKU-DS",1617,"SDKU — DS","Slovak Democratic and Christian Union — Democratic Party","Slovakia"
"Slovak Democratic and Christian Union – Democratic Party (SDKÚ–DS)",1617,"SDKU — DS","Slovak Democratic and Christian Union — Democratic Party","Slovakia"
"Slovak Green Party",1569,"SZ-S","Green Party [in Slovakia]","Slovakia"
"Slovak Green Party (SZS)",1569,"SZ-S","Green Party [in Slovakia]","Slovakia"
"Slovak League - Slovenska liga",,,,"Slovakia"
"Slovak National P",730,"SNS","Slovak National Party","Slovakia"
"Slovak National Party",730,"SNS","Slovak National Party","Slovakia"
"Slovak National Party (SNS)",730,"SNS","Slovak National Party","Slovakia"
"Slovak National Party - SNS",730,"SNS","Slovak National Party","Slovakia"
"Slovak National Party - Slovenska narodna strana (SNS)",730,"SNS","Slovak National Party","Slovakia"
"Slovak National Party / SNS",730,"SNS","Slovak National Party","Slovakia"
"Slovak People's Party - Slovenska ludova strana (SLS)",,,,"Slovakia"
"Slovak People's Party - Slovenska ľudova strana (SLS)",,,,"Slovakia"
"Slovak Workers Union (ZRS)",230,"ZRS","Association of Workers of Slovakia","Slovakia"
"Slovak democratic and Christian union - Democratic party - (SDKÚ-DS)",1617,"SDKU — DS","Slovak Democratic and Christian Union — Democratic Party","Slovakia"
"Slovak national party - SNS",730,"SNS","Slovak National Party","Slovakia"
"Slovenska Zelena Alternativa (SZA) - Slovak Green Alterntive",,,,"Slovakia"
"Slovenska demokraticka a krestanska unia-Demokraticka strana - SdkU-DS",1617,"SDKU — DS","Slovak Democratic and Christian Union — Democratic Party","Slovakia"
"Slovenska narodna strana (SNS)",730,"SNS","Slovak National Party","Slovakia"
"Slovenska narodna strana (SNS) - Slovak National Party",730,"SNS","Slovak National Party","Slovakia"
"Slovenska narodna strana - SNS",730,"SNS","Slovak National Party","Slovakia"
"Smer – SD",311,"Smer — SD","Direction — Social Democracy","Slovakia"
"Smer-SD (Smer  Sociálna demokracia)",311,"Smer — SD","Direction — Social Democracy","Slovakia"
"Soc Dem Party o SK",200,"SDSS","Social Democratic Party of Slovakia","Slovakia"
"Social Democracy (SDSS)",200,"SDSS","Social Democratic Party of Slovakia","Slovakia"
"Social Democracy - SD SMER - SMER",311,"Smer — SD","Direction — Social Democracy","Slovakia"
"Social Democracy - SMER-SD",311,"Smer — SD","Direction — Social Democracy","Slovakia"
"Social Democracy - SMER-SD - SMER",311,"Smer — SD","Direction — Social Democracy","Slovakia"
"Social Democracy - SMER-SD SMER",311,"Smer — SD","Direction — Social Democracy","Slovakia"
"Social Democracy / SMER-SD",311,"Smer — SD","Direction — Social Democracy","Slovakia"
"Social democracy - SMER-SD",311,"Smer — SD","Direction — Social Democracy","Slovakia"
"Social-Democratic Party of Slovakia (SDSS)",200,"SDSS","Social Democratic Party of Slovakia","Slovakia"
"Socialist.sk",,,,"Slovakia"
"Socialists.sk - Socialisti.sk",,,,"Slovakia"
"Socialnodemokraticka Strana na Slovensku (SDSS)",200,"SDSS","Social Democratic Party of Slovakia","Slovakia"
"Socialnodemokraticka strana Slovenska (SDSS)",200,"SDSS","Social Democratic Party of Slovakia","Slovakia"
"Spolu.itie - Coexistence",1077,"SE","Coexistence","Slovakia"
"Spoluzitie (Egyutelles)",1077,"SE","Coexistence","Slovakia"
"Spoluzitie (Egyutelles) - Coexistence",1077,"SE","Coexistence","Slovakia"
"Strana Demokratickej Zavice (SD1/4)",1242,"SDL","Party of the Democratic Left (1990)","Slovakia"
"Strana demokratickej l avice (SDL)",1242,"SDL","Party of the Democratic Left (1990)","Slovakia"
"Strana madarskej koalicie - SMK",349,"SMK-MKP","Party of the Hungarian Coalition / Party of the Hungarian Community","Slovakia"
"Strana obcianskeho porozumenia (SOP) - Party of Civil Understanding",9,"SOP","Party of Civic Understanding","Slovakia"
"Strana zelenych na Slovensku (SZS)",1569,"SZ-S","Green Party [in Slovakia]","Slovakia"
"Strana zelenych na Slovensku (SZS) - Party of Greens in Slovakia",1569,"SZ-S","Green Party [in Slovakia]","Slovakia"
"THE VOICE OF THE PEOPLE - HLAS LUDU",,,,"Slovakia"
"THE VOICE OF THE PEOPLE - HLAS ĽUDU",,,,"Slovakia"
"TIP",3222,"TIP","TIP Party — We create another policy","Slovakia"
"TOGETHER – Civic Democracy",8177,"Spolu","Together — Civic Democracy","Slovakia"
"TOGHETHER - Civic Democracy",8177,"Spolu","Together — Civic Democracy","Slovakia"
"The Party of the Hungarian Community",349,"SMK-MKP","Party of the Hungarian Coalition / Party of the Hungarian Community","Slovakia"
"Together – Civic Democracy",8177,"Spolu","Together — Civic Democracy","Slovakia"
"Union of the Workers of Slovakia",230,"ZRS","Association of Workers of Slovakia","Slovakia"
"V. Meciar (HZDS-LS)",560,"LS — HZDS","People's Party — Movement for a Democratic Slovakia","Slovakia"
"Verejnost proti nasiliu",5,"VPN","Public against Violence","Slovakia"
"Verejnost proti nasiliu (VPN) - Public against violence",5,"VPN","Public against Violence","Slovakia"
"Vesela Politicka Stranka",,,,"Slovakia"
"Voice - Social Democracy",9071,"HLAS-SD","Voice – Social Democracy","Slovakia"
"Voice – Social Democracy",9071,"HLAS-SD","Voice – Social Democracy","Slovakia"
"We Are Family - Boris Kollár",4873,"SR","We are family — Boris Kollar","Slovakia"
"We Are Family – Boris Kollár (Sme Rodina)",4873,"SR","We are family — Boris Kollar","Slovakia"
"We are Family",4873,"SR","We are family — Boris Kollar","Slovakia"
"We are family",4873,"SR","We are family — Boris Kollar","Slovakia"
"We are family - Boris Kollar",4873,"SR","We are family — Boris Kollar","Slovakia"
"We are family - Boris Kollár",4873,"SR","We are family — Boris Kollar","Slovakia"
"We are family - SME Rodina",4873,"SR","We are family — Boris Kollar","Slovakia"
"We are family - SME Rodina (Boris Kollar)",4873,"SR","We are family — Boris Kollar","Slovakia"
"We are family - SME Rodina Boris Kollar",4873,"SR","We are family — Boris Kollar","Slovakia"
"Workers Association (ZRS)",230,"ZRS","Association of Workers of Slovakia","Slovakia"
"ZAR Woman and Family",,,,"Slovakia"
"ZPR-REP Association for Republic",,,,"Slovakia"
"ZRS Association of SK workers",230,"ZRS","Association of Workers of Slovakia","Slovakia"
"ZRS Association of Workers of SK",230,"ZRS","Association of Workers of Slovakia","Slovakia"
"Za ľudí",8394,"Za","For the People","Slovakia"
"Zdruzenie Robotnikov Slovenska (ZRS) - Association of Workers of Slovakia",230,"ZRS","Association of Workers of Slovakia","Slovakia"
"¼S-HZDS (¼udová strana-HZDS)",560,"LS — HZDS","People's Party — Movement for a Democratic Slovakia","Slovakia"
"ĽS Naše Slovensko",656,"LsNS","People's Party Our Slovakia","Slovakia"
"AS - Active Slovenia",1302,"AS","Active Slovenia","Slovenia"
"AS-Active Slovenia",1302,"AS","Active Slovenia","Slovenia"
"Active Slovenia",1302,"AS","Active Slovenia","Slovenia"
"Alenka Bratusek Alliance",3114,"ZaAB / SAB","Alliance of Alenka Bratusek / Party of Alenka Bratušek","Slovenia"
"Alenka Bratusek Alliance - SAB",3114,"ZaAB / SAB","Alliance of Alenka Bratusek / Party of Alenka Bratušek","Slovenia"
"Alenka Bratusek Alliance - ZAAB",3114,"ZaAB / SAB","Alliance of Alenka Bratusek / Party of Alenka Bratušek","Slovenia"
"Alenka Bratusek Party - SAB",3114,"ZaAB / SAB","Alliance of Alenka Bratusek / Party of Alenka Bratušek","Slovenia"
"Alenka Bratusek Party - Stranka Alenke Bratusek (SAB)",3114,"ZaAB / SAB","Alliance of Alenka Bratusek / Party of Alenka Bratušek","Slovenia"
"Associated List of Social Democrats (ZLSD)",1403,"SD/ZLSD","Social Democrats / United List of Social Democrats","Slovenia"
"Christ democrats",644,"SKD","Slovenian Christian Democrats","Slovenia"
"Christian socialists",2098,"KS","Christian Socialists","Slovenia"
"Civic List - DL",98,"DL","Civic List","Slovenia"
"Com list Soc democr",1403,"SD/ZLSD","Social Democrats / United List of Social Democrats","Slovenia"
"Combined list ZLSD",1403,"SD/ZLSD","Social Democrats / United List of Social Democrats","Slovenia"
"Combined list social democrats",1403,"SD/ZLSD","Social Democrats / United List of Social Democrats","Slovenia"
"Combined list social democrats-ZLSD",1403,"SD/ZLSD","Social Democrats / United List of Social Democrats","Slovenia"
"DESUS - Democrat ret",467,"DeSUS","Democratic Party of Retired People of Slovenia","Slovenia"
"DESUS - Democrat retired persons party",467,"DeSUS","Democratic Party of Retired People of Slovenia","Slovenia"
"DESUS - Democratic party of slovenian pensioners",467,"DeSUS","Democratic Party of Retired People of Slovenia","Slovenia"
"DESUS - Demokraticna stranka upokojencev Slovenije",467,"DeSUS","Democratic Party of Retired People of Slovenia","Slovenia"
"DESUS-Democratic Party of Pensioners of Slovenia",467,"DeSUS","Democratic Party of Retired People of Slovenia","Slovenia"
"DESUS-Democratic ret",467,"DeSUS","Democratic Party of Retired People of Slovenia","Slovenia"
"DL - Državljanska lista",98,"DL","Civic List","Slovenia"
"DS (Democratic Party)",1479,"DS","Democratic Party of Slovenia","Slovenia"
"DS Democrat party",1479,"DS","Democratic Party of Slovenia","Slovenia"
"DeSUS (Democratic Party of Pensioners of Slovenia)",467,"DeSUS","Democratic Party of Retired People of Slovenia","Slovenia"
"Democrat party",1479,"DS","Democratic Party of Slovenia","Slovenia"
"Democrat party DS",1479,"DS","Democratic Party of Slovenia","Slovenia"
"Democrat party-DS",1479,"DS","Democratic Party of Slovenia","Slovenia"
"Democratic Party of Pensioners",467,"DeSUS","Democratic Party of Retired People of Slovenia","Slovenia"
"Democratic Party of Pensioners of Slovenia",467,"DeSUS","Democratic Party of Retired People of Slovenia","Slovenia"
"Democratic Party of Pensioners of Slovenia (DESUS)",467,"DeSUS","Democratic Party of Retired People of Slovenia","Slovenia"
"Democratic Party of Pensioners of Slovenia (DeSUS)",467,"DeSUS","Democratic Party of Retired People of Slovenia","Slovenia"
"Democratic Party of Pensioners of Slovenia - DESUS",467,"DeSUS","Democratic Party of Retired People of Slovenia","Slovenia"
"Democratic Party of Slovenian Pensioners - DESUS",467,"DeSUS","Democratic Party of Retired People of Slovenia","Slovenia"
"Democratic Party of Slovenian Pensioners - Demokraticna stranka upokojencev Slovenije (DeSUS)",467,"DeSUS","Democratic Party of Retired People of Slovenia","Slovenia"
"Democratic ret DESUS",467,"DeSUS","Democratic Party of Retired People of Slovenia","Slovenia"
"Demokratska Stranka Slovenije (DSS)",1479,"DS","Democratic Party of Slovenia","Slovenia"
"Demokratska stranka",1479,"DS","Democratic Party of Slovenia","Slovenia"
"Demokratska stranka upokojencev",467,"DeSUS","Democratic Party of Retired People of Slovenia","Slovenia"
"Državljansko gibanje Resni.ca",9069,"Res","Resni.ca","Slovenia"
"Gibanje svoboda",9067,"GS","Freedom Movement","Slovenia"
"Green",1494,"ZS","Greens of Slovenia","Slovenia"
"Green Parties",,,,"Slovenia"
"Green Party (ZS)",1494,"ZS","Greens of Slovenia","Slovenia"
"Green Party of Slovenia",1494,"ZS","Greens of Slovenia","Slovenia"
"Green of Slovenia",1494,"ZS","Greens of Slovenia","Slovenia"
"Green of Slovenia ZS",1494,"ZS","Greens of Slovenia","Slovenia"
"Green of Slovenia ecosocial",1494,"ZS","Greens of Slovenia","Slovenia"
"Green of Slovenia ecosocial-ZS",1494,"ZS","Greens of Slovenia","Slovenia"
"Gregor Virant's Citizens' List - DLGV",98,"DL","Civic List","Slovenia"
"KS (Christian Socialists)",2098,"KS","Christian Socialists","Slovenia"
"Krscanski socialisti",2098,"KS","Christian Socialists","Slovenia"
"L - Levica",6131,"L","The Left","Slovenia"
"LDS (Liberal Democracy of Slovenia)",975,"LDS","Liberal Democracy of Slovenia","Slovenia"
"LDS Liberal democrat",975,"LDS","Liberal Democracy of Slovenia","Slovenia"
"LDS Liberal democrat party",975,"LDS","Liberal Democracy of Slovenia","Slovenia"
"LDS-Liberal Democrat",975,"LDS","Liberal Democracy of Slovenia","Slovenia"
"LDS-Liberal Democrats",975,"LDS","Liberal Democracy of Slovenia","Slovenia"
"LIPA",881,"LIPA","Party Lime Tree","Slovenia"
"LMŠ - Lista Marjana Šarca",6132,"LMS","List of Marjan Sarec","Slovenia"
"LS (Liberal Party)",1188,"SoS","Slovenian Liberal Party","Slovenia"
"Left",6131,"L","The Left","Slovenia"
"Left - Levica",6131,"L","The Left","Slovenia"
"Left - Levica (L)",6131,"L","The Left","Slovenia"
"Liberal Democracy of Slovenia",975,"LDS","Liberal Democracy of Slovenia","Slovenia"
"Liberal Democracy of Slovenia (LDS)",975,"LDS","Liberal Democracy of Slovenia","Slovenia"
"Liberal Democracy of Slovenia - LDS",975,"LDS","Liberal Democracy of Slovenia","Slovenia"
"Liberal Democracy of Solvenia - LDS",975,"LDS","Liberal Democracy of Slovenia","Slovenia"
"Liberal Democrat LDS",975,"LDS","Liberal Democracy of Slovenia","Slovenia"
"Liberal Democrats - LDS",975,"LDS","Liberal Democracy of Slovenia","Slovenia"
"Liberal democrat",975,"LDS","Liberal Democracy of Slovenia","Slovenia"
"Liberal democrat party",975,"LDS","Liberal Democracy of Slovenia","Slovenia"
"Liberal democrat-LDS",975,"LDS","Liberal Democracy of Slovenia","Slovenia"
"Liberal party",1188,"SoS","Slovenian Liberal Party","Slovenia"
"Liberalna demokracija Slovenije",975,"LDS","Liberal Democracy of Slovenia","Slovenia"
"Liberalna stranka",1188,"SoS","Slovenian Liberal Party","Slovenia"
"Liberalno demokratska stranka",2099,"LDSS","Liberal Democratic Party of Slovenia","Slovenia"
"Marjan Sarec List - LMS",6132,"LMS","List of Marjan Sarec","Slovenia"
"Marjan Sarec list - Lista Marjana Sarca (LMS)",6132,"LMS","List of Marjan Sarec","Slovenia"
"NSI - New Slovenia",1618,"NSi","New Slovenia — Christian People's Party","Slovenia"
"NSI - Nova Slovenija  Krcanski demokrati",1618,"NSi","New Slovenia — Christian People's Party","Slovenia"
"NSI - Nova Slovenija – Kršcanski demokrati",1618,"NSi","New Slovenia — Christian People's Party","Slovenia"
"NSI-New Slovenia",1618,"NSi","New Slovenia — Christian People's Party","Slovenia"
"NSi - New Slovenia - Christian people's party",1618,"NSi","New Slovenia — Christian People's Party","Slovenia"
"National party",96,"SNS","Slovenian National Party","Slovenia"
"New Politics - ZARES",474,"Zares","For Real","Slovenia"
"New Slovenia - Christian People's Party (NSi)",1618,"NSi","New Slovenia — Christian People's Party","Slovenia"
"New Slovenia - Christian Peoples Party - NSi",1618,"NSi","New Slovenia — Christian People's Party","Slovenia"
"New Slovenia - NSI",1618,"NSi","New Slovenia — Christian People's Party","Slovenia"
"New Slovenia - Nova Slovenija (NSi)",1618,"NSi","New Slovenia — Christian People's Party","Slovenia"
"New Slovenia Christian Democrats - NSI",1618,"NSi","New Slovenia — Christian People's Party","Slovenia"
"New Slovenia NSI",1618,"NSi","New Slovenia — Christian People's Party","Slovenia"
"New Slovenia – Christian Democrats",1618,"NSi","New Slovenia — Christian People's Party","Slovenia"
"New Slovenia-Christian (NSI)",1618,"NSi","New Slovenia — Christian People's Party","Slovenia"
"New Slovenia-Christian People's Party",1618,"NSi","New Slovenia — Christian People's Party","Slovenia"
"Nova Slovenija - Krcanska ljudska stranka",1618,"NSi","New Slovenia — Christian People's Party","Slovenia"
"Other parties or lists (not specified)",,,,"Slovenia"
"PS - Positive Slovenia",1773,"LZJ — PS","Zoran Janković's List — Positive Slovenia","Slovenia"
"PS - Pozitivna Slovenija",1773,"LZJ — PS","Zoran Janković's List — Positive Slovenia","Slovenia"
"Party for Sustainable Development - TRS",1015,"TRS","Party for Sustainable Development of Slovenia","Slovenia"
"Party for sustainable development - TRS",1015,"TRS","Party for Sustainable Development of Slovenia","Slovenia"
"Party of Miro Cerar / Party of Modern Center",3098,"SMC","Party of Miro Cerar / Modern Center Party","Slovenia"
"Party of Miro Cerar/ Party of Modern Center",3098,"SMC","Party of Miro Cerar / Modern Center Party","Slovenia"
"Party of Miro Cerar/ Party of Modern Center - SMC",3098,"SMC","Party of Miro Cerar / Modern Center Party","Slovenia"
"Party of Modern Center - SMC",3098,"SMC","Party of Miro Cerar / Modern Center Party","Slovenia"
"Party of Modern Center Stranka modernega centra (SMC)",3098,"SMC","Party of Miro Cerar / Modern Center Party","Slovenia"
"Party of Modern Center – SMC",3098,"SMC","Party of Miro Cerar / Modern Center Party","Slovenia"
"Party of Modern Centre - SMC",3098,"SMC","Party of Miro Cerar / Modern Center Party","Slovenia"
"Peoples Party - SLS",764,"SLS","Slovenian People's Party","Slovenia"
"Peoples party",764,"SLS","Slovenian People's Party","Slovenia"
"Peoples party SLS",764,"SLS","Slovenian People's Party","Slovenia"
"Peoples party SLS+SKD",,,,"Slovenia"
"Peoples party-SLS",764,"SLS","Slovenian People's Party","Slovenia"
"Positive Slovenia - PS",1773,"LZJ — PS","Zoran Janković's List — Positive Slovenia","Slovenia"
"Povežimo Slovenijo (Konkretno, Zeleni Slovenije, SLS, NLS, NS)",,,,"Slovenia"
"SAB - Stranka Alenke Bratušek",3114,"ZaAB / SAB","Alliance of Alenka Bratusek / Party of Alenka Bratušek","Slovenia"
"SD - Social Democrats",1403,"SD/ZLSD","Social Democrats / United List of Social Democrats","Slovenia"
"SD - Social democrats",1403,"SD/ZLSD","Social Democrats / United List of Social Democrats","Slovenia"
"SD - Socialni demokrati",1403,"SD/ZLSD","Social Democrats / United List of Social Democrats","Slovenia"
"SD-Social Democrats (former ZLSD Combined list)",1403,"SD/ZLSD","Social Democrats / United List of Social Democrats","Slovenia"
"SDP (Social-democratic renewal)",,,,"Slovenia"
"SDS (Social Democratic Party)",472,"SDS","Slovenian Democratic Party","Slovenia"
"SDS - Slovenian democratic party",472,"SDS","Slovenian Democratic Party","Slovenia"
"SDS - Slovenska demokratska stranka",472,"SDS","Slovenian Democratic Party","Slovenia"
"SDS Social democrat",472,"SDS","Slovenian Democratic Party","Slovenia"
"SDS Social democrat party",472,"SDS","Slovenian Democratic Party","Slovenia"
"SDS-Slovenian Democratic Party",472,"SDS","Slovenian Democratic Party","Slovenia"
"SDS-Slovenian Democratics",472,"SDS","Slovenian Democratic Party","Slovenia"
"SDS-Social Democratic",472,"SDS","Slovenian Democratic Party","Slovenia"
"SDSS (Social democratic party of Slovenia)",,,,"Slovenia"
"SDU (Social Democratic Union)",,,,"Slovenia"
"SDZ - Narodno demokratska stranka",761,"SDZ","Slovenian Democratic Union","Slovenia"
"SDZ - National democrat party",761,"SDZ","Slovenian Democratic Union","Slovenia"
"SDZ-NDS (National Democratic Party)",318,"NDS","National Democratic Party","Slovenia"
"SKD (Slovene Christian Democrats)",644,"SKD","Slovenian Christian Democrats","Slovenia"
"SKD Slovenian Christ",644,"SKD","Slovenian Christian Democrats","Slovenia"
"SKD Slovenian Christian democrats",644,"SKD","Slovenian Christian Democrats","Slovenia"
"SLS  - Slovenska ljudska stranka",764,"SLS","Slovenian People's Party","Slovenia"
"SLS (Slovene Peoples Party)",764,"SLS","Slovenian People's Party","Slovenia"
"SLS - Slovene people's party",764,"SLS","Slovenian People's Party","Slovenia"
"SLS - Slovenska ljudska stranka",764,"SLS","Slovenian People's Party","Slovenia"
"SLS Peoples party",764,"SLS","Slovenian People's Party","Slovenia"
"SLS-Peoples Party",764,"SLS","Slovenian People's Party","Slovenia"
"SLS-Peoples party",764,"SLS","Slovenian People's Party","Slovenia"
"SMC - Party of Modern Center",3098,"SMC","Party of Miro Cerar / Modern Center Party","Slovenia"
"SMC - Stranka Mira Cerarja",3098,"SMC","Party of Miro Cerar / Modern Center Party","Slovenia"
"SMC - Stranka modernega centra",3098,"SMC","Party of Miro Cerar / Modern Center Party","Slovenia"
"SMS-Slovenian Youth Party",1401,"SMS","Youth Party of Slovenia","Slovenia"
"SMS-Youth Party",1401,"SMS","Youth Party of Slovenia","Slovenia"
"SNS (Slovene National Party)",96,"SNS","Slovenian National Party","Slovenia"
"SNS - Slovenian national party",96,"SNS","Slovenian National Party","Slovenia"
"SNS - Slovenska nacionalna stranka",96,"SNS","Slovenian National Party","Slovenia"
"SNS Slovenian nation",96,"SNS","Slovenian National Party","Slovenia"
"SNS Slovenian national party",96,"SNS","Slovenian National Party","Slovenia"
"SNS-Slovenian Nation",96,"SNS","Slovenian National Party","Slovenia"
"SSS (Socialist party of Slovenia)",1037,"SsS","Socialist Party of Slovenia","Slovenia"
"Sivi Panterji - Stranka Upokojencev Slovenije (SP)",,,,"Slovenia"
"Slovene Christian Democrats (SKD)",644,"SKD","Slovenian Christian Democrats","Slovenia"
"Slovene National Party (SNS)",96,"SNS","Slovenian National Party","Slovenia"
"Slovene National Party - SNS",96,"SNS","Slovenian National Party","Slovenia"
"Slovene People's Party (SLS)",764,"SLS","Slovenian People's Party","Slovenia"
"Slovene Peoples Party (SLS)",764,"SLS","Slovenian People's Party","Slovenia"
"Slovene Peoples Party - SLS",764,"SLS","Slovenian People's Party","Slovenia"
"Slovene Youth Party (SMS)",1401,"SMS","Youth Party of Slovenia","Slovenia"
"Slovenian Christian SKD",644,"SKD","Slovenian Christian Democrats","Slovenia"
"Slovenian Christian democrats",644,"SKD","Slovenian Christian Democrats","Slovenia"
"Slovenian Christian party",644,"SKD","Slovenian Christian Democrats","Slovenia"
"Slovenian Christian party-SKD",644,"SKD","Slovenian Christian Democrats","Slovenia"
"Slovenian Democratic Party",472,"SDS","Slovenian Democratic Party","Slovenia"
"Slovenian Democratic Party - SDS",472,"SDS","Slovenian Democratic Party","Slovenia"
"Slovenian Democratic Party - Slovenska demokratska stranka (SDS)",472,"SDS","Slovenian Democratic Party","Slovenia"
"Slovenian Democratic Party- SDS",472,"SDS","Slovenian Democratic Party","Slovenia"
"Slovenian Nation - SNS",96,"SNS","Slovenian National Party","Slovenia"
"Slovenian Nation SNS",96,"SNS","Slovenian National Party","Slovenia"
"Slovenian National Party",96,"SNS","Slovenian National Party","Slovenia"
"Slovenian National Party - SNS",96,"SNS","Slovenian National Party","Slovenia"
"Slovenian National Party - Slovenska nacionalna stranka (SNS)",96,"SNS","Slovenian National Party","Slovenia"
"Slovenian National party",96,"SNS","Slovenian National Party","Slovenia"
"Slovenian National party-SNS",96,"SNS","Slovenian National Party","Slovenia"
"Slovenian People's Party",764,"SLS","Slovenian People's Party","Slovenia"
"Slovenian People's Party - SLS",764,"SLS","Slovenian People's Party","Slovenia"
"Slovenian Peoples Party - Slovenska ljudska stranka (SLS)",764,"SLS","Slovenian People's Party","Slovenia"
"Slovenian peoples party",764,"SLS","Slovenian People's Party","Slovenia"
"Slovenians People Party - SLS",764,"SLS","Slovenian People's Party","Slovenia"
"Slovenska Nacionalna Desnica (SND)",,,,"Slovenia"
"Slovenska demokratska stranka",472,"SDS","Slovenian Democratic Party","Slovenia"
"Slovenska ljudska stranka",764,"SLS","Slovenian People's Party","Slovenia"
"Slovenska nacionalna stranka",96,"SNS","Slovenian National Party","Slovenia"
"Slovenski krscanki demokrati",644,"SKD","Slovenian Christian Democrats","Slovenia"
"Soc democr",1403,"SD/ZLSD","Social Democrats / United List of Social Democrats","Slovenia"
"Social Democratic - SDS",472,"SDS","Slovenian Democratic Party","Slovenia"
"Social Democratic Party (SDS)",472,"SDS","Slovenian Democratic Party","Slovenia"
"Social Democratic Party of Slovenia (SDS)",472,"SDS","Slovenian Democratic Party","Slovenia"
"Social Democratic Party of Slovenia (SDSS)",,,,"Slovenia"
"Social Democratic SDS",472,"SDS","Slovenian Democratic Party","Slovenia"
"Social Democrats",1403,"SD/ZLSD","Social Democrats / United List of Social Democrats","Slovenia"
"Social Democrats (former ZLSD-Combined list) - SD",1403,"SD/ZLSD","Social Democrats / United List of Social Democrats","Slovenia"
"Social Democrats - SD",1403,"SD/ZLSD","Social Democrats / United List of Social Democrats","Slovenia"
"Social Democrats - Socialni demokrati (SD)",1403,"SD/ZLSD","Social Democrats / United List of Social Democrats","Slovenia"
"Social democratic alliance of Slovenia",,,,"Slovenia"
"Social democratic party",472,"SDS","Slovenian Democratic Party","Slovenia"
"Social democratic party-SDS",472,"SDS","Slovenian Democratic Party","Slovenia"
"Social democratic reconstruction",,,,"Slovenia"
"Social democratic union",,,,"Slovenia"
"Socialdemokratka zveza Slovenije",,,,"Slovenia"
"Socialdemokratska prenova",,,,"Slovenia"
"Socialdemokratska unija Slovenije",,,,"Slovenia"
"Socialist party of Slovenia",1037,"SsS","Socialist Party of Slovenia","Slovenia"
"Socialisticna stranka Slovenije",1037,"SsS","Socialist Party of Slovenia","Slovenia"
"Socialni demokrati",1403,"SD/ZLSD","Social Democrats / United List of Social Democrats","Slovenia"
"Stranka nove politike",474,"Zares","For Real","Slovenia"
"United Left",4714,"ZdLe","United Left","Slovenia"
"United Left - ZL",2276,"ZL","Unity, Asssociated List","Slovenia"
"United List of Social Democrats (ZLSD)",1403,"SD/ZLSD","Social Democrats / United List of Social Democrats","Slovenia"
"United List of Social Democrats - ZLSD",1403,"SD/ZLSD","Social Democrats / United List of Social Democrats","Slovenia"
"Youth Party",1401,"SMS","Youth Party of Slovenia","Slovenia"
"Youth Party SMS",1401,"SMS","Youth Party of Slovenia","Slovenia"
"Youth Party of Slovenia",1401,"SMS","Youth Party of Slovenia","Slovenia"
"Youth party SMS",1401,"SMS","Youth Party of Slovenia","Slovenia"
"ZAAB - Alliance of Alenka Bratusek",3114,"ZaAB / SAB","Alliance of Alenka Bratusek / Party of Alenka Bratušek","Slovenia"
"ZAAB - Zaveznitvo Alenke Bratuek",3114,"ZaAB / SAB","Alliance of Alenka Bratusek / Party of Alenka Bratušek","Slovenia"
"ZAAB - Zavezništvo Alenke Bratušek",3114,"ZaAB / SAB","Alliance of Alenka Bratusek / Party of Alenka Bratušek","Slovenia"
"ZARES",474,"Zares","For Real","Slovenia"
"ZARES - New Politics",474,"Zares","For Real","Slovenia"
"ZARES, New politics",474,"Zares","For Real","Slovenia"
"ZL - United Left",2276,"ZL","Unity, Asssociated List","Slovenia"
"ZL - Zdruena levica (DSD, IDS in Stranka TRS)",,,,"Slovenia"
"ZL - Združena levica (DSD, IDS in Stranka TRS)",2276,"ZL","Unity, Asssociated List","Slovenia"
"ZLSD (Associated List of Social Democrats)",1403,"SD/ZLSD","Social Democrats / United List of Social Democrats","Slovenia"
"ZLSD Combined list s",1403,"SD/ZLSD","Social Democrats / United List of Social Democrats","Slovenia"
"ZLSD Combined list social democrat",1403,"SD/ZLSD","Social Democrats / United List of Social Democrats","Slovenia"
"ZLSD-Combined list",1403,"SD/ZLSD","Social Democrats / United List of Social Democrats","Slovenia"
"ZS (Green Party)",1494,"ZS","Greens of Slovenia","Slovenia"
"ZS Green of Slovenia",1494,"ZS","Greens of Slovenia","Slovenia"
"Zeleni Slovenije",1494,"ZS","Greens of Slovenia","Slovenia"
"green parties",,,,"Slovenia"
" Democratic Party / Alliance (DA)",1038,"DA","Democratic Alliance","South Africa"
" Inkatha Freedom Party (IFP)",1630,"IFP","Inkatha Freedom Party","South Africa"
" Uncertain if and which party voted",,,,"South Africa"
"ACDP",6186,"ACDP","African Christian Democratic Party","South Africa"
"AEB",,,,"South Africa"
"AGANG",,,,"South Africa"
"ANC",1219,"ANC","African National Congress","South Africa"
"ANC breakaway party / new Loekota or George or Shilowa party",,,,"South Africa"
"AZAPO",8698,"AZAPO","Azanian People's Organisation","South Africa"
"Africa Muslim Party",,,,"South Africa"
"Africa Muslim Party (AMP)",,,,"South Africa"
"African Christian  Democratic Party (ACDP)",6186,"ACDP","African Christian Democratic Party","South Africa"
"African Christian Democratic Party",6186,"ACDP","African Christian Democratic Party","South Africa"
"African Christian Democratic Party (ACDP)",6186,"ACDP","African Christian Democratic Party","South Africa"
"African Christian Democratic Party - ACDP",6186,"ACDP","African Christian Democratic Party","South Africa"
"African Independent Congress",,,,"South Africa"
"African Independent Congress (AIC)",,,,"South Africa"
"African Muslim Party",,,,"South Africa"
"African Muslim Party (AMP)",,,,"South Africa"
"African National Congress",1219,"ANC","African National Congress","South Africa"
"African National Congress - ANC",1219,"ANC","African National Congress","South Africa"
"African National Congress - ANC; incl. SACP and COSATU",,,,"South Africa"
"African People's Convention",,,,"South Africa"
"African People's Convention (APC)",,,,"South Africa"
"African Transformation Movement (ATM)",,,,"South Africa"
"Afrikaner Eenheidsbeweging",,,,"South Africa"
"Afrikaner Resistance Movement (AWB)",,,,"South Africa"
"Afrikaner Unity Movement",,,,"South Africa"
"Afrikaner Unity Movement/Afrikaner Eenheids Beweging",,,,"South Africa"
"Afrikaner Unity Movement/Afrikaner Eenheidsbeweging",,,,"South Africa"
"Agang SA",,,,"South Africa"
"Agang South Africa",,,,"South Africa"
"Agang South Africa - AGANG SA",,,,"South Africa"
"Al Jama-ah",,,,"South Africa"
"Azania Peoples Organization",8698,"AZAPO","Azanian People's Organisation","South Africa"
"Azanian People's Organisation",8698,"AZAPO","Azanian People's Organisation","South Africa"
"Azanian People's Organisation (AZAPO)",8698,"AZAPO","Azanian People's Organisation","South Africa"
"Azanian People's Organisation - AZAPO",8698,"AZAPO","Azanian People's Organisation","South Africa"
"Azanian People's Organization",8698,"AZAPO","Azanian People's Organisation","South Africa"
"Azanian People's Organization (AZAPO)",8698,"AZAPO","Azanian People's Organisation","South Africa"
"Azanian People's Organization (AZAPO)",8698,"AZAPO","Azanian People's Organisation","South Africa"
"Azanian Peoples Organisation (AZAPO)",8698,"AZAPO","Azanian People's Organisation","South Africa"
"Azanian Peoples Organisation (AZAPO)",8698,"AZAPO","Azanian People's Organisation","South Africa"
"Azanian Peoples Organisation - AZAPO",8698,"AZAPO","Azanian People's Organisation","South Africa"
"Azanian Peoples Organisation - AZAPO",8698,"AZAPO","Azanian People's Organisation","South Africa"
"Azanian Peoples Organization",8698,"AZAPO","Azanian People's Organisation","South Africa"
"Azanian Peoples organization - AZAPO",8698,"AZAPO","Azanian People's Organisation","South Africa"
"Azanian Peopleâs Organisation (AZAPO)",8698,"AZAPO","Azanian People's Organisation","South Africa"
"Azanian peoples organisation (AZAPO)",8698,"AZAPO","Azanian People's Organisation","South Africa"
"Black first land first (BLF)",,,,"South Africa"
"COPE",4546,"COPE","Congress of the People","South Africa"
"Coloured Resistance Movement",,,,"South Africa"
"Congress of South African Trade Unions (COSATU)",,,,"South Africa"
"Congress of the People",4546,"COPE","Congress of the People","South Africa"
"Congress of the People (COPE)",4546,"COPE","Congress of the People","South Africa"
"Congress of the People (Cope)",4546,"COPE","Congress of the People","South Africa"
"Congress of the People - COPE",4546,"COPE","Congress of the People","South Africa"
"Congress of the people (COPE)",4546,"COPE","Congress of the People","South Africa"
"DA,DP",,,,"South Africa"
"Democratic Aliance-Democratic Party",,,,"South Africa"
"Democratic Alliance (DA)",1038,"DA","Democratic Alliance","South Africa"
"Democratic Alliance - Democratic Party (DA-DP)",,,,"South Africa"
"Democratic Alliance-Democratic Party (DA-DP)",,,,"South Africa"
"Democratic Party / Alliance (DA/DP)",,,,"South Africa"
"Democratic Party / Alliance (DP/DA)",,,,"South Africa"
"Democratic Party or Alliance - DP or DA",,,,"South Africa"
"Democratic Party/ Alliance - DA",1038,"DA","Democratic Alliance","South Africa"
"Democratic Party/ Alliance - DA/ DP",,,,"South Africa"
"EFF",4548,"EEF","Economic Freedom Fighters","South Africa"
"Economic Freedom Fighters",4548,"EEF","Economic Freedom Fighters","South Africa"
"Economic Freedom Fighters (EFF)",4548,"EEF","Economic Freedom Fighters","South Africa"
"Economic Freedom Fighters - EFF",4548,"EEF","Economic Freedom Fighters","South Africa"
"FF+ / VF+",6041,"VF+","Freedom Front Plus","South Africa"
"FF,VF",,,,"South Africa"
"Federal Aliance",,,,"South Africa"
"Federal Alliance",,,,"South Africa"
"Federal Democrats",,,,"South Africa"
"First Nation Liberation Alliance",,,,"South Africa"
"Fredom Front Plus",6041,"VF+","Freedom Front Plus","South Africa"
"Freedom Front",,,,"South Africa"
"Freedom Front  Plus/ Vryheidsfront Plus (VF Plus)",6041,"VF+","Freedom Front Plus","South Africa"
"Freedom Front (FF/VF)",,,,"South Africa"
"Freedom Front - FF/ VF, Vryheidsfront",,,,"South Africa"
"Freedom Front - FF/VF, Vryheidsfront",,,,"South Africa"
"Freedom Front / Vryheidsfront (FF/VF)",,,,"South Africa"
"Freedom Front / Vryheidsfront Plus (VF Plus)",6041,"VF+","Freedom Front Plus","South Africa"
"Freedom Front Plus",6041,"VF+","Freedom Front Plus","South Africa"
"Freedom Front Plus  or  Vryheidsfront Plus - FF+ or VF+",6041,"VF+","Freedom Front Plus","South Africa"
"Freedom Front Plus (FF+ / VF+)",6041,"VF+","Freedom Front Plus","South Africa"
"Freedom Front Plus (FF+/ VF+)",6041,"VF+","Freedom Front Plus","South Africa"
"Freedom Front Plus (FF+/VF+)",6041,"VF+","Freedom Front Plus","South Africa"
"Freedom Front Plus / Vryheidsfront Plus (FF+/VF+)",6041,"VF+","Freedom Front Plus","South Africa"
"Freedom Front Plus/ Vryheidsfront Plus (FF+/VF+)",6041,"VF+","Freedom Front Plus","South Africa"
"Freedom Front Plus/ Vryheidsfront Plus (VF Plus)",6041,"VF+","Freedom Front Plus","South Africa"
"Freedom Front Plus/ Vryheidsfront Plus - FF+/VF+",6041,"VF+","Freedom Front Plus","South Africa"
"Freedom Front/Vryheidsbeweging",,,,"South Africa"
"Freedom Front/Vryheidsfront",,,,"South Africa"
"Front Nasionaal",,,,"South Africa"
"GOOD",,,,"South Africa"
"ID",6187,"ID","Independent Democrats","South Africa"
"IFP",1630,"IFP","Inkatha Freedom Party","South Africa"
"Independent Civic Organisation of South Africa (ICOSA)",,,,"South Africa"
"Independent Democrats (ID)",6187,"ID","Independent Democrats","South Africa"
"Independent Democrats (Id)",6187,"ID","Independent Democrats","South Africa"
"Independent Democrats - ID",6187,"ID","Independent Democrats","South Africa"
"Inkata Freedom Party",1630,"IFP","Inkatha Freedom Party","South Africa"
"Inkatha Freedom Party",1630,"IFP","Inkatha Freedom Party","South Africa"
"Inkatha Freedom Party (IFP)",1630,"IFP","Inkatha Freedom Party","South Africa"
"Inkatha Freedom Party - IFP",1630,"IFP","Inkatha Freedom Party","South Africa"
"Inkatha Freedom Party/Inkatha Vryheidsparty (IFP)",1630,"IFP","Inkatha Freedom Party","South Africa"
"Kingdom Governance Movement",,,,"South Africa"
"MF",,,,"South Africa"
"Mass Democratic Movement (MDM)",,,,"South Africa"
"Minority Front",,,,"South Africa"
"Minority Front (MF)",,,,"South Africa"
"Minority Front - MF",,,,"South Africa"
"NNP",5731,"NNP","New National Party","South Africa"
"Nasionale Aksie (Na)",,,,"South Africa"
"National Democratic Convention (NADECO)",,,,"South Africa"
"National Freedom Party",6607,"NFP","National Federal Party","South Africa"
"National Freedom Party (NFP)",6607,"NFP","National Federal Party","South Africa"
"New Freedom Party (NFP)",6607,"NFP","National Federal Party","South Africa"
"New Freedom Party - NFP",6607,"NFP","National Federal Party","South Africa"
"New Labour Party (Nlp)",,,,"South Africa"
"New National Party",5731,"NNP","New National Party","South Africa"
"New National Party (NNP)",5731,"NNP","New National Party","South Africa"
"New National Party (Nnp)",5731,"NNP","New National Party","South Africa"
"New National Party - NNP",5731,"NNP","New National Party","South Africa"
"New National Party / Nuwe Nasionale Party (NNP)",5731,"NNP","New National Party","South Africa"
"New National Party/ Nuwe Nasionale Party (NNP)",5731,"NNP","New National Party","South Africa"
"New National Party/Nuwe Nasionale Party (NNP)",5731,"NNP","New National Party","South Africa"
"Pan African Congress",1592,"PAC","Pan Africanist Congress","South Africa"
"Pan Africanist Communist Party (PAC)",1592,"PAC","Pan Africanist Congress","South Africa"
"Pan Africanist Congress",1592,"PAC","Pan Africanist Congress","South Africa"
"Pan Africanist Congress (PAC)",1592,"PAC","Pan Africanist Congress","South Africa"
"Pan Africanist Congress of Azania",1592,"PAC","Pan Africanist Congress","South Africa"
"Pan Americanist Cogress",,,,"South Africa"
"Pan-Africanist Congress (PAC)",1592,"PAC","Pan Africanist Congress","South Africa"
"Pan-Africanist Congress - PAC",1592,"PAC","Pan Africanist Congress","South Africa"
"Patriotic Alliance",,,,"South Africa"
"Sa Communist Party (Sacp)",1368,"SACP","South African Communist Party","South Africa"
"Socialist Revolutionary Workers Party (SRWP)",,,,"South Africa"
"South African Communist Party",1368,"SACP","South African Communist Party","South Africa"
"South African Communist Party (SACP)",1368,"SACP","South African Communist Party","South Africa"
"UCDP",,,,"South Africa"
"Ubuntu Party",,,,"South Africa"
"United Christian Democratic Party",,,,"South Africa"
"United Christian Democratic Party (UCDP)",,,,"South Africa"
"United Christian Democratic Party - UCDP",,,,"South Africa"
"United Democratic Christian Party",,,,"South Africa"
"United Democratic Movement (UDM)",5542,"UDM","United Democratic Movement","South Africa"
"United Democratic Movement - UDM",5542,"UDM","United Democratic Movement","South Africa"
"United Independent Front",,,,"South Africa"
"United Independent Front (UIF)",,,,"South Africa"
"Advancement Unification Party - Liberty Forward Party",2306,"LFP/AUP","Liberty Forward Party / Advancement Unification Party","South Korea"
"Advancement and Unification Party",2306,"LFP/AUP","Liberty Forward Party / Advancement Unification Party","South Korea"
"Bareun Party",,,,"South Korea"
"Bareunmirae Party",,,,"South Korea"
"Creative Korea Party",4346,"CKP","Creative Korea Party","South Korea"
"Democratic Labor Party",2546,"DLP","Democratic Labour Party","South Korea"
"Democratic Labor Party - DLP",2546,"DLP","Democratic Labour Party","South Korea"
"Democratic Labour Party",2546,"DLP","Democratic Labour Party","South Korea"
"Democratic Liberal Party",894,"MK/SH","Democratic Liberal Party / New Korea Party","South Korea"
"Democratic Party",4458,"DP","Democratic Party","South Korea"
"Democratic Party - DEP",4458,"DP","Democratic Party","South Korea"
"Democratic Party of Korea",6561,"DPK","Democratic Party / Minjoo Party of Korea","South Korea"
"Democratic Party, Moon Jae-In",6561,"DPK","Democratic Party / Minjoo Party of Korea","South Korea"
"Democratic People's Party",4457,"DPP","Democratic National Party / Democratic People's Party","South Korea"
"Democratic United Party",4464,"DP","Democratic United Party / Democratic Party","South Korea"
"Future Hope Alliance",4345,"PPA","Pro-Park Association / Future Hope Alliance","South Korea"
"Grand National Party",7655,"GNP/NFP/LKP","Grand National Party / New Frontier Party [Saenuri] / Liberty Korea Party [Hannara]","South Korea"
"Grand National Party - GNP",7655,"GNP/NFP/LKP","Grand National Party / New Frontier Party [Saenuri] / Liberty Korea Party [Hannara]","South Korea"
"Independent, Kang Jee-Won",,,,"South Korea"
"Independent, Kim So-Youn",,,,"South Korea"
"Independent, Kim Soon-Ja",,,,"South Korea"
"Independent, Park Jong-Seon",,,,"South Korea"
"Justice Party",6560,"JP","Justice Party","South Korea"
"Korea Vision Party",,,,"South Korea"
"Labor Party (Volunteered)",,,,"South Korea"
"Labour Party",,,,"South Korea"
"Liberal Justice Party",,,,"South Korea"
"Liberty Forward Party",2306,"LFP/AUP","Liberty Forward Party / Advancement Unification Party","South Korea"
"Liberty Forward Party - LFP",2306,"LFP/AUP","Liberty Forward Party / Advancement Unification Party","South Korea"
"Liberty Korea Party",7655,"GNP/NFP/LKP","Grand National Party / New Frontier Party [Saenuri] / Liberty Korea Party [Hannara]","South Korea"
"Liberty Korea Party - Grand National Party",7655,"GNP/NFP/LKP","Grand National Party / New Frontier Party [Saenuri] / Liberty Korea Party [Hannara]","South Korea"
"LibertyForwardParty",2306,"LFP/AUP","Liberty Forward Party / Advancement Unification Party","South Korea"
"Millenium Democratic Party",2548,"MDP","Millenium Democratic Party","South Korea"
"Millennium Democratic Party",2548,"MDP","Millenium Democratic Party","South Korea"
"National Alliance 21",,,,"South Korea"
"National Integration 21",,,,"South Korea"
"New Frontier Party",7655,"GNP/NFP/LKP","Grand National Party / New Frontier Party [Saenuri] / Liberty Korea Party [Hannara]","South Korea"
"New Politics Alliance for Democracy",,,,"South Korea"
"New Progressive Party",4450,"NPP","New Progressive Party","South Korea"
"New Progressive Party - NPP",4450,"NPP","New Progressive Party","South Korea"
"Our Open Party (Ury Party)",2452,"Uri","Our Party","South Korea"
"Our Party",2452,"Uri","Our Party","South Korea"
"Partcipation Party",,,,"South Korea"
"Participation Party",,,,"South Korea"
"Party for Democracy and Peace",,,,"South Korea"
"Party for People's Livelihoods",,,"|","South Korea"
"People First Party",,,,"South Korea"
"People Happiness Party",,,,"South Korea"
"People's Party",7654,"PP","People's Party (2016)","South Korea"
"People's Party for Reform",,,,"South Korea"
"Pro-Park Alliance",4345,"PPA","Pro-Park Association / Future Hope Alliance","South Korea"
"Pro-Park Geun-hye Alliance",4345,"PPA","Pro-Park Association / Future Hope Alliance","South Korea"
"Pro-Park Geun-hye Coalition - PARK",4345,"PPA","Pro-Park Association / Future Hope Alliance","South Korea"
"Progressive Justice Party",,,,"South Korea"
"Renewal of Korea Party",,,,"South Korea"
"Saenuri Party",7655,"GNP/NFP/LKP","Grand National Party / New Frontier Party [Saenuri] / Liberty Korea Party [Hannara]","South Korea"
"Saenuri Party, Park Geun-hye",7655,"GNP/NFP/LKP","Grand National Party / New Frontier Party [Saenuri] / Liberty Korea Party [Hannara]","South Korea"
"Solidarity for New Progressive Party",,,,"South Korea"
"The Future Hope Party",4345,"PPA","Pro-Park Association / Future Hope Alliance","South Korea"
"The Grand National Party",7655,"GNP/NFP/LKP","Grand National Party / New Frontier Party [Saenuri] / Liberty Korea Party [Hannara]","South Korea"
"The Minjoo Party",6561,"DPK","Democratic Party / Minjoo Party of Korea","South Korea"
"The People's Party",7654,"PP","People's Party (2016)","South Korea"
"The People's Party",7654,"PP","People's Party (2016)","South Korea"
"The People's Party",7654,"PP","People's Party (2016)","South Korea"
"The Uri Party",2452,"Uri","Our Party","South Korea"
"Unified Progressive Party",2543,"UPP","United Progressive Party","South Korea"
"Union Liberal Democrats",2545,"ULD","United Liberal Party","South Korea"
"United Future Party",,,,"South Korea"
"United Liberal Democrats",2545,"ULD","United Liberal Party","South Korea"
"Uri Party",2452,"Uri","Our Party","South Korea"
"AMAIUR",1671,"A","Amaiur","Spain"
"AMAIUR-Bildu",,,,"Spain"
"AMAIUR/BILDU (IZQUIERDA ABERTZALE)",,,,"Spain"
"Acción Nacionalista Vasca - ANV",,,,"Spain"
"Alianza Catalana",,,,"Spain"
"Alianza Popular",441,"AP/PP","People's Alliance-Party / People's Party","Spain"
"Amaiur",1671,"A","Amaiur","Spain"
"Andalusian Party",1497,"PA","Andalusian Party","Spain"
"Animalist Party Against Mistreatment of Animals (PACMA)",3219,"PACMA","Animalist Party Against Mistreatment to Animals","Spain"
"Aragonese Council",1564,"CA","Aragonese Council","Spain"
"Aragonese Party",946,"PAR","Aragonese Regionalist Party","Spain"
"Aragoneses Party",946,"PAR","Aragonese Regionalist Party","Spain"
"Asturias Forum",9087,"FA","Asturias Forum","Spain"
"Asturias Forum (Regionalist Right) - FAC",9087,"FA","Asturias Forum","Spain"
"BLOC-INICIATIVA-VERDS (COMPROMIS)",,,,"Spain"
"BLOC-INICIATIVA-VERDS (COMPROMÍS)",,,,"Spain"
"BNG",1011,"BNG","Galician Nationalist Block","Spain"
"BNG (Bloque Nacionalista Galego)",1011,"BNG","Galician Nationalist Block","Spain"
"BNG (Bloque Nacionalista Galego) - Galician Nationalist Bloc",1011,"BNG","Galician Nationalist Block","Spain"
"BNG (only in Galicia)",1011,"BNG","Galician Nationalist Block","Spain"
"BNG Galician Nationalist Bloque",1011,"BNG","Galician Nationalist Block","Spain"
"BNG-Galician nationalists",1011,"BNG","Galician Nationalist Block","Spain"
"Basque Country Unite (EH Bildu)",5668,"EHBildu","Basque Country Unite","Spain"
"Basque Country Unite (EH Bildu), Sortu, Eusko Alkartasuna (EA), Aralar, Alternatiba",,,,"Spain"
"Basque Country United",5668,"EHBildu","Basque Country Unite","Spain"
"Basque Nationalist Left - Amaiur",1671,"A","Amaiur","Spain"
"Basque Nationalist Party",1637,"PNV","Basque Nationalist Party","Spain"
"Basque Nationalist Party (EAJ/PNV)",1637,"PNV","Basque Nationalist Party","Spain"
"Basque Nationalist Party - EAJ-PNV",1637,"PNV","Basque Nationalist Party","Spain"
"Basque Nationalist Party - Eusko Alderdi Jeltzalea-Partido Nacionalista Vasco (EAJ-PNV)",1637,"PNV","Basque Nationalist Party","Spain"
"Basque Nationalist Party - PNV",1637,"PNV","Basque Nationalist Party","Spain"
"Basque Nationalist Party Coalition Future-Yes - Geroa-Bai",,,,"Spain"
"Basque Nationalist Party Coalition Navarra Yes - Na-Baii Navarra-Yes",,,,"Spain"
"Basque Nationalist Party Coalition Navarra-Yes - Na-Bai",,,,"Spain"
"Basque Nationalist Party Coalition Navarra-Yes-NaBai",,,,"Spain"
"Basque Nationalist party - PNV",1637,"PNV","Basque Nationalist Party","Spain"
"Basque Nationalist party-PNV",1637,"PNV","Basque Nationalist Party","Spain"
"Basque Solidarity",1324,"EA","Basque Solidarity","Spain"
"Bloque Nacionalista Galego",1011,"BNG","Galician Nationalist Block","Spain"
"Bloque Nacionalista Galego (BNG)",1011,"BNG","Galician Nationalist Block","Spain"
"Bloque nacionalista galego - BNG",1011,"BNG","Galician Nationalist Block","Spain"
"CC",81,"CC","Canary Coalition","Spain"
"CC (Coalicion Canaria) - Canarian Coalition",81,"CC","Canary Coalition","Spain"
"CC (Coalición Canaria)",81,"CC","Canary Coalition","Spain"
"CC (only in Canary Islands)",81,"CC","Canary Coalition","Spain"
"CC Canary Islands Coalition",81,"CC","Canary Coalition","Spain"
"CC-Canarian regionalists",81,"CC","Canary Coalition","Spain"
"CC-NC",,,,"Spain"
"CC-Nationalist from Canaries",81,"CC","Canary Coalition","Spain"
"CC-PNC",,,,"Spain"
"CDC-PdeCAT",,,,"Spain"
"CDS (Centro Democratico y Social)",1248,"CDS","Democratic and Social Centre","Spain"
"CDS (Centro Democratico y Social) - Democratic and Social Centre (1981: UCD)",1248,"CDS","Democratic and Social Centre","Spain"
"CHA",1564,"CA","Aragonese Council","Spain"
"CHA (Chunta Aragonesista)",1564,"CA","Aragonese Council","Spain"
"CHA Aragon Chunta (council)",1564,"CA","Aragonese Council","Spain"
"CHA-Aragon nationalists",1564,"CA","Aragonese Council","Spain"
"CIU",139,"CiU","Convergence and Unity","Spain"
"CIU Convergence and Union",139,"CiU","Convergence and Unity","Spain"
"CIU-Catalonian nationialists",139,"CiU","Convergence and Unity","Spain"
"CIUDADANOS",3217,"C","Citizens — Party of the Citizenry","Spain"
"CUP",8357,"CUP","Popular Unity Candidacy","Spain"
"Canarian Coalition",81,"CC","Canary Coalition","Spain"
"Canarian Coalition - Canarian Nationalist Party",,,,"Spain"
"Canarian Coalition Canarian Nationalist Party - Coalicion Canaria-Partido Nacionalista Canario (CC-PNC)",,,,"Spain"
"Canarian Coalition – Canarian Nationalist Party (CC – PNC)",,,,"Spain"
"Canarian Independent Center",829,"AIC","Canary Islands Group","Spain"
"Canary Coalition",81,"CC","Canary Coalition","Spain"
"Canary Island Coalition Party - CC",81,"CC","Canary Coalition","Spain"
"Canary Islands Coalition - CC",81,"CC","Canary Coalition","Spain"
"Canary Islands Coalition - CC-NC",,,,"Spain"
"Canary Islands Coalition - CC-PNC",,,,"Spain"
"Canary Islands Coalition Party - CC",81,"CC","Canary Coalition","Spain"
"Candidatura d´Unitat Popular (CUP)",8357,"CUP","Popular Unity Candidacy","Spain"
"Candidatura d´Unitat Popular - CUP",8357,"CUP","Popular Unity Candidacy","Spain"
"Catalan Democratic Party",6027,"PDeCAT","Catalan European Democratic Party","Spain"
"Catalan European Democratic Party (PDECAT)",6027,"PDeCAT","Catalan European Democratic Party","Spain"
"Catalonian Republican Left - ERC",848,"ERC","Republican Left of Catalonia","Spain"
"Catalonian nationalist parties, Convergence and Union - CIU",,,,"Spain"
"Catalonian-nationalist parties - CIU",,,,"Spain"
"Catalonian-nationalist parties-CiU",,,,"Spain"
"Catalunya en Comu (Comuns)",,,,"Spain"
"Centrist union",,,,"Spain"
"Chunta Aragonesista (CHA)",1564,"CA","Aragonese Council","Spain"
"CiU (Convergencia i Unio) - Convergence and Union",139,"CiU","Convergence and Unity","Spain"
"CiU (Convergencia i Unió)",139,"CiU","Convergence and Unity","Spain"
"CiU (only in Catalonia)",139,"CiU","Convergence and Unity","Spain"
"Citizens",3217,"C","Citizens — Party of the Citizenry","Spain"
"Citizens - Ciudadanos (Cs)",3217,"C","Citizens — Party of the Citizenry","Spain"
"Citizens – Party of the Citizenry (C's)",3217,"C","Citizens — Party of the Citizenry","Spain"
"Ciudadanos",3217,"C","Citizens — Party of the Citizenry","Spain"
"Coalicion Gallega CG  - Galician Left",,,,"Spain"
"Coalición Canaria",81,"CC","Canary Coalition","Spain"
"Coalición Canaria (CC)",81,"CC","Canary Coalition","Spain"
"Coalición Canaria - CC",81,"CC","Canary Coalition","Spain"
"Coalición Canaria - Nueva Canarias",,,,"Spain"
"Coalición Canaria-Partido Nacionalista Canario (CC-PNC)",,,,"Spain"
"Coalition of regional/ nationalist left-wing parties - Compr",,,,"Spain"
"Coalition of regional/ nationalist left-wing parties - Compromis-Podemos",,,,"Spain"
"Commitment Coalition (Compromis)",5623,"CC","Commitment Coalition","Spain"
"Communist Party",8186,"PCE","Communist Party of Spain","Spain"
"Communist Party (Izquierda Unida - IU)",247,"IU","United Left","Spain"
"Communist Party of the Peoples of Spain (PCPE)",8185,"PCPE","Communist Party of the Peoples of Spain","Spain"
"Compromis-Equo",,,,"Spain"
"Compromis-Podemos - EUPV",,,,"Spain"
"Compromise",5623,"CC","Commitment Coalition","Spain"
"Compromís",5623,"CC","Commitment Coalition","Spain"
"Compromís - EQUO",,,,"Spain"
"Compromís-Podemos",,,,"Spain"
"Convergence and Union",139,"CiU","Convergence and Unity","Spain"
"Convergence and Union - CiU",139,"CiU","Convergence and Unity","Spain"
"Convergence and Union of Catalonia",139,"CiU","Convergence and Unity","Spain"
"Convergencia (CDC)",4795,"CDC","Democratic Convergence of Catalonia","Spain"
"Convergencia i Unió CIu",139,"CiU","Convergence and Unity","Spain"
"Convergència (Democàcia i Llibertad",,,,"Spain"
"Convergència i Unió (CiU)",139,"CiU","Convergence and Unity","Spain"
"Democracia i Llibertad, previously part of Convergencia i Un",,,,"Spain"
"Democracia i Llibertad, previously part of Convergencia i Unio - Convergencia",,,,"Spain"
"Drago Canarias",,,,"Spain"
"EA",1324,"EA","Basque Solidarity","Spain"
"EA (Eusko Alkartasuna)",1324,"EA","Basque Solidarity","Spain"
"EA (Eusko Alkartasuna) - Basque Solidarity",1324,"EA","Basque Solidarity","Spain"
"EA (only in Basque Country)",1324,"EA","Basque Solidarity","Spain"
"EA Basque Union",1324,"EA","Basque Solidarity","Spain"
"EA-EUE",,,,"Spain"
"EA-V-Basque nationalists",,,,"Spain"
"EAJ-PNV",1637,"PNV","Basque Nationalist Party","Spain"
"EE (Euskadiko Ezkerra)",1326,"EE","Basque Left","Spain"
"EE (Euskadiko Ezkerra) - Basque Country Left",1326,"EE","Basque Left","Spain"
"EH Bildu",5668,"EHBildu","Basque Country Unite","Spain"
"EH Bildu (coalition of Basque left wing parties)",5668,"EHBildu","Basque Country Unite","Spain"
"EH-Bildu",5668,"EHBildu","Basque Country Unite","Spain"
"EQUO",8637,"Equo","Equo","Spain"
"ERC",848,"ERC","Republican Left of Catalonia","Spain"
"ERC (Esquerra Republicana de Catalunya)",848,"ERC","Republican Left of Catalonia","Spain"
"ERC (Esquerra Republicana de Catalunya) - Republican Left of Catalonia",848,"ERC","Republican Left of Catalonia","Spain"
"ERC (Only in Catalonia)",848,"ERC","Republican Left of Catalonia","Spain"
"ERC Catalonian Republican Left",848,"ERC","Republican Left of Catalonia","Spain"
"ERC-Catalonian nationalists",848,"ERC","Republican Left of Catalonia","Spain"
"ES: Bloque Nacionalista Gallego (BNG)",1011,"BNG","Galician Nationalist Block","Spain"
"ES: Coalición Canaria (CC)",81,"CC","Canary Coalition","Spain"
"ES: Convergencia i Unió (CiU)",139,"CiU","Convergence and Unity","Spain"
"ES: Esquerra Republicana de Catalunya (ERC)",848,"ERC","Republican Left of Catalonia","Spain"
"ES: Eusko Alkartasuna (EA)",1324,"EA","Basque Solidarity","Spain"
"ES: Herri Batasuna (HB)",473,"HB","United People","Spain"
"ES: Iniciativa por Catalunya-Los Verdes(IC-EV)",,,,"Spain"
"ES: Izquierda Unida (IU/ICV)",,,,"Spain"
"ES: Nafarroa Bai (Na Bai)",611,"NaBai","Navarre Yes","Spain"
"ES: Partido Andalucista (PA)",1497,"PA","Andalusian Party","Spain"
"ES: Partido Nacionalista Vasco (PNV)",1637,"PNV","Basque Nationalist Party","Spain"
"ES: Partido Popular (PP)",441,"AP/PP","People's Alliance-Party / People's Party","Spain"
"ES: Partido Socialista Obrero Español (PSOE)",1338,"PSOE","Spanish Socialist Workers Party","Spain"
"ES: Unió Valenciana (UV)",1094,"UV","Valencian Union","Spain"
"ES: Unión Progreso y Democracia (UPyD)",55,"UPyD","Union, Progress and Democracy","Spain"
"ES: Unión del Pueblo Navarro (UPN)",722,"UPN","Navarrese Peoples Union","Spain"
"Ecologist Party",2457,"LV","The Greens","Spain"
"Ecologist Party (Ecologistas - Verdes)",2457,"LV","The Greens","Spain"
"Ecologist party",2457,"LV","The Greens","Spain"
"En Comu Podem",8031,"ECP","In Common We Can","Spain"
"En Comú Podem",8031,"ECP","In Common We Can","Spain"
"En Marea",5873,"EM","In Tide","Spain"
"Equo",8637,"Equo","Equo","Spain"
"Esquerra Repubicana de Catalunya (ERC)",848,"ERC","Republican Left of Catalonia","Spain"
"Esquerra Republicana de Catalunya (ERC)",848,"ERC","Republican Left of Catalonia","Spain"
"Esquerra Republicana de Catalunya - ERC",848,"ERC","Republican Left of Catalonia","Spain"
"Eusko Alkartasuna (EA)",1324,"EA","Basque Solidarity","Spain"
"FAC",9087,"FA","Asturias Forum","Spain"
"FORO DE CIUDADANOS (FAC)",9087,"FA","Asturias Forum","Spain"
"Foro de Ciudadanos",9087,"FA","Asturias Forum","Spain"
"GEROA BAI (NAFARROA BAI)",,,,"Spain"
"Galician Nationalist Bloc",1011,"BNG","Galician Nationalist Block","Spain"
"Galician Nationalist Bloc - Bloque Nacionalista Galego (BNG)",1011,"BNG","Galician Nationalist Block","Spain"
"Galician Nationalist Bloc – Usto Galician Candidacy (BNG-Nos)",,,,"Spain"
"Galician Nationalist Bloc – Usto Galician Candidacy (BNG-Nos), Anova",,,,"Spain"
"Galician Nationalist Block",1011,"BNG","Galician Nationalist Block","Spain"
"Galician Nationalist Party - BNG",1011,"BNG","Galician Nationalist Block","Spain"
"Galician Nationalist Party-BNG",1011,"BNG","Galician Nationalist Block","Spain"
"Geroa Bai",8358,"GB","Yes to the Future","Spain"
"Green",2457,"LV","The Greens","Spain"
"Greens",2457,"LV","The Greens","Spain"
"HB (Herri Batasuna)",473,"HB","United People","Spain"
"HB - EH (Herri Batasuna - Euskal Herritarrok)",,,,"Spain"
"HB-EH (Herri Batasuna - Euskal Herritarrok)",,,,"Spain"
"Herri Batasuna / Eusko Alkatasuna",,,,"Spain"
"IC (Iniciativa per Catalunya)",1260,"ICV","Initiative for Catalonia Greens","Spain"
"IC-EV",,,,"Spain"
"IC-V",,,,"Spain"
"IC-V-Catalonian greesn+IU",,,,"Spain"
"IU",247,"IU","United Left","Spain"
"IU (Communist party)",247,"IU","United Left","Spain"
"IU (Izquierda Unida)",247,"IU","United Left","Spain"
"IU (Izquierda Unida) - United Left (1981: PCE, Communist party)",247,"IU","United Left","Spain"
"IU (Unidad Popular)",247,"IU","United Left","Spain"
"IU United Left, ICV in Catalonia",,,,"Spain"
"IU, ICV",,,,"Spain"
"IU/EU",,,,"Spain"
"In Common We Can (in Catalonia) - En Comu Podem (ECP)",8031,"ECP","In Common We Can","Spain"
"In Tide",5873,"EM","In Tide","Spain"
"Independent Liberal Group",,,,"Spain"
"Iniciativa per Catalunya-Verds (ICV)",1260,"ICV","Initiative for Catalonia Greens","Spain"
"Initiative For Catalonia",1260,"ICV","Initiative for Catalonia Greens","Spain"
"Initiative for Catalonia Greens",1260,"ICV","Initiative for Catalonia Greens","Spain"
"Izquierda Canaria ICAN",,,,"Spain"
"Izquierda Unida",247,"IU","United Left","Spain"
"Izquierda Unida (IU)",247,"IU","United Left","Spain"
"Izquierda Unida (IU) - (ICV en Cataluña)",,,,"Spain"
"Izquierda Unida (IU)-(ICV en Cataluña)",,,,"Spain"
"Izquierda Unida - IU",247,"IU","United Left","Spain"
"Join the Basque People - Euskal Herria Bildu (EH Bildu)",5668,"EHBildu","Basque Country Unite","Spain"
"Junts per Catalunya/PDeCAT",,,,"Spain"
"Junts x Cat",7421,"JxCat","Together for Catalonia","Spain"
"Left Nation.Parties",,,,"Spain"
"Left nationalists parties",,,,"Spain"
"Los verdes",2457,"LV","The Greens","Spain"
"More Commitment (in Valencian Community) - Mes Compromis / Mas Compromiso",,,,"Spain"
"More Country",8395,"Pais","More Country","Spain"
"More Country - Mas Pais (Mas Pais)",8395,"Pais","More Country","Spain"
"Más País",8395,"Pais","More Country","Spain"
"Na-Bai",611,"NaBai","Navarre Yes","Spain"
"Na-Bai Navarra-Yes",611,"NaBai","Navarre Yes","Spain"
"Nafarroa Bai",611,"NaBai","Navarre Yes","Spain"
"Nafarroa-Bai (NA-BAI)",611,"NaBai","Navarre Yes","Spain"
"Nationalist Galician Bloque - BNG",1011,"BNG","Galician Nationalist Block","Spain"
"Nationalist coalition of left wing parties Euskal Herria Bil",,,,"Spain"
"Nationalist coalition of left wing parties Euskal Herria Bildu - EH Bildu",,,,"Spain"
"Navarra Suma",,,,"Spain"
"Navarre Yes",611,"NaBai","Navarre Yes","Spain"
"Navarrese People's Union",722,"UPN","Navarrese Peoples Union","Spain"
"Navarrese Peoples Union - UPN",722,"UPN","Navarrese Peoples Union","Spain"
"PA",1497,"PA","Andalusian Party","Spain"
"PA (Partido Andalucista)",1497,"PA","Andalusian Party","Spain"
"PA (Partido Andalucista) - Andalusian Party",1497,"PA","Andalusian Party","Spain"
"PA-Andalusian regionalists",1497,"PA","Andalusian Party","Spain"
"PACMA",3219,"PACMA","Animalist Party Against Mistreatment to Animals","Spain"
"PAR (Partido AragonES: Regionalista)",946,"PAR","Aragonese Regionalist Party","Spain"
"PAR (Partido Aragones Regionalista) - Aragonese Party",946,"PAR","Aragonese Regionalist Party","Spain"
"PARTIDO REGIONALISTA DE CANTABRIA (PRC)",,,,"Spain"
"PCE",8186,"PCE","Communist Party of Spain","Spain"
"PDNI (Partido Democrático de la Nueva Izquierda)",,,,"Spain"
"PNC (Nueva Canaria)",8261,"PNC","Canarian Nationalist Party","Spain"
"PNV",1637,"PNV","Basque Nationalist Party","Spain"
"PNV (Partido Nacionalista Vasco)",1637,"PNV","Basque Nationalist Party","Spain"
"PNV (Partido Nacionalista Vasco) - Basque Nationalist Party",1637,"PNV","Basque Nationalist Party","Spain"
"PNV (only in Basque Country)",1637,"PNV","Basque Nationalist Party","Spain"
"PNV Basque Nationalist Party",1637,"PNV","Basque Nationalist Party","Spain"
"PNV-Basque nationalists",1637,"PNV","Basque Nationalist Party","Spain"
"PODEMOS",3203,"PODEMOS","We Can","Spain"
"PP",441,"AP/PP","People's Alliance-Party / People's Party","Spain"
"PP (Partido Popular)",441,"AP/PP","People's Alliance-Party / People's Party","Spain"
"PP (Partido Popular) - Peoples Party (1981: AP)",441,"AP/PP","People's Alliance-Party / People's Party","Spain"
"PP (Popular party)",441,"AP/PP","People's Alliance-Party / People's Party","Spain"
"PP Popular Party",441,"AP/PP","People's Alliance-Party / People's Party","Spain"
"PSG (ES:querda Galega)",,,,"Spain"
"PSOE",1338,"PSOE","Spanish Socialist Workers Party","Spain"
"PSOE (Partido Socialista Obrero ES:pañol)",1338,"PSOE","Spanish Socialist Workers Party","Spain"
"PSOE (Partido Socialista Obrero Espanol) - Spanish Socialist Workers Party",1338,"PSOE","Spanish Socialist Workers Party","Spain"
"PSOE (Partido Socialista Obrero Español)",1338,"PSOE","Spanish Socialist Workers Party","Spain"
"PSOE (Socialist party)",1338,"PSOE","Spanish Socialist Workers Party","Spain"
"PSOE Spanish Socialist Party",1338,"PSOE","Spanish Socialist Workers Party","Spain"
"Partido Andalucista (PA)",1497,"PA","Andalusian Party","Spain"
"Partido Andaluz Progresista PAP",,,,"Spain"
"Partido Nacionalista Basco (PNV)",1637,"PNV","Basque Nationalist Party","Spain"
"Partido Nacionalista Vasco (PNV)",1637,"PNV","Basque Nationalist Party","Spain"
"Partido Nacionalista Vasco - PNV",1637,"PNV","Basque Nationalist Party","Spain"
"Partido Popular",441,"AP/PP","People's Alliance-Party / People's Party","Spain"
"Partido Popular (PP)",441,"AP/PP","People's Alliance-Party / People's Party","Spain"
"Partido Popular - PP",441,"AP/PP","People's Alliance-Party / People's Party","Spain"
"Partido Regionalista Ctabro PRC",,,,"Spain"
"Partido Socialista Mallorquan",,,,"Spain"
"Partido Socialista Obrero Español (PSOE)",1338,"PSOE","Spanish Socialist Workers Party","Spain"
"Partido Socialista Obrero Español - PSOE",1338,"PSOE","Spanish Socialist Workers Party","Spain"
"Partido de los TrabajadorES: de ES:pana-Unidad Comunista",531,"PTE-UC","Workers' Party of Spain — Communist Unity","Spain"
"People's Party",441,"AP/PP","People's Alliance-Party / People's Party","Spain"
"People's Party (PP)",441,"AP/PP","People's Alliance-Party / People's Party","Spain"
"People's Party (PP)",441,"AP/PP","People's Alliance-Party / People's Party","Spain"
"Podemos",3203,"PODEMOS","We Can","Spain"
"Podemos (We Can)",3203,"PODEMOS","We Can","Spain"
"Podemos (We Can), En Marea, En Comu Podem, Compromis",,,,"Spain"
"Popular Party",441,"AP/PP","People's Alliance-Party / People's Party","Spain"
"Popular Party (Partido Popular - PP)",441,"AP/PP","People's Alliance-Party / People's Party","Spain"
"Popular Party - PP",441,"AP/PP","People's Alliance-Party / People's Party","Spain"
"Popular Party - Partido Popular (PP)",441,"AP/PP","People's Alliance-Party / People's Party","Spain"
"Popular Party-PP",441,"AP/PP","People's Alliance-Party / People's Party","Spain"
"Popular Unity Candidacy (CUP)",8357,"CUP","Popular Unity Candidacy","Spain"
"Pro-animal with Environment Party - Partido Animalista con el Medio Ambiente (PACMA)",3219,"PACMA","Animalist Party Against Mistreatment to Animals","Spain"
"Regional Party of Center",,,,"Spain"
"Regional Party of Center (Part Nac de Centro y Derecha)",,,,"Spain"
"Regional Party of Left",,,,"Spain"
"Regional Party of Left (Partidos Nacionalistas de Izquierda)",,,,"Spain"
"Regional party of center",,,,"Spain"
"Regional party of left",,,,"Spain"
"Republican Catalonian Left  - ERC",848,"ERC","Republican Left of Catalonia","Spain"
"Republican Catalonian Left - ERC",848,"ERC","Republican Left of Catalonia","Spain"
"Republican Catalonian Left - Esquerra Republicana de Catalunya (ERC)",848,"ERC","Republican Left of Catalonia","Spain"
"Republican Catalonian Left-ERC",848,"ERC","Republican Left of Catalonia","Spain"
"Republican Left of Catalonia",848,"ERC","Republican Left of Catalonia","Spain"
"Republican Left of Catalonia - EERC",848,"ERC","Republican Left of Catalonia","Spain"
"Republican Left of Catalonia – Catalonia Yes (ERC-CatSi)",,,,"Spain"
"Republican Party of Catalonia",848,"ERC","Republican Left of Catalonia","Spain"
"Right Nation.Parties",,,,"Spain"
"Right nat.parties",,,,"Spain"
"Right nationalists parties",,,,"Spain"
"Ruiz Mateos Electoral Group",841,"ARM","Ruiz-Mateos List","Spain"
"SUMAR",,,,"Spain"
"Socialist Party",1338,"PSOE","Spanish Socialist Workers Party","Spain"
"Socialist Party (Partido Socialista Obrero Espal - PSOE)",1338,"PSOE","Spanish Socialist Workers Party","Spain"
"Socialist Party (Partido Socialista Obrero Español - PSOE)",1338,"PSOE","Spanish Socialist Workers Party","Spain"
"Socialist People's Party",1338,"PSOE","Spanish Socialist Workers Party","Spain"
"Spanish Communist Party, Catalonia Greens - IU, IC",,,,"Spain"
"Spanish Communist Party, Catalonia Greens - IU, ICV",,,,"Spain"
"Spanish Communist Party, Catalonia Greens-IU",,,,"Spain"
"Spanish Socialist Workers Party - PSOE",1338,"PSOE","Spanish Socialist Workers Party","Spain"
"Spanish Socialist Workers Party - Partido Socialista Obrero Espanol (PSOE)",1338,"PSOE","Spanish Socialist Workers Party","Spain"
"Spanish Socialist Workers Party-PSOE",1338,"PSOE","Spanish Socialist Workers Party","Spain"
"Spanish Socialist Workers' Party",1338,"PSOE","Spanish Socialist Workers Party","Spain"
"Spanish Socialist Workers' Party (PSOE)",1338,"PSOE","Spanish Socialist Workers Party","Spain"
"Spanish Workers' Socialist Party",1338,"PSOE","Spanish Socialist Workers Party","Spain"
"Sum Navarre",,,,"Spain"
"Teruel Exists (TE)",,,,"Spain"
"The Ecologists",2457,"LV","The Greens","Spain"
"The Green Party",2457,"LV","The Greens","Spain"
"Together for Catalonia (JxCat)",7421,"JxCat","Together for Catalonia","Spain"
"Together for Catalonia - Junts / Junts per Catalunya",7421,"JxCat","Together for Catalonia","Spain"
"UCD",1271,"UCD","Union of the Democratic Centre","Spain"
"UPN",722,"UPN","Navarrese Peoples Union","Spain"
"UPN (Union del Pueblo Navarro) - Union of the Navarrese People",722,"UPN","Navarrese Peoples Union","Spain"
"UPN (Unión del Pueblo Navarro)",722,"UPN","Navarrese Peoples Union","Spain"
"UPyD",55,"UPyD","Union, Progress and Democracy","Spain"
"Unidas Podemos",7656,"UP","United We Can","Spain"
"Unidos Podemos",7656,"UP","United We Can","Spain"
"Unio Valenciana - Valencian Union",1094,"UV","Valencian Union","Spain"
"Union Progress and Democracy",55,"UPyD","Union, Progress and Democracy","Spain"
"Union Progress and Democracy - UPyD",55,"UPyD","Union, Progress and Democracy","Spain"
"Union Progress and Democracy-UPyD",55,"UPyD","Union, Progress and Democracy","Spain"
"Union, Progress and Democracy",55,"UPyD","Union, Progress and Democracy","Spain"
"Union, Progress and Democracy (UPyD)",55,"UPyD","Union, Progress and Democracy","Spain"
"Union, Progress and Democracy - UPyD",55,"UPyD","Union, Progress and Democracy","Spain"
"United Left",247,"IU","United Left","Spain"
"United Left (IU)",247,"IU","United Left","Spain"
"United Left (Spanish Communist Party, Catalonia Greens) - IU (ICV en Cataluña)",,,,"Spain"
"United Left - IU",247,"IU","United Left","Spain"
"United Left: Spanish Communist Party, Catalonia Greens - IU, ICV",,,,"Spain"
"United People",473,"HB","United People","Spain"
"United We Can - Unidas Podemos (UP)",7656,"UP","United We Can","Spain"
"Unió Valenciana",1094,"UV","Valencian Union","Spain"
"Unión Progreso y Democracia (UPyD)",55,"UPyD","Union, Progress and Democracy","Spain"
"Unión, Progreso y Democracia (UPyD)",55,"UPyD","Union, Progress and Democracy","Spain"
"VOX",3218,"Vox","Voice","Spain"
"Valencian Nationalist Left and Ecologists - Compromis-Equo",,,,"Spain"
"Valencian Nationalist Left and Ecologists - Compromís-Equo",,,,"Spain"
"Valencian Union",1094,"UV","Valencian Union","Spain"
"VerdES: -green-",2457,"LV","The Greens","Spain"
"Verdes - The Green Party",2457,"LV","The Greens","Spain"
"Verdes -green-",2457,"LV","The Greens","Spain"
"Verts - IC",,,,"Spain"
"Voice - VOX (VOX)",3218,"Vox","Voice","Spain"
"Vox (Vox)",3218,"Vox","Voice","Spain"
"We Can",3203,"PODEMOS","We Can","Spain"
"We can together",,,,"Spain"
"White",,,,"Spain"
"Yes to the Future",8358,"GB","Yes to the Future","Spain"
"Yes to the Future (GBai)",8358,"GB","Yes to the Future","Spain"
"Yes to the Future (GBai), Geroa Bai",,,,"Spain"
"Zero Cuts – Green Group (Recortes Cero – GV)",,,,"Spain"
"bng",1011,"BNG","Galician Nationalist Block","Spain"
"cc",81,"CC","Canary Coalition","Spain"
"cds",1248,"CDS","Democratic and Social Centre","Spain"
"cha",1564,"CA","Aragonese Council","Spain"
"ciu",139,"CiU","Convergence and Unity","Spain"
"ea",1324,"EA","Basque Solidarity","Spain"
"erc",848,"ERC","Republican Left of Catalonia","Spain"
"hb",473,"HB","United People","Spain"
"iu",247,"IU","United Left","Spain"
"pa",1497,"PA","Andalusian Party","Spain"
"par",946,"PAR","Aragonese Regionalist Party","Spain"
"pnv",1637,"PNV","Basque Nationalist Party","Spain"
"pp",441,"AP/PP","People's Alliance-Party / People's Party","Spain"
"psoe",1338,"PSOE","Spanish Socialist Workers Party","Spain"
"uv",1094,"UV","Valencian Union","Spain"
"Al-Umma Party",4756,"Umma","Umma National Party // Sudanese Independence // Nation Party","Sudan"
"Al-Watan Party",,,,"Sudan"
"Ansar al-Sunna Muhammadiyah",,,,"Sudan"
"Arab Baa""th Party",,,,"Sudan"
"Arab Socialist Ba'ath Party",,,,"Sudan"
"Beja Congress",,,,"Sudan"
"Communist Party",,,,"Sudan"
"DUP",4754,"NUP / DUP","National Unionist Party / Democratic Unionist Party","Sudan"
"Democratic Unionist",4754,"NUP / DUP","National Unionist Party / Democratic Unionist Party","Sudan"
"Democratic Unionist Origin Party",,,,"Sudan"
"Democratic Unionist Party",4754,"NUP / DUP","National Unionist Party / Democratic Unionist Party","Sudan"
"Democratic Unionist Party (Original)",4754,"NUP / DUP","National Unionist Party / Democratic Unionist Party","Sudan"
"Eastern Front",,,,"Sudan"
"Eastern Liberation Party of Sudan",,,,"Sudan"
"Forces of change and national reform",,,,"Sudan"
"Free People Party",,,,"Sudan"
"Frelimo (Frente de Libertação de Moçambique)",,,,"Sudan"
"Islamic Movement",,,,"Sudan"
"Justice Party",,,,"Sudan"
"Justice and Equality",,,,"Sudan"
"Justice and Equality Movement",,,,"Sudan"
"Liberal Democrats",,,,"Sudan"
"Liberal Party of Sudan",4755,"SLP","Liberal Party // Southern Party // Southern Liberal Party","Sudan"
"Movement of New Democratic Forces  - Haq",,,,"Sudan"
"Muslim Brotherhood of Sudan",,,,"Sudan"
"National Congress",5496,"NCP","National Congress Party","Sudan"
"National Congress (Al Motamar Al Watani)",5496,"NCP","National Congress Party","Sudan"
"National Congress Party",5496,"NCP","National Congress Party","Sudan"
"National Independents Spontaneous Party",,,,"Sudan"
"National Movement for Reform and Development",,,,"Sudan"
"National Umma Party",4756,"Umma","Umma National Party // Sudanese Independence // Nation Party","Sudan"
"Nile Valley Unity Party",,,,"Sudan"
"Nile Valley Unity Party-Nasiry",,,,"Sudan"
"Patriotic Umma Party",,,,"Sudan"
"Popular Congress (Al Motamar Chaabi)",,,,"Sudan"
"Popular Congress Party",,,,"Sudan"
"Popular Congress Party / Congress Party of Sudan",,,,"Sudan"
"Popular Freedom",,,,"Sudan"
"Popular movement",,,,"Sudan"
"Reform Party",,,,"Sudan"
"Revolutionary Front",,,,"Sudan"
"SCP",,,,"Sudan"
"SPLM",5495,"SPLM","Sudan People's Liberation Movement","Sudan"
"Socialist Democratic Unionist Party",,,,"Sudan"
"Sudan ANU",6611,"SANU","Sudan African National Union","Sudan"
"Sudan Liberation Movement",,,,"Sudan"
"Sudan People's Liberation Movement",5495,"SPLM","Sudan People's Liberation Movement","Sudan"
"Sudan People's Liberation Movement - North",,,,"Sudan"
"Sudan People's Liberation Movement- North",,,,"Sudan"
"Sudanese Ba'ath Party",,,,"Sudan"
"Sudanese Communist Party",,,,"Sudan"
"Sudanese Conference",,,,"Sudan"
"Sudanese National Party",,,,"Sudan"
"Sudanese Organization for Rights and Modern Development",,,,"Sudan"
"Sudanese SDU",,,,"Sudan"
"Sudanese Umma Party - Collective Command",,,,"Sudan"
"Sudanese congress Party",,,,"Sudan"
"Tamken - Sudanese Empowerment Party",,,,"Sudan"
"The People's Congress",,,,"Sudan"
"Truth Federalist Party",,,,"Sudan"
"Umma Party",4756,"Umma","Umma National Party // Sudanese Independence // Nation Party","Sudan"
"Umma Party (Reform and Renewal)",,,,"Sudan"
"Umma Party for Reform and Development",,,,"Sudan"
"Umma Patty for Reform and Renewal",,,,"Sudan"
"Umma Renewal and Reform Party",,,,"Sudan"
"Umma party",4756,"Umma","Umma National Party // Sudanese Independence // Nation Party","Sudan"
"United People's Front",,,,"Sudan"
"ba'ath party in sudan",,,,"Sudan"
"democratic unionist party (dup)",4754,"NUP / DUP","National Unionist Party / Democratic Unionist Party","Sudan"
"muslim brotherhood",,,,"Sudan"
"national congress party (ncp)",5496,"NCP","National Congress Party","Sudan"
"popular congress party (pcp)",,,,"Sudan"
"sudan communist party (scp)",,,,"Sudan"
"the national umma party",4756,"Umma","Umma National Party // Sudanese Independence // Nation Party","Sudan"
"umma federal party (ufp)",,,,"Sudan"
"umma reform and renewal party (urrp)",,,,"Sudan"
"A Nyun Combinatie",,,,"Suriname"
"Alternative Combination  AC",6079,"AC","A-Combination","Suriname"
"Alternative Combination (ABOP)",,,,"Suriname"
"Alternative Combination (ABOP, KTPI, PDO) - AC",,,,"Suriname"
"Amazone Party Suriname - APS",,,,"Suriname"
"Brotherhood and Unity in Politics - Broederschap en Eenheid in de Politiek (BEP)",7183,"BEP","Brotherhood and Unity in Politics","Suriname"
"Democracy and Development in Unity - DOE",3725,"DOE","Party for Democracy and Development through Unity","Suriname"
"General Liberation and Development Party - Algemene Bevrijdings- en Ontwikkelingspartij (ABOP)",,,,"Suriname"
"Glorious Empire - Pertjajah Luhur (PL)",5504,"PL","Pendawa Lima","Suriname"
"Mega Front",,,,"Suriname"
"National Democratic Party  NDP",3731,"NDP","National Democratic Party","Suriname"
"National Democratic Party - NDP",3731,"NDP","National Democratic Party","Suriname"
"National Democratic Party - Nationale Democratische Partij (NDP)",3731,"NDP","National Democratic Party","Suriname"
"National Development Party  NOP",,,,"Suriname"
"National Party of Suriname - Nationale Partij Suriname (NPS)",5515,"NPS","National Party of Suriname","Suriname"
"Progressive Reform Party - Vooruitstrevende Hervormingspartij (VHP)",5800,"VHP","Progressive Reform Party / United Hindustani Party","Suriname"
"Progressive Workers' and Farmers' Union - PALU",6076,"PALU","Progressive Workers' and Farmers' Union","Suriname"
"Sustainable and Righteous Living - DRS",,,,"Suriname"
"V7 (Political Alliance: BEP, DA'91, NPS/PVF, PL, SPA, VHP)",,,,"Suriname"
"V7 (political alliance)",,,,"Suriname"
"Annat parti",,,,"Sweden"
"C (Centre Party)",7415,"CP","Centre Party","Sweden"
"Center Party",7415,"CP","Centre Party","Sweden"
"Center party",7415,"CP","Centre Party","Sweden"
"Center party (C)",7415,"CP","Centre Party","Sweden"
"Centern",7415,"CP","Centre Party","Sweden"
"Centerpartiet",7415,"CP","Centre Party","Sweden"
"Centre Party",7415,"CP","Centre Party","Sweden"
"Centre Party - C",7415,"CP","Centre Party","Sweden"
"Centre Party - Centerpartiet (C)",7415,"CP","Centre Party","Sweden"
"Christian Democratic Party",651,"KD","Christian Democrats","Sweden"
"Christian Democratic party (KD)",651,"KD","Christian Democrats","Sweden"
"Christian Democrats",651,"KD","Christian Democrats","Sweden"
"Christian Democrats - KD",651,"KD","Christian Democrats","Sweden"
"Christian Democrats - Kristdemokraterna (Kd)",651,"KD","Christian Democrats","Sweden"
"Conservative",690,"AV / H / HP / M","General Electoral League / The Right / Right Wing Party / Moderate Party","Sweden"
"Conservative Party - M",690,"AV / H / HP / M","General Electoral League / The Right / Right Wing Party / Moderate Party","Sweden"
"Conservative Party - Moderata samlingspartiet (M)",690,"AV / H / HP / M","General Electoral League / The Right / Right Wing Party / Moderate Party","Sweden"
"FI (Feministiskt initiativ)",1240,"Fi","Feminist Initiative","Sweden"
"FP (Liberal Party)",8718,"FP","Free-minded People's Party (Prohibitionist Liberals)","Sweden"
"FP (Liberals)",8718,"FP","Free-minded People's Party (Prohibitionist Liberals)","Sweden"
"Fascist People's Party of Swede",,,,"Sweden"
"Feminist Initiative",1240,"Fi","Feminist Initiative","Sweden"
"Feminist Initiative - FI",1240,"Fi","Feminist Initiative","Sweden"
"Feminist Party",1240,"Fi","Feminist Initiative","Sweden"
"Folkpartiet",8718,"FP","Free-minded People's Party (Prohibitionist Liberals)","Sweden"
"Folkpartiet liberalerna",1274,"Fpl / L","Liberal People's Party / The Liberals","Sweden"
"Green Party",456,"MP","Greens","Sweden"
"Green Party - MP",456,"MP","Greens","Sweden"
"Green Party - Miljoepartiet - de groena (Mp)",456,"MP","Greens","Sweden"
"Green Party - Miljoepartiet-de groena  (Mp)",456,"MP","Greens","Sweden"
"Green party",456,"MP","Greens","Sweden"
"Green party (MP)",456,"MP","Greens","Sweden"
"KD (Christ Democr)",651,"KD","Christian Democrats","Sweden"
"KD (Christian Democrats)",651,"KD","Christian Democrats","Sweden"
"KDS (Christ Democr)",651,"KD","Christian Democrats","Sweden"
"Kristdemokraterna",651,"KD","Christian Democrats","Sweden"
"Kristdemokraterna, Kd",651,"KD","Christian Democrats","Sweden"
"Left",830,"V/SKP","Left Party / Communist Party","Sweden"
"Left Party",830,"V/SKP","Left Party / Communist Party","Sweden"
"Left Party - V",830,"V/SKP","Left Party / Communist Party","Sweden"
"Left Party - Vaensterpartiet (V)",830,"V/SKP","Left Party / Communist Party","Sweden"
"Left Party - Vaesterpartiet (V)",830,"V/SKP","Left Party / Communist Party","Sweden"
"Left wing party",830,"V/SKP","Left Party / Communist Party","Sweden"
"Left wing party (V)",830,"V/SKP","Left Party / Communist Party","Sweden"
"Liberal Party - FP",8718,"FP","Free-minded People's Party (Prohibitionist Liberals)","Sweden"
"Liberal Party - L",1274,"Fpl / L","Liberal People's Party / The Liberals","Sweden"
"Liberal Party - Liberalerna (L)",1274,"Fpl / L","Liberal People's Party / The Liberals","Sweden"
"Liberal People's Party",1274,"Fpl / L","Liberal People's Party / The Liberals","Sweden"
"Liberal party (FP)",8718,"FP","Free-minded People's Party (Prohibitionist Liberals)","Sweden"
"Liberalerna",1274,"Fpl / L","Liberal People's Party / The Liberals","Sweden"
"Liberals",1274,"Fpl / L","Liberal People's Party / The Liberals","Sweden"
"M (Conservative Party)",690,"AV / H / HP / M","General Electoral League / The Right / Right Wing Party / Moderate Party","Sweden"
"M (Conservative)",690,"AV / H / HP / M","General Electoral League / The Right / Right Wing Party / Moderate Party","Sweden"
"M (Liberal Conserv)",690,"AV / H / HP / M","General Electoral League / The Right / Right Wing Party / Moderate Party","Sweden"
"MP (Ecologist)",456,"MP","Greens","Sweden"
"MP (Ecologists)",456,"MP","Greens","Sweden"
"MP (Green Party)",456,"MP","Greens","Sweden"
"MP (Green Party))",456,"MP","Greens","Sweden"
"MP (Green party)",456,"MP","Greens","Sweden"
"Miljopartiet",456,"MP","Greens","Sweden"
"Miljöpartiet",456,"MP","Greens","Sweden"
"Miljöpartiet de gröna",456,"MP","Greens","Sweden"
"Moderata samlingspartiet",690,"AV / H / HP / M","General Electoral League / The Right / Right Wing Party / Moderate Party","Sweden"
"Moderata samlingspartiet / Moderaterna",,,,"Sweden"
"Moderate Party",690,"AV / H / HP / M","General Electoral League / The Right / Right Wing Party / Moderate Party","Sweden"
"Moderate party",690,"AV / H / HP / M","General Electoral League / The Right / Right Wing Party / Moderate Party","Sweden"
"Moderate party (M)",690,"AV / H / HP / M","General Electoral League / The Right / Right Wing Party / Moderate Party","Sweden"
"NyD (New Democracy)",343,"NyD","New Democracy","Sweden"
"Pirate Party - PP",1485,"PP","Pirate Party","Sweden"
"Pirate Party - Piratpartiet",1485,"PP","Pirate Party","Sweden"
"Piratpartiet",1485,"PP","Pirate Party","Sweden"
"S (Social Democ)",487,"S","Social Democrats / Social Democratic Workers' Party of Sweden","Sweden"
"S (Social Democratic Party)",487,"S","Social Democrats / Social Democratic Workers' Party of Sweden","Sweden"
"S (Social Democrats)",487,"S","Social Democrats / Social Democratic Workers' Party of Sweden","Sweden"
"SD (Sweden Democrats, Nationalists)",409,"SD","Sweden Democrats","Sweden"
"Social Democratic Party - S",487,"S","Social Democrats / Social Democratic Workers' Party of Sweden","Sweden"
"Social Democratic Party - Socialdemokratiska arbetarepartiet (S)",487,"S","Social Democrats / Social Democratic Workers' Party of Sweden","Sweden"
"Social Democrats",487,"S","Social Democrats / Social Democratic Workers' Party of Sweden","Sweden"
"Social democratic party",487,"S","Social Democrats / Social Democratic Workers' Party of Sweden","Sweden"
"Social democratic party (S)",487,"S","Social Democrats / Social Democratic Workers' Party of Sweden","Sweden"
"Socialdemokraterna",487,"S","Social Democrats / Social Democratic Workers' Party of Sweden","Sweden"
"Sverigedemokraterna",409,"SD","Sweden Democrats","Sweden"
"Sweden Democrats",409,"SD","Sweden Democrats","Sweden"
"Sweden Democrats - SD",409,"SD","Sweden Democrats","Sweden"
"Sweden Democrats - Sverigedemokraterna (Sd)",409,"SD","Sweden Democrats","Sweden"
"Sweden democrats",409,"SD","Sweden Democrats","Sweden"
"Sweden's Social Democratic Worker's Party",487,"S","Social Democrats / Social Democratic Workers' Party of Sweden","Sweden"
"Swedish Social Democratic Party",487,"S","Social Democrats / Social Democratic Workers' Party of Sweden","Sweden"
"The Centre Party",7415,"CP","Centre Party","Sweden"
"The Christian Democrats",651,"KD","Christian Democrats","Sweden"
"The Green Party",456,"MP","Greens","Sweden"
"The Left Party",830,"V/SKP","Left Party / Communist Party","Sweden"
"The Liberals",1274,"Fpl / L","Liberal People's Party / The Liberals","Sweden"
"The Moderate Party",690,"AV / H / HP / M","General Electoral League / The Right / Right Wing Party / Moderate Party","Sweden"
"The Sweden Democrats",409,"SD","Sweden Democrats","Sweden"
"The Swedish Social Democratic Party",487,"S","Social Democrats / Social Democratic Workers' Party of Sweden","Sweden"
"V (Left Party)",830,"V/SKP","Left Party / Communist Party","Sweden"
"V (Left party)",830,"V/SKP","Left Party / Communist Party","Sweden"
"V (Socialists)",830,"V/SKP","Left Party / Communist Party","Sweden"
"V (Socialists, Left Party)",830,"V/SKP","Left Party / Communist Party","Sweden"
"VP (Socialist)",830,"V/SKP","Left Party / Communist Party","Sweden"
"VP (Socialists)",830,"V/SKP","Left Party / Communist Party","Sweden"
"Vansterpartiet",830,"V/SKP","Left Party / Communist Party","Sweden"
"Vänsterpartiet",830,"V/SKP","Left Party / Communist Party","Sweden"
"nyd",343,"NyD","New Democracy","Sweden"
"9999990. OTHER LEFT WING CANDIDATE/PARTY",,,,"Switzerland"
"9999991. OTHER RIGHT WING CANDIDATE/PARTY",,,,"Switzerland"
"Alliance of Independents AdI",1194,"LdU","Independents Alliance","Switzerland"
"Alliance of the Independents",1194,"LdU","Independents Alliance","Switzerland"
"Alternative Left",8184,"AL","Alternative Left","Switzerland"
"Alternative liste (al)",8184,"AL","Alternative Left","Switzerland"
"Autonomous Socialist Party",31,"PSA","Autonomous Socialist Party","Switzerland"
"Bourgois-democratic Party",1415,"BDP","Conservative Democratic Party of Switzerland","Switzerland"
"CSP (Christian Social Party)",1122,"CsP","Christian Social Party","Switzerland"
"CSP Christian Social Prty",1122,"CsP","Christian Social Party","Switzerland"
"CVP (Christian Democratic Party)",1808,"KK/CVP","Catholic Conservative / Christian Democratic Peoples Party","Switzerland"
"CVP Christian Democratic Prty",1808,"KK/CVP","Catholic Conservative / Christian Democratic Peoples Party","Switzerland"
"Center Left-CSP (former Christian Social Party)",1122,"CsP","Christian Social Party","Switzerland"
"Center parties",,,,"Switzerland"
"Christian Demmocrats PDC",1808,"KK/CVP","Catholic Conservative / Christian Democratic Peoples Party","Switzerland"
"Christian Democratic Party",1808,"KK/CVP","Catholic Conservative / Christian Democratic Peoples Party","Switzerland"
"Christian Democratic Party - CVP/PPD",1808,"KK/CVP","Catholic Conservative / Christian Democratic Peoples Party","Switzerland"
"Christian Democratic People's Party",1808,"KK/CVP","Catholic Conservative / Christian Democratic Peoples Party","Switzerland"
"Christian Democratic People's Party (CVP/ PDC/ PPD)",1808,"KK/CVP","Catholic Conservative / Christian Democratic Peoples Party","Switzerland"
"Christian Democratic People's Party (CVP/ PDC/ PPD, PDC)",1808,"KK/CVP","Catholic Conservative / Christian Democratic Peoples Party","Switzerland"
"Christian Democratic Peoples Party",1808,"KK/CVP","Catholic Conservative / Christian Democratic Peoples Party","Switzerland"
"Christian Democrats",1808,"KK/CVP","Catholic Conservative / Christian Democratic Peoples Party","Switzerland"
"Christian People's Party",1808,"KK/CVP","Catholic Conservative / Christian Democratic Peoples Party","Switzerland"
"Christian Social Party",1122,"CsP","Christian Social Party","Switzerland"
"Christian Social Party (CSP/ PCS)",1122,"CsP","Christian Social Party","Switzerland"
"Christian Social Party (CSP/PCS)",1122,"CsP","Christian Social Party","Switzerland"
"Christian Social Party (PCS/CSP/PCS)",1122,"CsP","Christian Social Party","Switzerland"
"Christian Social Party - CSP/PCS",1122,"CsP","Christian Social Party","Switzerland"
"Christian democrats",1808,"KK/CVP","Catholic Conservative / Christian Democratic Peoples Party","Switzerland"
"Christian-Democratic Party",1808,"KK/CVP","Catholic Conservative / Christian Democratic Peoples Party","Switzerland"
"Christian-Democratic Party (CVP/PDC/PPD)",1808,"KK/CVP","Catholic Conservative / Christian Democratic Peoples Party","Switzerland"
"Christian-Democratic Party (PDC/CVP/PPD)",1808,"KK/CVP","Catholic Conservative / Christian Democratic Peoples Party","Switzerland"
"Christian-Democratic Party - CVP/PDC/PPD",1808,"KK/CVP","Catholic Conservative / Christian Democratic Peoples Party","Switzerland"
"Christian-Democratic People's Party (CVP/ PDC/ PPD)",1808,"KK/CVP","Catholic Conservative / Christian Democratic Peoples Party","Switzerland"
"Christian-Social Party",1122,"CsP","Christian Social Party","Switzerland"
"Christian-democrats",1808,"KK/CVP","Catholic Conservative / Christian Democratic Peoples Party","Switzerland"
"Christian-social",1122,"CsP","Christian Social Party","Switzerland"
"Christlich-demokratische volkspartei CVP",1808,"KK/CVP","Catholic Conservative / Christian Democratic Peoples Party","Switzerland"
"Christlichsoziale partei CSP",1122,"CsP","Christian Social Party","Switzerland"
"Conservative Christian Social Party",1122,"CsP","Christian Social Party","Switzerland"
"Conservative Democratic Party",1415,"BDP","Conservative Democratic Party of Switzerland","Switzerland"
"Conservative Democratic Party (BDP/ PBD)",1415,"BDP","Conservative Democratic Party of Switzerland","Switzerland"
"Conservative Democratic Party (BDP/ PBD/ PBD)",1415,"BDP","Conservative Democratic Party of Switzerland","Switzerland"
"Conservative-democratic Party (BDP/PBD)",1415,"BDP","Conservative Democratic Party of Switzerland","Switzerland"
"Conservative-democratic Party - BDP/PBD",1415,"BDP","Conservative Democratic Party of Switzerland","Switzerland"
"Democratic Union of the Center UDC",308,"SVP","Swiss People's Party","Switzerland"
"EVP (Evangelical People's Party)",1123,"EVP","Protestant Peoples Party","Switzerland"
"EVP Evangelical Peoples Prty",1123,"EVP","Protestant Peoples Party","Switzerland"
"Ecologist",1006,"Grue","Green Party","Switzerland"
"Ecologists",1006,"Grue","Green Party","Switzerland"
"Eidgensisch demokratische union (edu)",631,"EDU","Federal Democratic Union of Switzerland","Switzerland"
"Evangelical Party (EVP/PEV)",1123,"EVP","Protestant Peoples Party","Switzerland"
"Evangelical Party - EVP/PEV",1123,"EVP","Protestant Peoples Party","Switzerland"
"Evangelical People's Party",1123,"EVP","Protestant Peoples Party","Switzerland"
"Evangelical People's Party (EVP/ PEV)",1123,"EVP","Protestant Peoples Party","Switzerland"
"Evangelical People's Party (EVP/ PEV/ PEV)",1123,"EVP","Protestant Peoples Party","Switzerland"
"Evangelical Peoples Party",1123,"EVP","Protestant Peoples Party","Switzerland"
"Evangelical Peoples Party",1123,"EVP","Protestant Peoples Party","Switzerland"
"Evangelical Peoples Party",1123,"EVP","Protestant Peoples Party","Switzerland"
"Evangelical Protestant",1123,"EVP","Protestant Peoples Party","Switzerland"
"Evangelische volkspartei EVP",1123,"EVP","Protestant Peoples Party","Switzerland"
"FDP (Radical Party)",1231,"FDP","FDP.The Liberals","Switzerland"
"FDP Radical Party",1231,"FDP","FDP.The Liberals","Switzerland"
"FDP. The Liberals",1231,"FDP","FDP.The Liberals","Switzerland"
"FDP. The Liberals (FDP/ PLR/ PLR)",1231,"FDP","FDP.The Liberals","Switzerland"
"FL (Free List)",8652,"FL","Free Liste","Switzerland"
"FL Free List",8652,"FL","Free Liste","Switzerland"
"FPS (Freedom Party)",1311,"A/FPS","Automobile Party / Freedom Party of Switzerland","Switzerland"
"FPS Freedom Prty",1311,"A/FPS","Automobile Party / Freedom Party of Switzerland","Switzerland"
"Federal Democratic Union",631,"EDU","Federal Democratic Union of Switzerland","Switzerland"
"Federal Democratic Union (EDU/ UDF)",631,"EDU","Federal Democratic Union of Switzerland","Switzerland"
"Federal Democratic Union (EDU/ UDF/ UDF)",631,"EDU","Federal Democratic Union of Switzerland","Switzerland"
"Federal Democratic Union (EDU/UDF)",631,"EDU","Federal Democratic Union of Switzerland","Switzerland"
"Federal Democratic Union (UDF/EDU/UDF)",631,"EDU","Federal Democratic Union of Switzerland","Switzerland"
"Federal Democratic Union - EDU/UDF",631,"EDU","Federal Democratic Union of Switzerland","Switzerland"
"Feminist and Green Alternative Groups",1201,"FGr","Feminists and Green-Alternative Groups","Switzerland"
"Frap",,,,"Switzerland"
"Freedom Party",1311,"A/FPS","Automobile Party / Freedom Party of Switzerland","Switzerland"
"Freiheits-Partei",1311,"A/FPS","Automobile Party / Freedom Party of Switzerland","Switzerland"
"Freiheitspartei FPS",1311,"A/FPS","Automobile Party / Freedom Party of Switzerland","Switzerland"
"Freisinnig-demokratische partei FDP",1231,"FDP","FDP.The Liberals","Switzerland"
"GB (Green Alliance)",,,,"Switzerland"
"GB Green Alliance",,,,"Switzerland"
"GPS (Green Party)",1006,"Grue","Green Party","Switzerland"
"GPS Green Prty",1006,"Grue","Green Party","Switzerland"
"Geneva Citizens' Movement",8176,"MCG","Geneva Citizens' Movement","Switzerland"
"Geneva Citizens' Movement (MCGe and other cantonal sections)",8176,"MCG","Geneva Citizens' Movement","Switzerland"
"Gre / gre partei GPS",1006,"Grue","Green Party","Switzerland"
"Green Liberal Party",1759,"GLP","Green Liberal Party","Switzerland"
"Green Liberal Party (GLP/ PVL)",1759,"GLP","Green Liberal Party","Switzerland"
"Green Liberal Party (GLP/ PVL/ PVL)",1759,"GLP","Green Liberal Party","Switzerland"
"Green Liberal Party (GLP/PVL)",1759,"GLP","Green Liberal Party","Switzerland"
"Green Liberal Party (PEL/GLP/PEL)",1759,"GLP","Green Liberal Party","Switzerland"
"Green Liberal Party - GLP/PVL",1759,"GLP","Green Liberal Party","Switzerland"
"Green Party",1006,"Grue","Green Party","Switzerland"
"Green Party (GPS/ PES/ I Verdi)",1006,"Grue","Green Party","Switzerland"
"Green Party (GPS/PES/I Verdi)",1006,"Grue","Green Party","Switzerland"
"Green Party (PES/GPS/PES)",1006,"Grue","Green Party","Switzerland"
"Green Party - GPS",1006,"Grue","Green Party","Switzerland"
"Green Party - GPS/PES/I Verdi",1006,"Grue","Green Party","Switzerland"
"Green Party - GPS/PES/IVERDI",1006,"Grue","Green Party","Switzerland"
"Green liberal party",1759,"GLP","Green Liberal Party","Switzerland"
"Green party",1006,"Grue","Green Party","Switzerland"
"Independent Party",1194,"LdU","Independents Alliance","Switzerland"
"Independents Alliance",1194,"LdU","Independents Alliance","Switzerland"
"Independents Party",1194,"LdU","Independents Alliance","Switzerland"
"Kann s n entsch",,,,"Switzerland"
"Keine",,,,"Switzerland"
"Keine Angabe",,,,"Switzerland"
"LPS (Liberal Party)",444,"LPS","Liberal Party of Switzerland","Switzerland"
"LPS Liberal Party",444,"LPS","Liberal Party of Switzerland","Switzerland"
"Labor Party (communist) POP, POCH",,,,"Switzerland"
"Labour Party",669,"PdA","Swiss Party of Labour","Switzerland"
"Labour Party (PdA/ PST - POP/ PSdL-PST)",669,"PdA","Swiss Party of Labour","Switzerland"
"Labour Party (PdA/ PST-POP/ PSdL-PST)",669,"PdA","Swiss Party of Labour","Switzerland"
"Labour Party (PdA/PST-POP/PSdL-PST)",669,"PdA","Swiss Party of Labour","Switzerland"
"Labour Party (PdT/POP/PdA/PdL)",669,"PdA","Swiss Party of Labour","Switzerland"
"Labour Party - PdA",669,"PdA","Swiss Party of Labour","Switzerland"
"Labour Party - PdA/PST-POP/PSdL-PST",669,"PdA","Swiss Party of Labour","Switzerland"
"LdU",1194,"LdU","Independents Alliance","Switzerland"
"LdU (Independent Party)",1194,"LdU","Independents Alliance","Switzerland"
"LdU Independent Prty",1194,"LdU","Independents Alliance","Switzerland"
"Left",,,,"Switzerland"
"Lega",1661,"LdT","Ticino League","Switzerland"
"Lega (Lega)",1661,"LdT","Ticino League","Switzerland"
"Lega dei Ticinese",1661,"LdT","Ticino League","Switzerland"
"Lega dei Ticinese (Lega)",1661,"LdT","Ticino League","Switzerland"
"Lega dei Ticinese - Lega",1661,"LdT","Ticino League","Switzerland"
"Lega dei Ticinesi",1661,"LdT","Ticino League","Switzerland"
"Lega dei Ticinesi (Lega)",1661,"LdT","Ticino League","Switzerland"
"Lega dei Ticinesi - Lega",1661,"LdT","Ticino League","Switzerland"
"Lega dei ticinesi",1661,"LdT","Ticino League","Switzerland"
"Liberal",444,"LPS","Liberal Party of Switzerland","Switzerland"
"Liberal Conservatives",444,"LPS","Liberal Party of Switzerland","Switzerland"
"Liberal Party",444,"LPS","Liberal Party of Switzerland","Switzerland"
"Liberal Party (PL/LP/PL)",444,"LPS","Liberal Party of Switzerland","Switzerland"
"Liberal Party - LPS",444,"LPS","Liberal Party of Switzerland","Switzerland"
"Liberal party",444,"LPS","Liberal Party of Switzerland","Switzerland"
"Liberal-Democratic Party (Basel)",1231,"FDP","FDP.The Liberals","Switzerland"
"Liberale partei LPS",444,"LPS","Liberal Party of Switzerland","Switzerland"
"Movement of the Citizens belonging to French-speaking Switzerland",8176,"MCG","Geneva Citizens' Movement","Switzerland"
"Movement of the Citizens of French-speaking Switzerland",8176,"MCG","Geneva Citizens' Movement","Switzerland"
"Movement of the citizens of French-speaking Switzerland",8176,"MCG","Geneva Citizens' Movement","Switzerland"
"Movement of the citizens of French-speaking Switzerland (MCG",8176,"MCG","Geneva Citizens' Movement","Switzerland"
"Movement of the citizens of French-speaking Switzerland (MCGe and other cantonal sections)",8176,"MCG","Geneva Citizens' Movement","Switzerland"
"Movement of the citizens of French-speaking Switzerland (MCGe and others cantonal sections)",8176,"MCG","Geneva Citizens' Movement","Switzerland"
"Movement of the citizens of French-speaking Switzerland - MCR/MCG",8176,"MCG","Geneva Citizens' Movement","Switzerland"
"National Action",1819,"NA-SD","National Action / Swiss Democrats","Switzerland"
"National Action/Vigilance",,,,"Switzerland"
"Partei der arbeit PdA",669,"PdA","Swiss Party of Labour","Switzerland"
"PdA,POCH Labour Prty",,,,"Switzerland"
"PdA/POCH (Labour Party)",,,,"Switzerland"
"Pirate Party",,,,"Switzerland"
"Pirate Party Switzerland",,,,"Switzerland"
"Political women's group",,,,"Switzerland"
"Popular Evangelical Party",1123,"EVP","Protestant Peoples Party","Switzerland"
"Popular Evangelical Party (PEV/EVP/PEV)",1123,"EVP","Protestant Peoples Party","Switzerland"
"Progressive Organisations of Switzerland",121,"POCH","Progressive Organisations of Switzerland","Switzerland"
"Protestant Peoples Party",1123,"EVP","Protestant Peoples Party","Switzerland"
"Radical",1231,"FDP","FDP.The Liberals","Switzerland"
"Radical Democratic Party",360,"FDP","Radical Democratic Party","Switzerland"
"Radical Democrats",360,"FDP","Radical Democratic Party","Switzerland"
"Radical Liberals",1231,"FDP","FDP.The Liberals","Switzerland"
"Radical Party",1231,"FDP","FDP.The Liberals","Switzerland"
"Radical-Democratic Party",360,"FDP","Radical Democratic Party","Switzerland"
"Radical-democratic party (PRD/FDP/PLR)",1231,"FDP","FDP.The Liberals","Switzerland"
"Radicals",1231,"FDP","FDP.The Liberals","Switzerland"
"SD (Swiss Democrats)",1819,"NA-SD","National Action / Swiss Democrats","Switzerland"
"SD Swiss Democrats",1819,"NA-SD","National Action / Swiss Democrats","Switzerland"
"SP (Social Democratic Party)",29,"SP","Social Democratic Party of Switzerland","Switzerland"
"SV Social Democratic Prty",29,"SP","Social Democratic Party of Switzerland","Switzerland"
"SVP (Swiss People's Party)",308,"SVP","Swiss People's Party","Switzerland"
"SVP Swiss Peoples Prty",308,"SVP","Swiss People's Party","Switzerland"
"Schweizer demokraten SD",1819,"NA-SD","National Action / Swiss Democrats","Switzerland"
"Schweizerische volkspartei SVP",308,"SVP","Swiss People's Party","Switzerland"
"Small leftist parties (Solidarity, Together on the Left, Alternative Left)",,,,"Switzerland"
"Social Democratic Party",29,"SP","Social Democratic Party of Switzerland","Switzerland"
"Social Democratic Party  (socialist)",29,"SP","Social Democratic Party of Switzerland","Switzerland"
"Social Democratic Party (PS/SP/PS)",29,"SP","Social Democratic Party of Switzerland","Switzerland"
"Social Democratic Party (SP/ PS)",29,"SP","Social Democratic Party of Switzerland","Switzerland"
"Social Democratic Party (SP/ PS/ PS)",29,"SP","Social Democratic Party of Switzerland","Switzerland"
"Social Democratic Party (SP/PS)",29,"SP","Social Democratic Party of Switzerland","Switzerland"
"Social Democratic Party - SP/PS",29,"SP","Social Democratic Party of Switzerland","Switzerland"
"Social Democratic Party / Socialist Party",29,"SP","Social Democratic Party of Switzerland","Switzerland"
"Social Democrats",29,"SP","Social Democratic Party of Switzerland","Switzerland"
"Social-democrats",29,"SP","Social Democratic Party of Switzerland","Switzerland"
"Socialist PSA",31,"PSA","Autonomous Socialist Party","Switzerland"
"Socialist Party",29,"SP","Social Democratic Party of Switzerland","Switzerland"
"Socialist party",29,"SP","Social Democratic Party of Switzerland","Switzerland"
"Solidarit",8653,"S","Solidarity","Switzerland"
"Solidarity",8653,"S","Solidarity","Switzerland"
"Sozialdemokratische partei SPS",29,"SP","Social Democratic Party of Switzerland","Switzerland"
"Swiss Democrats",1819,"NA-SD","National Action / Swiss Democrats","Switzerland"
"Swiss Democrats (DS/SD/DS)",1819,"NA-SD","National Action / Swiss Democrats","Switzerland"
"Swiss Democrats (SD/ DS)",1819,"NA-SD","National Action / Swiss Democrats","Switzerland"
"Swiss Democrats (SD/DS)",1819,"NA-SD","National Action / Swiss Democrats","Switzerland"
"Swiss Democrats - SD/DS",1819,"NA-SD","National Action / Swiss Democrats","Switzerland"
"Swiss Labour Party",669,"PdA","Swiss Party of Labour","Switzerland"
"Swiss Labour Party, Solidarity, Ensemble a Gauche",,,,"Switzerland"
"Swiss Labour Party/ Solidarity/ Ensemble a Gauche (EaG)",,,,"Switzerland"
"Swiss Nationalist Party",,,,"Switzerland"
"Swiss Party of Labour",669,"PdA","Swiss Party of Labour","Switzerland"
"Swiss People Party (UDC/SVP/UDC)",308,"SVP","Swiss People's Party","Switzerland"
"Swiss People's Party",308,"SVP","Swiss People's Party","Switzerland"
"Swiss People's Party (SVP/ UDC)",308,"SVP","Swiss People's Party","Switzerland"
"Swiss People's Party (SVP/ UDC/ UDC)",308,"SVP","Swiss People's Party","Switzerland"
"Swiss People's Party (SVP/UDC)",308,"SVP","Swiss People's Party","Switzerland"
"Swiss People's Party - SVP/ UDC",308,"SVP","Swiss People's Party","Switzerland"
"Swiss People's Party - SVP/UDC",308,"SVP","Swiss People's Party","Switzerland"
"Swiss Peoples Party",308,"SVP","Swiss People's Party","Switzerland"
"Swiss Peoples Party",308,"SVP","Swiss People's Party","Switzerland"
"Swiss Peoples Party",308,"SVP","Swiss People's Party","Switzerland"
"Swiss Peoples Party (SVP/UDC)",308,"SVP","Swiss People's Party","Switzerland"
"Swiss People´s Party (SVP/UDC)",308,"SVP","Swiss People's Party","Switzerland"
"Swiss democrats",1819,"NA-SD","National Action / Swiss Democrats","Switzerland"
"Swiss labor party",669,"PdA","Swiss Party of Labour","Switzerland"
"Swiss people party",308,"SVP","Swiss People's Party","Switzerland"
"The Center (Fusion of Christian Democratic People's Party and Conservative Democ",9024,"Centre","The Centre","Switzerland"
"The Liberals",1231,"FDP","FDP.The Liberals","Switzerland"
"The Liberals (FDP/ PLR)",1231,"FDP","FDP.The Liberals","Switzerland"
"The Liberals (FDP/PLR)",1231,"FDP","FDP.The Liberals","Switzerland"
"The Liberals (Merge from Radicals and Liberals)",1231,"FDP","FDP.The Liberals","Switzerland"
"The Liberals - FDP",1231,"FDP","FDP.The Liberals","Switzerland"
"The Liberals - FDP/PLR",1231,"FDP","FDP.The Liberals","Switzerland"
"The Liberals - FDP/PLR - FDP",1231,"FDP","FDP.The Liberals","Switzerland"
"The alternative Left",8184,"AL","Alternative Left","Switzerland"
"Ticino Leage (Lega)",1661,"LdT","Ticino League","Switzerland"
"Ticino League",1661,"LdT","Ticino League","Switzerland"
"Ticino League (Lega)",1661,"LdT","Ticino League","Switzerland"
"Ticino League (Lega/ Lega/ Lega)",1661,"LdT","Ticino League","Switzerland"
"Women's Parties",,,,"Switzerland"
"Acção Democrática Independente ou ADI",5340,"ADI","Independent Democratic Action","São Tomé & Príncipe"
"Acção Democrática e Independente (ADI)",5340,"ADI","Independent Democratic Action","São Tomé & Príncipe"
"Independent Democratic Action (ADI)",5340,"ADI","Independent Democratic Action","São Tomé & Príncipe"
"Mouvement for Change and Progress of Principe",,,,"São Tomé & Príncipe"
"Movement for the Libertion of São Tome and Principe (MLS)",5331,"MLSTP/PSD","Movement for the Liberation of São Tomé and Príncipe / Social Democratic Party","São Tomé & Príncipe"
"Movemento para a Liberatação de São Tomé e Príncipe/ Partido Social Democrático ou MLSTP/PSD",5331,"MLSTP/PSD","Movement for the Liberation of São Tomé and Príncipe / Social Democratic Party","São Tomé & Príncipe"
"Movimento BASTA",,,,"São Tomé & Príncipe"
"Movimento Democrático Força da Mudança  ou MDFM",6143,"MDFM","Force for Change Democratic Movement-Liberal Party","São Tomé & Príncipe"
"Movimento Verde para o Desenvolvimento do Príncipe ou MVDP",,,,"São Tomé & Príncipe"
"Movimento para a Libertação de S. Tomé e Príncipe (MLSTP/PSD)",5331,"MLSTP/PSD","Movement for the Liberation of São Tomé and Príncipe / Social Democratic Party","São Tomé & Príncipe"
"Movimento para a Mudança e Progresso do Príncipe",,,,"São Tomé & Príncipe"
"Partido da Convergência Democrática (PCD)",5332,"PCD","Democratic Convergence Party-Reflection Group","São Tomé & Príncipe"
"Party for Democratic Convergence (PCD)",5332,"PCD","Democratic Convergence Party-Reflection Group","São Tomé & Príncipe"
"Union of Democrats for Citizenshiip, Development and Change",8710,"UDD","Union of Democrats for Citizenship and Development","São Tomé & Príncipe"
"União Democrática dos Cidadãos para a Mudança e Desenvolvimento (UDD)",8710,"UDD","Union of Democrats for Citizenship and Development","São Tomé & Príncipe"
"União Democrático para o Desenvolvimento ou UDD",8710,"UDD","Union of Democrats for Citizenship and Development","São Tomé & Príncipe"
"União Movimento para o Progresso do Príncipe ou UMPP",,,,"São Tomé & Príncipe"
"China Youth Party",,,,"Taiwan"
"Chinese / New Party",3666,"C/NP","Chinese / New Party","Taiwan"
"Civil Party",,,,"Taiwan"
"DPP",1596,"DDP","Democratic Progressive Party","Taiwan"
"DPP Democratic Progressive P",1596,"DDP","Democratic Progressive Party","Taiwan"
"DPP Democratic Progressive Party",1596,"DDP","Democratic Progressive Party","Taiwan"
"DPP`s candidate",1596,"DDP","Democratic Progressive Party","Taiwan"
"DPP`s candidate(Ing-wen Tsai and Chien-jen Chen)",1596,"DDP","Democratic Progressive Party","Taiwan"
"Democratic Progressive Party",1596,"DDP","Democratic Progressive Party","Taiwan"
"Democratic Progressive Party (DPP)",1596,"DDP","Democratic Progressive Party","Taiwan"
"Democratic Progressive Party - DPP",1596,"DDP","Democratic Progressive Party","Taiwan"
"Faith and Hope League",,,,"Taiwan"
"Green Party",6998,"GPT","Green Party Taiwan","Taiwan"
"Green Party Taiwan",6998,"GPT","Green Party Taiwan","Taiwan"
"Green-Social Democratic Coalition",,,,"Taiwan"
"KMT",1112,"KMT","Nationalist Party","Taiwan"
"KMT Kuo Min Tang",1112,"KMT","Nationalist Party","Taiwan"
"KMT`s candidate",1112,"KMT","Nationalist Party","Taiwan"
"KMT`s candidate(Eric Chu and Ju-hsuan Wang)",1112,"KMT","Nationalist Party","Taiwan"
"Kuo Min Tang (KMT)",1112,"KMT","Nationalist Party","Taiwan"
"Kuo Min Tang - KMT",1112,"KMT","Nationalist Party","Taiwan"
"Kuomintang",1112,"KMT","Nationalist Party","Taiwan"
"Kuomintang of China",1112,"KMT","Nationalist Party","Taiwan"
"Liberal Party",,,,"Taiwan"
"Minkuotang",,,,"Taiwan"
"NP",3666,"C/NP","Chinese / New Party","Taiwan"
"Nationalist Party",1112,"KMT","Nationalist Party","Taiwan"
"New Party",3666,"C/NP","Chinese / New Party","Taiwan"
"New Power Party",5935,"NPP","New Power Party","Taiwan"
"Non-Partisan Solidarity Union",5936,"NPSU","Non-Partisan Solidarity Union","Taiwan"
"Non-partisan & Non-Partisan Solidarity Union",,,,"Taiwan"
"PAN-Green",7789,"PGC","Pan-Green Coalition","Taiwan"
"PFP",3665,"PFP","People First Party","Taiwan"
"PFP People First Party",3665,"PFP","People First Party","Taiwan"
"Pan-Blue Coaltion",,,,"Taiwan"
"Pan-Green Coaltion",7789,"PGC","Pan-Green Coalition","Taiwan"
"People Boss Party",,,,"Taiwan"
"People First Party",3665,"PFP","People First Party","Taiwan"
"People First Party (PFP)",3665,"PFP","People First Party","Taiwan"
"People First Party - PFP",3665,"PFP","People First Party","Taiwan"
"People First Party`s candidate",3665,"PFP","People First Party","Taiwan"
"People First Party`s candidate(James Soong and Hsin-ying Hsu)",3665,"PFP","People First Party","Taiwan"
"Red party / Home party",,,,"Taiwan"
"Social Democratic Party",,,,"Taiwan"
"Support all Parties",,,,"Taiwan"
"TSU",3664,"TSU","Taiwan Solidarity Union","Taiwan"
"TSU Taiwan Solidarity Union",3664,"TSU","Taiwan Solidarity Union","Taiwan"
"Taiwan Indenpendent Party",,,,"Taiwan"
"Taiwan Independence Party",,,,"Taiwan"
"Taiwan People's Party",,,,"Taiwan"
"Taiwan People's Party",,,,"Taiwan"
"Taiwan People's Party",,,,"Taiwan"
"Taiwan Solidarity Union",3664,"TSU","Taiwan Solidarity Union","Taiwan"
"Taiwan Statebuilding Party",,,,"Taiwan"
"The pan-Blue coalition",,,,"Taiwan"
"The pan-Green coalition",7789,"PGC","Pan-Green Coalition","Taiwan"
"Trees Party",,,,"Taiwan"
"Communist Party of Tajikistan",4905,"CPT","Communist Party of Tajikistan","Tajikistan"
"Democratic Party",,,,"Tajikistan"
"Party of Economic Reform",9018,"PER","Party of Economic Reforms","Tajikistan"
"People's Democratic Party of Tajikistan",4906,"PDPT","People's Democratic Party of Tajikistan","Tajikistan"
"Social Democratic Party",,,,"Tajikistan"
"Socialist Party of Tajikistan",9017,"SP","Socialist Party","Tajikistan"
"Alliance for Change and Transparency",5170,"ACT","Alliance for Change and Transparency","Tanzania"
"Alliance for Change and Transparency (ACT-Wazalendo)",5170,"ACT","Alliance for Change and Transparency","Tanzania"
"CCM",2328,"CCM","Party of the Revolution","Tanzania"
"CCM Party",2328,"CCM","Party of the Revolution","Tanzania"
"CCM-Chama cha Mapinduzi",2328,"CCM","Party of the Revolution","Tanzania"
"CHADEMA",2344,"Chadema","Party for Democracy and Progress","Tanzania"
"CHADEMA-Chama cha demokrasia na Maendeleo",2344,"Chadema","Party for Democracy and Progress","Tanzania"
"CHADEMA-Chama cha demokrasiana Maendeleo (The Left Party)",2344,"Chadema","Party for Democracy and Progress","Tanzania"
"CUF",2345,"CCW","Civic United Front","Tanzania"
"CUF- The Civic United Front",2345,"CCW","Civic United Front","Tanzania"
"Chama Cha Demokrasia na Maendeleo (CHADEMA)",2344,"Chadema","Party for Democracy and Progress","Tanzania"
"Chama Cha Mapinduzi",2328,"CCM","Party of the Revolution","Tanzania"
"Chama Cha Mapinduzi (CCM)",2328,"CCM","Party of the Revolution","Tanzania"
"Chama cha Demkrasia Makini (MAKINI)",,,,"Tanzania"
"Chama cha Democrasia na Maendeleo (CHADEMA)",2344,"Chadema","Party for Democracy and Progress","Tanzania"
"Chama cha Demokrasia na Maendeleo (CHADEMA)",2344,"Chadema","Party for Democracy and Progress","Tanzania"
"Chama cha Mapinduzi",2328,"CCM","Party of the Revolution","Tanzania"
"Chama cha Mapinduzi (CCM)",2328,"CCM","Party of the Revolution","Tanzania"
"Chama cha Ukombozi wa Umma (Party for People's Redemption)",,,,"Tanzania"
"Chama cha Wananchi (Civic United Front)",2345,"CCW","Civic United Front","Tanzania"
"Chama cha mapinduzi (Party of the Revolution)",2328,"CCM","Party of the Revolution","Tanzania"
"Civic United Front",2345,"CCW","Civic United Front","Tanzania"
"Civic United Front (CUF)",2345,"CCW","Civic United Front","Tanzania"
"Civic United Front Party (CUFP)",2345,"CCW","Civic United Front","Tanzania"
"Democratic Party",,,,"Tanzania"
"Democratic Party (DP)",,,,"Tanzania"
"Demokrasia Makini",,,,"Tanzania"
"Jahazi Asilia",,,,"Tanzania"
"NCCR",3276,"NCCR—M","National Convention for Construction and Reform — Mageuzi","Tanzania"
"NCCR-MAGEUZI (National Convention for Construction and Reform)",3276,"NCCR—M","National Convention for Construction and Reform — Mageuzi","Tanzania"
"NCCR-MAGEUZI-National Convention for Construction and Reform",3276,"NCCR—M","National Convention for Construction and Reform — Mageuzi","Tanzania"
"National Convention for Constitutional Reform (NCCR-Maguezi)",3276,"NCCR—M","National Convention for Construction and Reform — Mageuzi","Tanzania"
"National Convention for Construction and Reform",3276,"NCCR—M","National Convention for Construction and Reform — Mageuzi","Tanzania"
"National Convention for Construction and Reform (NCCR MAGEUZI)",3276,"NCCR—M","National Convention for Construction and Reform — Mageuzi","Tanzania"
"National Convention for Construction and Reform (NCCR-M)",3276,"NCCR—M","National Convention for Construction and Reform — Mageuzi","Tanzania"
"National Convention for Construction and Reform (NCCR-Mageuzi)",3276,"NCCR—M","National Convention for Construction and Reform — Mageuzi","Tanzania"
"Party for Democracy and Development",2344,"Chadema","Party for Democracy and Progress","Tanzania"
"Sauti ya Umma (SAU)Other",,,,"Tanzania"
"TLP",3553,"TLP","Tanzania Labour Party","Tanzania"
"TLP-Tanzania Labour Party",3553,"TLP","Tanzania Labour Party","Tanzania"
"Tanzania Democratic Alliance (TADEA)",,,,"Tanzania"
"Tanzania Labour Party",3553,"TLP","Tanzania Labour Party","Tanzania"
"Tanzania Labour Party (TLP)",3553,"TLP","Tanzania Labour Party","Tanzania"
"Tanzanian Labour Party (TLP)",3553,"TLP","Tanzania Labour Party","Tanzania"
"The Civic United Front (CUF)",2345,"CCW","Civic United Front","Tanzania"
"The Progressive Party of Tanzania (PPT MAENDELEO)",,,,"Tanzania"
"UDP",6075,"UDP","United Democratic Party","Tanzania"
"UDP-United Democratic Party",6075,"UDP","United Democratic Party","Tanzania"
"UMD",,,,"Tanzania"
"UPDP",,,,"Tanzania"
"United Democratic Party",6075,"UDP","United Democratic Party","Tanzania"
"United Democratic Party (UDP)",6075,"UDP","United Democratic Party","Tanzania"
"United Democtratic Party (UDP)",6075,"UDP","United Democratic Party","Tanzania"
"United People's Democratic Party (UPDP)",,,,"Tanzania"
"Bhum Jai Thai Party",6423,"BJT","Bhumjaithai Party","Thailand"
"Bhumi Jai Thai",6423,"BJT","Bhumjaithai Party","Thailand"
"Bhumjaithai Party",6423,"BJT","Bhumjaithai Party","Thailand"
"Bhumjaithai Party - BJT",6423,"BJT","Bhumjaithai Party","Thailand"
"Chart Pattana Phue Pandin",,,,"Thailand"
"Chart Thai Pattana Party",,,,"Thailand"
"Chartthai Party",2373,"PCT","Thai Nation Party / Chart Thai Party","Thailand"
"Chartthaipattana Party",,,,"Thailand"
"Chat Pattana",6996,"CP","Thai Nation Development Party","Thailand"
"Chat Thai",2373,"PCT","Thai Nation Party / Chart Thai Party","Thailand"
"Democrat",2327,"PP","Democrat Party","Thailand"
"Democrat Party",2327,"PP","Democrat Party","Thailand"
"Democrat Party - DP",2327,"PP","Democrat Party","Thailand"
"Democrat party",2327,"PP","Democrat Party","Thailand"
"For Thais Party",5397,"TRT","Thai Rak Thai Party / Thais Love Thais","Thailand"
"Future Forward Party",7915,"PAM","Future Forward Party","Thailand"
"Future Forward Party - FFP",7915,"PAM","Future Forward Party","Thailand"
"Mahachon party",7894,"PM","Mahachon Party / Great People's Party","Thailand"
"Motherland Party",2377,"PPD","Motherland Party","Thailand"
"Motherland Party (Phak Matunhum Party)",2377,"PPD","Motherland Party","Thailand"
"National Party",,,,"Thailand"
"Neutral Democratic Party",2375,"PMT","Neutral Democratic Party","Thailand"
"New Aspiration",4289,"PKM","New Aspiration Party","Thailand"
"New Democracy Party",4287,"ND","National Democrat","Thailand"
"New Economics Party",,,,"Thailand"
"Other party: Future Forward Party",7915,"PAM","Future Forward Party","Thailand"
"Other party: National Party",,,,"Thailand"
"Other party: New Economics Party",,,,"Thailand"
"Other party: Palang Pracharath Party",,,,"Thailand"
"Other party: People's Power Party",2376,"PPP","People's Power Party","Thailand"
"Other party: Thai Liberal Party",5168,"L","Liberal","Thailand"
"Palang Pracharath Party",,,,"Thailand"
"Palangpracharath Party - PPRP",,,,"Thailand"
"People's Power Party",2376,"PPP","People's Power Party","Thailand"
"Phak Bhum Jai Thai",6423,"BJT","Bhumjaithai Party","Thailand"
"Phak Chart Thai",2373,"PCT","Thai Nation Party / Chart Thai Party","Thailand"
"Phak Chart Thai Pattana",,,,"Thailand"
"Phak Palang Prachachon",,,,"Thailand"
"Phak Pracharat",2378,"Phracharaj","Royal People Party","Thailand"
"Phak Prachatipat",2327,"PP","Democrat Party","Thailand"
"Phak Pua Paendin",2377,"PPD","Motherland Party","Thailand"
"Phak Puea Prachachon",,,,"Thailand"
"Phak Puea Tha",5398,"PTP","Pheu Thai Party","Thailand"
"Phak Ruam Jai Thai Chat Pattana",,,,"Thailand"
"Phak Thai rak Thai",5397,"TRT","Thai Rak Thai Party / Thais Love Thais","Thailand"
"Pheu Pandin Party",2377,"PPD","Motherland Party","Thailand"
"Pheu Thai Party",5398,"PTP","Pheu Thai Party","Thailand"
"Pheu Thai Party - PTP",5398,"PTP","Pheu Thai Party","Thailand"
"Phue Pandin",2377,"PPD","Motherland Party","Thailand"
"Phue Thai Party",5398,"PTP","Pheu Thai Party","Thailand"
"Prachakorn Thai",4303,"TCP","Thai Citizens' Party / Prachakorn Thai Party","Thailand"
"Puea Pandin Party",2377,"PPD","Motherland Party","Thailand"
"Rak Santi Party",,,,"Thailand"
"Rak Thailand Party",6997,"RTP","Love Thailand Party","Thailand"
"Rassadorn",4292,"RA","People Party","Thailand"
"Royal People Party",2378,"Phracharaj","Royal People Party","Thailand"
"Ruam jai Thai Pattana",,,,"Thailand"
"Seritham",4307,"SP","Seritham Party","Thailand"
"THAI RAK THAI",5397,"TRT","Thai Rak Thai Party / Thais Love Thais","Thailand"
"Thai Liberal Party",5168,"L","Liberal","Thailand"
"Thai Motherland",2377,"PPD","Motherland Party","Thailand"
"Thai Nation Development Party",6996,"CP","Thai Nation Development Party","Thailand"
"Thai Nation Party",2373,"PCT","Thai Nation Party / Chart Thai Party","Thailand"
"Thai National party",2373,"PCT","Thai Nation Party / Chart Thai Party","Thailand"
"Thai Pride Party",,,,"Thailand"
"Thai Rak Thai",5397,"TRT","Thai Rak Thai Party / Thais Love Thais","Thailand"
"Thai Rak Thai party",5397,"TRT","Thai Rak Thai Party / Thais Love Thais","Thailand"
"Thais Love Thais Party",5397,"TRT","Thai Rak Thai Party / Thais Love Thais","Thailand"
"Thais United National Development Party",2374,"RJTCP","Thais United National Development Party","Thailand"
"ADDI",8071,"ADDI","Alliance of Democrats for Integral Development","Togo"
"ADDI (Alliance des Démocrates pour le Développement Intégral",8071,"ADDI","Alliance of Democrats for Integral Development","Togo"
"ADDI (Alliance des Démocrates pour le Développement Intégral) du Dr. Kampatib",8071,"ADDI","Alliance of Democrats for Integral Development","Togo"
"ANC (Alliance Nationale pour le Changement) de Jean-Pierre F",5767,"ANC","National Alliance for Change","Togo"
"ANC (Alliance Nationale pour le Changement) de Jean-Pierre Fabre",5767,"ANC","National Alliance for Change","Togo"
"ANC (Jean-Pierre Fabre)",5767,"ANC","National Alliance for Change","Togo"
"Alliance Nationale pour le Changement, ANC de Jean-Pierre Fabre",5767,"ANC","National Alliance for Change","Togo"
"Alliance des Démocrates pour le Développement Intégral, ADDI du Dr. Kampatib",8071,"ADDI","Alliance of Democrats for Integral Development","Togo"
"Arc-en-Ciel",7185,"CAEC","Rainbow Alliance","Togo"
"Arc-en-ciel",7185,"CAEC","Rainbow Alliance","Togo"
"CAR (Comité d'Action pour le Renouveau) de Me Yaovi Agboyibo",4133,"CAR","Action Committee for Renewal","Togo"
"CAR (Me Yaovi Agboyibo)",4133,"CAR","Action Committee for Renewal","Togo"
"CDPA (Convention Démocratique des Peuples Africains) du Prof",8752,"CDPA","Democratic Convention of African People","Togo"
"CDPA (Convention Démocratique des Peuples Africains) du Professeur Léopold Messan Gnininvi",8752,"CDPA","Democratic Convention of African People","Togo"
"CDPA (Professor Leopold Messan Gnininvi)",8752,"CDPA","Democratic Convention of African People","Togo"
"CST",4132,"CST","Save Togo Group","Togo"
"CST (Collectif « Sauvons le Togo »)",4132,"CST","Save Togo Group","Togo"
"Comité d'Action pour le Renouveau, CAR de Me Yaovi Agboyibo",4133,"CAR","Action Committee for Renewal","Togo"
"Convention Démocratique des Peuples Africains, CDPA du Professeur Léopold Messan Gnininvi",8752,"CDPA","Democratic Convention of African People","Togo"
"Dynamique Monseigneur Kpodzro, DMK",,,,"Togo"
"Mouvement Patriotique pour la Démocratie et le Développement, MPDD d'Agbéyomé Kodjo",7662,"PMDD","Patriotic Movement for Democracy and Development","Togo"
"Nouvel Engagement Togolais, NET de M. Gerry K. TAAMA",7660,"NET","New Togolese Commitment","Togo"
"OBUTS (Agbeyome Kodjo)",,,,"Togo"
"OBUTS (Organisation pour Batir dans l'Union un Togo Solidaire) d'Agbeyome Kodjo",,,,"Togo"
"OBUTS (Organisation pour Bâtir dans l'Union un Togo Solidair",,,,"Togo"
"Opposition party",,,,"Togo"
"PNP (TIKPI ATCHADAM)",,,,"Togo"
"PRR (Nicolas Lawson)",,,,"Togo"
"PRR (Parti du Renouveau et de la Rédemption) de Nicolas Laws",,,,"Togo"
"PRR (Parti du Renouveau et de la Rédemption) de Nicolas Lawson",,,,"Togo"
"Parti National Panafricain, PNP de Tikpi Atchadam",,,,"Togo"
"UDPS (Union pour la Démocratie et le Progrès Social)",,,,"Togo"
"UFC (Gilchrist Olympio)",4130,"UFC","Union of Forces for Change","Togo"
"UFC (Union des Forces de Changement) de Gilchrist Olympio",4130,"UFC","Union of Forces for Change","Togo"
"UNIR (Faure Essozimna Gnassigbe)",4129,"UNIR","Union for the Republic","Togo"
"UNIR (Union pour la République) de Faure Essozimna Gnassingb",4129,"UNIR","Union for the Republic","Togo"
"UNIR (Union pour la République) de Faure Essozimna Gnassingbé",4129,"UNIR","Union for the Republic","Togo"
"Union des Forces de Changement, UFC  de Gilchrist Olympio",4130,"UFC","Union of Forces for Change","Togo"
"Union pour la Démocratie et le Progrès Social, UDPS",,,,"Togo"
"Union pour la République, UNIR de Faure Essozimna Gnassingbé",4129,"UNIR","Union for the Republic","Togo"
"AL Majed (Volunteered)",,,,"Tunisia"
"Afek (Volunteered)",,,,"Tunisia"
"Afek Tounes",,,,"Tunisia"
"Afek Tunis",,,,"Tunisia"
"Afek tounes",,,,"Tunisia"
"Al Aridha alChaabya",,,,"Tunisia"
"Al Mostakbal(Volunteered)",,,,"Tunisia"
"Al khodher (Volunteered)",,,,"Tunisia"
"Al-Irada",,,,"Tunisia"
"Al-Massar / Ahmed Brahim",,,,"Tunisia"
"AlWafa",,,,"Tunisia"
"An-Nahda",5832,"Nahdah","Ennahdha Party / Renaissance Party","Tunisia"
"Ansar al-Sharia",,,,"Tunisia"
"CPR",4532,"CPR","Congress for the Republic","Tunisia"
"Call of Tunisia",4530,"NT","Nidaa Tounes","Tunisia"
"Congress for the Republic",4532,"CPR","Congress for the Republic","Tunisia"
"Congress for the Republic (CPR) / Moncef Marzouki",4532,"CPR","Congress for the Republic","Tunisia"
"Courant Démocratique",7917,"TD","Democratic Current","Tunisia"
"Current of Love",4534,"COL","Current of Love","Tunisia"
"Democratic Alliance",,,,"Tunisia"
"Democratic Current",7917,"TD","Democratic Current","Tunisia"
"Democratic Forum for Labour and Liberties (Ettakattol)",6074,"FTDL","Democratic Forum for Labour and Liberties","Tunisia"
"Democratic Forum for Labour and Liberties (FDTL) / Mustapha Ben Jafar",6074,"FTDL","Democratic Forum for Labour and Liberties","Tunisia"
"Democratic Forum for Labour and Liberties or (FDTL)",6074,"FTDL","Democratic Forum for Labour and Liberties","Tunisia"
"Democratic Forum for labour and Liberties (FDTL)",6074,"FTDL","Democratic Forum for Labour and Liberties","Tunisia"
"Democratic Modernist Pole (PDM)",,,,"Tunisia"
"Democratic Modernist Pole (PDM)/Al Massar Addimocraty/Ettajdid Movement",,,,"Tunisia"
"Democratic Progressive party (PDP)",4533,"PDP","Progressive Democratic Party","Tunisia"
"Democratic Progressive party (PDP)/AlJoumhouri/Afek Tounes",,,,"Tunisia"
"Democratic Progressive party(PDM)/Al Massar Addimocraty/Ettajdid Movement",,,,"Tunisia"
"Democratic Progressive party(PDP)/Aljoumhouri/Afek Tounes",,,,"Tunisia"
"Democratic current",7917,"TD","Democratic Current","Tunisia"
"Dignity Coalition",8125,"al-Karama","Dignity Coalition","Tunisia"
"El Aridha Echabiaa / Hachemi Hamdi",,,,"Tunisia"
"Ennahda",5832,"Nahdah","Ennahdha Party / Renaissance Party","Tunisia"
"Ennahda / Rached Ghannouchi",5832,"Nahdah","Ennahdha Party / Renaissance Party","Tunisia"
"Ennahda Movement",5832,"Nahdah","Ennahdha Party / Renaissance Party","Tunisia"
"Ennahda Movement (Renaissance Party)",5832,"Nahdah","Ennahdha Party / Renaissance Party","Tunisia"
"Ennahda mouvement",5832,"Nahdah","Ennahdha Party / Renaissance Party","Tunisia"
"Ennahdha",5832,"Nahdah","Ennahdha Party / Renaissance Party","Tunisia"
"Ennahdha Movement",5832,"Nahdah","Ennahdha Party / Renaissance Party","Tunisia"
"Ennahdha Movement (Renaissance Party)",5832,"Nahdah","Ennahdha Party / Renaissance Party","Tunisia"
"Errahma",,,,"Tunisia"
"Ettahrir (Volunteered)",,,,"Tunisia"
"Ettakatol - FDTL",6074,"FTDL","Democratic Forum for Labour and Liberties","Tunisia"
"Ettayar al kawmi (Volunteered)",,,,"Tunisia"
"Farmer's Voice Party",,,,"Tunisia"
"Free Constitutional Party",7918,"HDH","Free Destourian Party","Tunisia"
"Free Destourian Party",7918,"HDH","Free Destourian Party","Tunisia"
"Free Patriotic Union",6073,"UPL","Free Patriotic Union","Tunisia"
"Free Patriotic Union (Volunteered)",6073,"UPL","Free Patriotic Union","Tunisia"
"Freedom Destourian Party",7918,"HDH","Free Destourian Party","Tunisia"
"Harak Chaab Mowatinin",,,,"Tunisia"
"Haraket Chaab",,,,"Tunisia"
"Haraket El Tounsi",,,,"Tunisia"
"Haraket Wafa",,,,"Tunisia"
"Heart of Tunisia",7916,"QT","Heart of Tunisia","Tunisia"
"Hizb Uttahrir",,,,"Tunisia"
"Hizb ut-Tahrir / Reda Belhaj",,,,"Tunisia"
"Independent list",,,,"Tunisia"
"Initiative",,,,"Tunisia"
"Initiative (Volunteered)",,,,"Tunisia"
"Jabha",,,,"Tunisia"
"Jomhouri",,,,"Tunisia"
"Kais Saied",,,,"Tunisia"
"Machroua Tounes",,,,"Tunisia"
"Machrouu Tounes",,,,"Tunisia"
"Massar",,,,"Tunisia"
"Moubedra",,,,"Tunisia"
"Movement Party / Tunisia Will Movement",,,,"Tunisia"
"Movement Tunisia Will",,,,"Tunisia"
"Movement for Tunisian Future Party",,,,"Tunisia"
"Movement of Socialist Democrats (Volunteered)",5326,"MSD","Movement of Socialist Democrat","Tunisia"
"Nahdha",5832,"Nahdah","Ennahdha Party / Renaissance Party","Tunisia"
"National Destourian Initiative",,,,"Tunisia"
"Nidaa Tounes",4530,"NT","Nidaa Tounes","Tunisia"
"Nidaa Tounes (Call of Tunisia)",4530,"NT","Nidaa Tounes","Tunisia"
"Nidaa Tounes / Beji Caid Essebsi",4530,"NT","Nidaa Tounes","Tunisia"
"Parti la voie Tunisienne (Hizeb Al-Masar Al-Tunisi)",,,,"Tunisia"
"Party Dostouri Horr",7918,"HDH","Free Destourian Party","Tunisia"
"Party Mohsen Marzouk",,,,"Tunisia"
"Patriot movement Democrats (Volunteered)",,,,"Tunisia"
"People's Movement",7919,"MP","People's Movement","Tunisia"
"People's Movement",7919,"MP","People's Movement","Tunisia"
"People's Movement",7919,"MP","People's Movement","Tunisia"
"Popular Front",5586,"PF","Popular Front","Tunisia"
"Popular Front / Hamma Hammami / Chokri Belaid",5586,"PF","Popular Front","Tunisia"
"Popular Front for the Realization of the Objectives of",,,,"Tunisia"
"Popular Front for the Realization of the Objectives of the Revolution",,,,"Tunisia"
"Popular Republican Union",,,,"Tunisia"
"Popular front",5586,"PF","Popular Front","Tunisia"
"Progressive Democratic Party",4533,"PDP","Progressive Democratic Party","Tunisia"
"Qalb Tounes",7916,"QT","Heart of Tunisia","Tunisia"
"RCD",4757,"RCD","Democratic Constitutional Rally","Tunisia"
"Rahma",,,,"Tunisia"
"Renaissance Party ""Ennahdha""",5832,"Nahdah","Ennahdha Party / Renaissance Party","Tunisia"
"Republic People's Union",,,,"Tunisia"
"Republican Party",,,,"Tunisia"
"Republican Party / Ahmed Nejib Chebbi / Maya Jribi",,,,"Tunisia"
"SAFI SAID",,,,"Tunisia"
"Sawt Falahin",,,,"Tunisia"
"Social Democratic Path",,,,"Tunisia"
"TARIK ESSALAMA, Mourou (Volunteered)",,,,"Tunisia"
"Tahalif Dimokrati",,,,"Tunisia"
"Tahrir",,,,"Tunisia"
"Tahrir - Liberation Party",,,,"Tunisia"
"Tahya Tounes",7920,"TT","Long Live Tunisia","Tunisia"
"Takatol",,,,"Tunisia"
"Tayar Almahabba (ex Popular Petition)",,,,"Tunisia"
"Tayar Chaabi",,,,"Tunisia"
"Tayar Mahaba",,,,"Tunisia"
"The Congress for the Republic (CPR)",4532,"CPR","Congress for the Republic","Tunisia"
"The Congress of the Republic",4532,"CPR","Congress for the Republic","Tunisia"
"The Democratic Current",7917,"TD","Democratic Current","Tunisia"
"The Free Patriotic Union",6073,"UPL","Free Patriotic Union","Tunisia"
"The Initiative / Kamel Morjane",,,,"Tunisia"
"The People's Petition for Freedom, Justice, and Development Party",,,,"Tunisia"
"The Popular Front",5586,"PF","Popular Front","Tunisia"
"The Republican Party (Al-Hizeb Al-Joumhouri)",,,,"Tunisia"
"The Tunisian Workers' Communist Party",,,,"Tunisia"
"The Tunisian Workers' Party/AlJabha Chaabiya",,,,"Tunisia"
"The current of Love",4534,"COL","Current of Love","Tunisia"
"The democratic current",7917,"TD","Democratic Current","Tunisia"
"The initiative",,,,"Tunisia"
"The people's Movement",7919,"MP","People's Movement","Tunisia"
"The president Kais Said",,,,"Tunisia"
"Tunisia Alternatives",,,,"Tunisia"
"Tunisian Alternative",,,,"Tunisia"
"Tunisian Aspiration(s)",,,,"Tunisia"
"Tunisian Workers's Party",,,,"Tunisia"
"UPL",6073,"UPL","Free Patriotic Union","Tunisia"
"Vive la Tunisie",7920,"TT","Long Live Tunisia","Tunisia"
"Wafa Movement / Abderraouf Ayadi",,,,"Tunisia"
"Zitouna Party",,,,"Tunisia"
"AKP (Justice and Development Party",306,"AKP","Justice and Development Party","Turkey"
"AKP - Justice and Development Party",306,"AKP","Justice and Development Party","Turkey"
"AKP-Adalet ve Kalkinma Partisi",306,"AKP","Justice and Development Party","Turkey"
"ANAP (Motherland Party)",1190,"ANAP","Motherland Party","Turkey"
"ANAP - Motherland Party -",1190,"ANAP","Motherland Party","Turkey"
"ANAP-Anavatan Partisi",1190,"ANAP","Motherland Party","Turkey"
"ASIRI SAG",,,,"Turkey"
"Adalet Kalkinma Partisi (AKP)",306,"AKP","Justice and Development Party","Turkey"
"Adalet ve Kalkinma Partisi (AKP) (Ahmet Davutoglu)",306,"AKP","Justice and Development Party","Turkey"
"Adalet ve Kalkinma Partisi (AKP) (R.T.Erdogan)",306,"AKP","Justice and Development Party","Turkey"
"Adalet ve Kalkýnma Partisi (AKP)",306,"AKP","Justice and Development Party","Turkey"
"Adalet ve Kalkýnma Partisi (AKP) (R.T.Erdoðan)",306,"AKP","Justice and Development Party","Turkey"
"Anavatan Partisi (ANAP)",1190,"ANAP","Motherland Party","Turkey"
"Aydinlik Türkiye Partisi (ATP) (Oktay Öztürk)",,,,"Turkey"
"BBP (Great Unity Party)",1330,"BBP","Great Union Party","Turkey"
"BBP - Great Unity Party -",1330,"BBP","Great Union Party","Turkey"
"BBP-Buyuk Birlik Partisi",1330,"BBP","Great Union Party","Turkey"
"Bagimsiz Türkiye Partisi (BTP) (Haydar Bas)",,,,"Turkey"
"Bagimsiz aday",,,,"Turkey"
"Baris ve Demokrasi Partisi (BDP) (Demir Çelik)",2503,"BDP","Peace and Democracy Party","Turkey"
"Baris ve Demokrasi Partisi (BDP) (Selahattin Demirtas / Hamit Geylani)",2503,"BDP","Peace and Democracy Party","Turkey"
"Barýþ ve Demokrasi Partisi (BDP) (Selahattin Demirtaþ / Gültan Kýþanak)",2503,"BDP","Peace and Democracy Party","Turkey"
"Baðýmsýz Türkiye Partisi (BTP)",,,,"Turkey"
"Baðýmsýz Türkiye Partisi (BTP) (Haydar Baþ)",,,,"Turkey"
"Baðýmsýz aday",,,,"Turkey"
"Buyuk Birlik Partisi (BBP)",1330,"BBP","Great Union Party","Turkey"
"Buyuk Birlik Partisi (BBP) (Mustafa Destici)",1330,"BBP","Great Union Party","Turkey"
"Büyük Birlik Partisi (BBP)",1330,"BBP","Great Union Party","Turkey"
"Büyük Birlik Partisi (BBP) (Mustafa Destici)",1330,"BBP","Great Union Party","Turkey"
"Büyük Birlik Partisi (BBP) (Yalçin Topçu)",1330,"BBP","Great Union Party","Turkey"
"CHP (Republican People´s Party)",1060,"CHP","Republican Peoples Party","Turkey"
"CHP - Republican Peoples Party",1060,"CHP","Republican Peoples Party","Turkey"
"CHP-Cumhuriyet Halk Partisi",1060,"CHP","Republican Peoples Party","Turkey"
"Communist Party",,,,"Turkey"
"Cumhuriyet Halk Partisi (CHP)",1060,"CHP","Republican Peoples Party","Turkey"
"Cumhuriyet Halk Partisi (CHP) (Deniz Baykal)",1060,"CHP","Republican Peoples Party","Turkey"
"Cumhuriyet Halk Partisi (CHP) (Kemal Kilicdaroglu)",1060,"CHP","Republican Peoples Party","Turkey"
"Cumhuriyet Halk Partisi (CHP) (Kemal Kiliçdaroglu)",1060,"CHP","Republican Peoples Party","Turkey"
"Cumhuriyet Halk Partisi (CHP) (Kemal Kýlýçdaroðlu)",1060,"CHP","Republican Peoples Party","Turkey"
"DEHAP-DTH",1355,"DEHAP","Democratic People's Party","Turkey"
"DERVIS (World Bank economist)",,,,"Turkey"
"DIGER",,,,"Turkey"
"DSP (Democratic Left Party)",1740,"DSP","Democratic Left Party","Turkey"
"DSP - Democratic Left Party -",1740,"DSP","Democratic Left Party","Turkey"
"DSP-Demokratik Sol Parti",1740,"DSP","Democratic Left Party","Turkey"
"DYP (True Path Party)",351,"DYP","True Path Party","Turkey"
"DYP - True Path Party -",351,"DYP","True Path Party","Turkey"
"DYP-Dogru Yol Partisi",351,"DYP","True Path Party","Turkey"
"Democrat Party",899,"DP","Democratic Party (2007)","Turkey"
"Democrat Party / True Path Party (DP/DYP)",,,,"Turkey"
"Democrat Party DP",899,"DP","Democratic Party (2007)","Turkey"
"Democratic Left - DSP",1740,"DSP","Democratic Left Party","Turkey"
"Democratic Left Party",1740,"DSP","Democratic Left Party","Turkey"
"Democratic Left Party (DSP)",1740,"DSP","Democratic Left Party","Turkey"
"Democratic Party - True Path Party - DP-DYP",,,,"Turkey"
"Democratic Party - Truth Party - DP-DYP",,,,"Turkey"
"Democratic Party -True Path Party - DP-DYP",,,,"Turkey"
"Democratic Party -Truth Party - DP-DYP",,,,"Turkey"
"Democratic Society Party (DTP)",1606,"DTP","Democratic Society Party","Turkey"
"Democratic Society Party - DTP",1606,"DTP","Democratic Society Party","Turkey"
"Democratic Society Party DTP",1606,"DTP","Democratic Society Party","Turkey"
"Demokrat Parti  (DP) Gultekin Uysal",899,"DP","Democratic Party (2007)","Turkey"
"Demokrat Parti (DP)",899,"DP","Democratic Party (2007)","Turkey"
"Demokrat Parti (DP) (Hüsamettin Cindoruk)",899,"DP","Democratic Party (2007)","Turkey"
"Demokrat Parti (DP) (Namik Kemal Zeybek)",899,"DP","Democratic Party (2007)","Turkey"
"Demokratik Sol Halk Parti (DSHP) (Rahsan Ecevit)",,,,"Turkey"
"Demokratik Sol Parti (DSP)",1740,"DSP","Democratic Left Party","Turkey"
"Demokratik Sol Parti (DSP) (Masum Türker)",1740,"DSP","Democratic Left Party","Turkey"
"Demokratik Sol Parti DSP",1740,"DSP","Democratic Left Party","Turkey"
"Demokratik Toplum Partisi (DTP)",1606,"DTP","Democratic Society Party","Turkey"
"Dogru Yol Partisi (DYP) (Çetin Açikgöz)",351,"DYP","True Path Party","Turkey"
"Don't Know",,,,"Turkey"
"Doðru Yol Partisi (DYP) (Çetin Özaçýkgöz)",351,"DYP","True Path Party","Turkey"
"EREDAL INONU",,,,"Turkey"
"Emek Partisi (EMEP) (Levent Tüzel)",,,,"Turkey"
"Emek Partisi (EMEP) (Selma Gürkan)",,,,"Turkey"
"Esitlik ve Demokrasi Partisi (EDP)",,,,"Turkey"
"Esitlik ve Demokrasi Partisi (EDP) (Ferdan Ergut)",,,,"Turkey"
"Eþitlik ve Demokrasi Partisi (EDP) (Ferdan Ergut)",,,,"Turkey"
"Felicite Party SP",572,"SP","Felicity Party","Turkey"
"Felicity Party",572,"SP","Felicity Party","Turkey"
"Felicity Party (SP)",572,"SP","Felicity Party","Turkey"
"Felicity Party - SP",572,"SP","Felicity Party","Turkey"
"Free Cause Party",,,,"Turkey"
"Freedom and Solidarity Party - ODP",,,,"Turkey"
"Freedom and Solidarity Party - OEDP",,,,"Turkey"
"GP-Genc Parti",159,"GP","Young Party","Turkey"
"Genç Parti (GP)",159,"GP","Young Party","Turkey"
"Genç Parti (GP) (Cem Uzan)",159,"GP","Young Party","Turkey"
"Good Party",6236,"IYI","Good Party","Turkey"
"Good Party (IYIP)",6236,"IYI","Good Party","Turkey"
"Grand Union Party - BBP",1330,"BBP","Great Union Party","Turkey"
"Great Union Party (BBP)",1330,"BBP","Great Union Party","Turkey"
"Great Union Party BBP",1330,"BBP","Great Union Party","Turkey"
"HADEP (People`s Democracy Party)",2472,"HADEP","People's Democracy Party","Turkey"
"HADEP - Peoples Democracy Party -",2472,"HADEP","People's Democracy Party","Turkey"
"HICBIRI",,,,"Turkey"
"Hak ve Esitlik Partisi (HEPAR) (Osman Pamukoglu)",,,,"Turkey"
"Hak ve Eþitlik Partisi (HEPAR)",,,,"Turkey"
"Hak ve Eþitlik Partisi (HEPAR) (Osman Pamukoðlu)",,,,"Turkey"
"Halkin Sesi Partisi (HAS) (Numan Kurtulmus)",,,,"Turkey"
"Halklarin Demokratik Partisi (HDP) (Selahattin Demirtas – Figen Yuksekdag)",6042,"HDP","Peoples' Democratic Party","Turkey"
"Halkýn Demokratik Partisi (HDP) (Ertuðrul Kürkçü-Sebahat Tuncel)",6042,"HDP","Peoples' Democratic Party","Turkey"
"Hur Dava Partisi (Huda-Par) (Mehmet Huseyin Yilmaz)",,,,"Turkey"
"Hür Dava Partisi (Hüda-Par) (Mehmet Hüseyin Yýlmaz)",,,,"Turkey"
"IP (Workers´ Party)",,,,"Turkey"
"IYI Party/Good Party",6236,"IYI","Good Party","Turkey"
"Independent Candidate",,,,"Turkey"
"Independents",,,,"Turkey"
"Isci Partisi (IP)",,,,"Turkey"
"Isci Partisi (IP) (Dogu Perincek)",,,,"Turkey"
"Isçi Partisi (IP) (Dogu Perinçek)",,,,"Turkey"
"Justice and Development Party",306,"AKP","Justice and Development Party","Turkey"
"Justice and Development Party (AKP)",306,"AKP","Justice and Development Party","Turkey"
"Justice and Development Party - AKP",306,"AKP","Justice and Development Party","Turkey"
"Justice and Development Party AKP",306,"AKP","Justice and Development Party","Turkey"
"Justice and Development party (AKP)",306,"AKP","Justice and Development Party","Turkey"
"Justice and development Party - AKP",306,"AKP","Justice and Development Party","Turkey"
"KARARSIZ",,,,"Turkey"
"LDP (Liberal Democrat Party)",,,,"Turkey"
"Liberal Democrat Party",,,,"Turkey"
"MHP (Nationalist Action Party)",1610,"MHP","Nationalist Movement [Action] Party","Turkey"
"MHP - Nationalist Action Party -",1610,"MHP","Nationalist Movement [Action] Party","Turkey"
"MHP-Milliyetci Hareket Partisi",1610,"MHP","Nationalist Movement [Action] Party","Turkey"
"Millet Partisi (MILLET) (Aykut Edibali)",228,"MP","Nation Party","Turkey"
"Millet Partisi (MP) (Aykut Edibali)",228,"MP","Nation Party","Turkey"
"Milliyetci Hareket Partisi (MHP)",1610,"MHP","Nationalist Movement [Action] Party","Turkey"
"Milliyetci Hareket Partisi (MHP) (Devlet Bahceli)",1610,"MHP","Nationalist Movement [Action] Party","Turkey"
"Milliyetçi Hareket Partisi (MHP)",1610,"MHP","Nationalist Movement [Action] Party","Turkey"
"Milliyetçi Hareket Partisi (MHP) (Devlet Bahçeli)",1610,"MHP","Nationalist Movement [Action] Party","Turkey"
"Milliyetçi ve Muhafazakar Parti (MMP) (A.Zeki Arslan)",,,,"Turkey"
"Motherland Party",1190,"ANAP","Motherland Party","Turkey"
"Motherland Party (ANAP)",1190,"ANAP","Motherland Party","Turkey"
"Motherland Party - ANAP",1190,"ANAP","Motherland Party","Turkey"
"Motherland Party ANAP",1190,"ANAP","Motherland Party","Turkey"
"Nation Alliance (CHP, IYIP, SP)",,,,"Turkey"
"Nation Party",228,"MP","Nation Party","Turkey"
"Nationalist Action Party",1610,"MHP","Nationalist Movement [Action] Party","Turkey"
"Nationalist Action Party (MHP)",1610,"MHP","Nationalist Movement [Action] Party","Turkey"
"Nationalist Action Party - MHP",1610,"MHP","Nationalist Movement [Action] Party","Turkey"
"Nationalist Action Party MHP",1610,"MHP","Nationalist Movement [Action] Party","Turkey"
"Nationalist Movement Party",1610,"MHP","Nationalist Movement [Action] Party","Turkey"
"Nationalist Movement Party (MHP)",1610,"MHP","Nationalist Movement [Action] Party","Turkey"
"ODP (Freedom and Solidarity Party)",,,,"Turkey"
"ODP- Ozgurluk ve Dayanisma Partisi",,,,"Turkey"
"Ozgurluk Dayanisma Partisi (ODP)",,,,"Turkey"
"Ozgurluk ve Dayanisma Partisi (ODP) (Alper Tas / Bilge Seckin Cetinkaya )",,,,"Turkey"
"Patriotic Party",,,,"Turkey"
"Peace and Democracy Party",2503,"BDP","Peace and Democracy Party","Turkey"
"Peace and Democracy Party -  BDP",2503,"BDP","Peace and Democracy Party","Turkey"
"Peace and Democracy Party - BDP",2503,"BDP","Peace and Democracy Party","Turkey"
"Peace and Democratic Party",2503,"BDP","Peace and Democracy Party","Turkey"
"People Alliance (AKP, MHP)",,,,"Turkey"
"People's Democratic Party",6042,"HDP","Peoples' Democratic Party","Turkey"
"People's Democratic Party",6042,"HDP","Peoples' Democratic Party","Turkey"
"Peoples' Democratic Party",6042,"HDP","Peoples' Democratic Party","Turkey"
"Peoples' Democratic Party (HDP)",6042,"HDP","Peoples' Democratic Party","Turkey"
"Peoples' Democratic Party - HDP",6042,"HDP","Peoples' Democratic Party","Turkey"
"RP Prospetiry Party - Religious Fundamentalist",1067,"RP","Welfare Party","Turkey"
"Republican People's Party",1060,"CHP","Republican Peoples Party","Turkey"
"Republican People's Party",1060,"CHP","Republican Peoples Party","Turkey"
"Republican People's Party",1060,"CHP","Republican Peoples Party","Turkey"
"Republican People's Party",1060,"CHP","Republican Peoples Party","Turkey"
"Republican People's Party",1060,"CHP","Republican Peoples Party","Turkey"
"Republican People's Party (CHP)",1060,"CHP","Republican Peoples Party","Turkey"
"Republican People's Party - CHP",1060,"CHP","Republican Peoples Party","Turkey"
"Republican People's Party CHP",1060,"CHP","Republican Peoples Party","Turkey"
"Republican Peoples Party (CHP)",1060,"CHP","Republican Peoples Party","Turkey"
"Republican Peoples Party - CHP",1060,"CHP","Republican Peoples Party","Turkey"
"Rights and Equality Party",,,,"Turkey"
"SAADET (Felicite Party)",572,"SP","Felicity Party","Turkey"
"SHP-Sosyal Demokrat Halkci Parti",1253,"SHP","Social Democratic Populist Party","Turkey"
"SP-Saadet Partisi",572,"SP","Felicity Party","Turkey"
"Saadet Partisi (SP)",572,"SP","Felicity Party","Turkey"
"Saadet Partisi (SP) (Mustafa Kamalak)",572,"SP","Felicity Party","Turkey"
"Saadet Partisi (SP) (Necmettin Erbakan)",572,"SP","Felicity Party","Turkey"
"Saadet Partisi (SP) (Numan Kurtulmus)",572,"SP","Felicity Party","Turkey"
"Social Democrat People's Party SHP",1253,"SHP","Social Democratic Populist Party","Turkey"
"T. Komunist Partisi (TKP)",,,,"Turkey"
"The Good Party",6236,"IYI","Good Party","Turkey"
"True Path Party",351,"DYP","True Path Party","Turkey"
"Turkish Communist Party - TKP",,,,"Turkey"
"Turkiye Komunist Partisi (TKP) (Erkan Bas)",,,,"Turkey"
"Türkiye Degisim Hareketi (TDH) (Mustafa Sarigül)",,,,"Turkey"
"Türkiye Komünist Partisi (TKP)",,,,"Turkey"
"Türkiye Komünist Partisi (TKP) (Erkan Bas)",,,,"Turkey"
"Türkiye Komünist Partisi (TKP) (Erkan Baþ)",,,,"Turkey"
"Türkiye Partisi (TP) (Abdüllatif Sener)",,,,"Turkey"
"Virtue Party",1463,"FP","Virtue Party","Turkey"
"Young Party (GP)",159,"GP","Young Party","Turkey"
"Young Party - GP",159,"GP","Young Party","Turkey"
"Yurt partisi (YP) (Saadettin Tantan)",,,,"Turkey"
"Ýþçi Partisi (ÝP) (Doðu Perinçek)",,,,"Turkey"
"Alliance for National Transformation (ANT)",,,,"Uganda"
"Conservative Party",8929,"CP","Conservative Party","Uganda"
"Conservative Party (CP)",8929,"CP","Conservative Party","Uganda"
"Democratic Party",4525,"DP","Democratic Party","Uganda"
"Democratic Party  [DP]",4525,"DP","Democratic Party","Uganda"
"Democratic Party (DP)",4525,"DP","Democratic Party","Uganda"
"Democratic Party [DP]",4525,"DP","Democratic Party","Uganda"
"Federal Democratic Party",,,,"Uganda"
"Forum for Democraric Change [FDC]",5389,"FDC","Forum for Democratic Change","Uganda"
"Forum for Democratic Change",5389,"FDC","Forum for Democratic Change","Uganda"
"Forum for Democratic Change (FDC)",5389,"FDC","Forum for Democratic Change","Uganda"
"Forum for Democratic Change (FDC) or Inter-Party Cooperation (IPC)",,,,"Uganda"
"Forum for Democratic Change [FDC]",5389,"FDC","Forum for Democratic Change","Uganda"
"Free Movement",,,,"Uganda"
"Go Foward",,,,"Uganda"
"Independent Candidate",,,,"Uganda"
"Inter Party Coalition",,,,"Uganda"
"Inter party Coalition (IPC)",,,,"Uganda"
"JEEMA",,,,"Uganda"
"Jema",,,,"Uganda"
"Kabaka Yekka (defunct)",4781,"KY","Kabaka Yekka","Uganda"
"Labour Party",,,,"Uganda"
"Movement",,,,"Uganda"
"Multipartyist",,,,"Uganda"
"National Democratic Forum",,,,"Uganda"
"National Democrats Forum",,,,"Uganda"
"National Peasant Party",,,,"Uganda"
"National Resistance Movement",4523,"NRM","National Resistance Movement","Uganda"
"National Resistance Movement (NRM)",4523,"NRM","National Resistance Movement","Uganda"
"National Resistance Movement Organization (NRMO)",4523,"NRM","National Resistance Movement","Uganda"
"National Resistance Movement [NRM]",4523,"NRM","National Resistance Movement","Uganda"
"National Resistence Movement (NRM)",4523,"NRM","National Resistance Movement","Uganda"
"National Unity Platform(NUP)",,,,"Uganda"
"National Youth Revolutionary Organisation",,,,"Uganda"
"People power/ Bobi Wine/ Pressure group",,,,"Uganda"
"People's Progressive Party (PPP)",,,,"Uganda"
"People's United Movement (PUM)",,,,"Uganda"
"Reformist Agenda",,,,"Uganda"
"Social Democratic Party (SDP)",,,,"Uganda"
"Social Democratic Party [SDP]",,,,"Uganda"
"The Alliance for National Transformation (ANT)",,,,"Uganda"
"The Free Movement",,,,"Uganda"
"The Justice Forum (JEEMA)",,,,"Uganda"
"The Parties Platform (TPP)",,,,"Uganda"
"The Peoples Progressive Party [PPP]",,,,"Uganda"
"Uganda Farmers Party",,,,"Uganda"
"Uganda Federal Alliance",,,,"Uganda"
"Uganda Federal Alliance (UFA)",,,,"Uganda"
"Uganda Federal Alliance [UFA]",,,,"Uganda"
"Uganda Patriotic Movement (defunct)",,,,"Uganda"
"Uganda People's Congress",4524,"UPC","Uganda People's Congress","Uganda"
"Uganda People's Party (UPP)",,,,"Uganda"
"Uganda Peoples Congress (UPC)",4524,"UPC","Uganda People's Congress","Uganda"
"Uganda Peoples Congress [UPC]",4524,"UPC","Uganda People's Congress","Uganda"
"Uganda Peoples' Congress (UPC)",4524,"UPC","Uganda People's Congress","Uganda"
"Uganda People´s Congress",4524,"UPC","Uganda People's Congress","Uganda"
"Uganda Young Democrats",,,,"Uganda"
"United Uganda People's Party (UUPP)",,,,"Uganda"
"Wahb Yeka Party",,,,"Uganda"
"""Independence""",,,,"Ukraine"
"'People's Self-defense' (Yu.Lutsenko)",,,,"Ukraine"
"'Woman for the Future' All-Ukrainian Political Union",,,,"Ukraine"
"Agrarian Party of Ukraine",2215,"APU","Agrarian Party of Ukraine","Ukraine"
"All Ukrainian Union 'Fatherland'",3266,"Fath","All Ukrainian Union ""Fatherland""","Ukraine"
"All Ukrainian Union 'Freedom'",3267,"Fre","All Ukrainian Union ""Freedom"" / Svoboda","Ukraine"
"All-Ukraine Association 'Gromada'",3554,"H","Hromada","Ukraine"
"All-Ukrainian Party 'Female Initiatives'",,,,"Ukraine"
"All-Ukrainian Party 'New Power'",,,,"Ukraine"
"All-Ukrainian Party of Workers",,,,"Ukraine"
"All-Ukrainian Union ""Fatherland""",3266,"Fath","All Ukrainian Union ""Fatherland""","Ukraine"
"All-Ukrainian Union ""Svoboda""",3267,"Fre","All Ukrainian Union ""Freedom"" / Svoboda","Ukraine"
"All-Ukrainian Union Freedom",3267,"Fre","All Ukrainian Union ""Freedom"" / Svoboda","Ukraine"
"All-Ukrainian association «Batkivshchyna»",3266,"Fath","All Ukrainian Union ""Fatherland""","Ukraine"
"All-Ukrainian association «Svoboda»",3267,"Fre","All Ukrainian Union ""Freedom"" / Svoboda","Ukraine"
"All-Ukrainian union 'Freedom' (O.Tyagnybok)",3267,"Fre","All Ukrainian Union ""Freedom"" / Svoboda","Ukraine"
"Batkivshchyna",3266,"Fath","All Ukrainian Union ""Fatherland""","Ukraine"
"Bloc 'Our Ukraine'",8366,"OU","Our Ukraine","Ukraine"
"Bloc Yuliya Tymoshenko/ All-Ukrainian Union Fatherland",,,,"Ukraine"
"Bloc of Natalya Vitrenko 'Peoples' opposition'",,,,"Ukraine"
"Bloc of Yulia Tymoshenko",2228,"BYuT","Yulia Tymoshenko Bloc","Ukraine"
"Block 'Our Ukraine - People's self-defense'",2231,"BNU — NS","Our Ukraine — People's Self-Defense Bloc","Ukraine"
"Block Our Ukraine",8366,"OU","Our Ukraine","Ukraine"
"Block of Lytvyn",2230,"LB","Lytvyn Bloc","Ukraine"
"Block of Yulia Tymoshenko",2228,"BYuT","Yulia Tymoshenko Bloc","Ukraine"
"Christian democratic party of Ukraine",2218,"KhDPU","Christian Democratic Party of Ukraine","Ukraine"
"Christian-Democratic Party",2218,"KhDPU","Christian Democratic Party of Ukraine","Ukraine"
"Citizen's Congress of Ukraine",,,,"Ukraine"
"Civic position",4780,"GP","Civic Position (Anatolii Grytsenko)","Ukraine"
"Civil Position",4780,"GP","Civic Position (Anatolii Grytsenko)","Ukraine"
"Civil bloc PORA-PRP",,,,"Ukraine"
"Communist Party",6985,"KPU","Communist Party of Ukraine","Ukraine"
"Communist Party of Ukraine",6985,"KPU","Communist Party of Ukraine","Ukraine"
"Communist Party of Ukraine (renew)",8250,"KPUo","Communist Party of Ukraine (renewed)","Ukraine"
"Communist Party of Workers and Peasants",8251,"KPRS","Communist Party of Workers and Peasants","Ukraine"
"Communist party of Ukraine",6985,"KPU","Communist Party of Ukraine","Ukraine"
"Communistic Party of Ukraine",6985,"KPU","Communist Party of Ukraine","Ukraine"
"Congress of Ukrainian Nationalists",2221,"KUN","Congress of Ukrainian Nationalists","Ukraine"
"Congress of Ukrainian nationalists",2221,"KUN","Congress of Ukrainian Nationalists","Ukraine"
"Constitutional-Democratic Party",2535,"Viche","Constitutional Democratic Party — Viche Party","Ukraine"
"Democratic Party of Ukraine",2222,"DPU","Democratic Party of Ukraine","Ukraine"
"Demokratychna Partiya Ukrainy (DPU) - Democratic Party of Ukraine",2222,"DPU","Democratic Party of Ukraine","Ukraine"
"Election bloc of Political Parties 'Democratic Party of Ukra",,,,"Ukraine"
"Election bloc of Political Parties 'For One Ukraine!'",2224,"ZYU","For a United Ukraine!","Ukraine"
"Election bloc of Political Parties 'Juliya Tymoshenko electi",,,,"Ukraine"
"Election bloc of Political Parties 'Nataliya Vitrenko Bloc'",,,,"Ukraine"
"Election bloc of Political Parties 'People's Movement of Ukr",,,,"Ukraine"
"Election bloc of Political Parties 'Ruses bloc'",,,,"Ukraine"
"Election bloc of Political Parties 'Victor Yushchenko Bloc '",,,,"Ukraine"
"Election bloc of Political Parties 'ZUBR' (For Ukraine, Byel",,,,"Ukraine"
"Electoral Block 'Democratic Parties NEP'",,,,"Ukraine"
"Electoral Block 'European Choice of Ukraine'",,,,"Ukraine"
"Electoral Block 'Go On, Ukraine'",2225,"VU","Forward, Ukraine!","Ukraine"
"Electoral Block 'Labour Party'",,,,"Ukraine"
"Electoral Block 'Labour Ukraine'",,,,"Ukraine"
"Electoral Block 'Less Words'",,,,"Ukraine"
"Electoral Block 'SLON - Social-Liberal Association'",,,,"Ukraine"
"Electoral Block of Parties 'National Front'",2223,"NF","Electoral Bloc ""National Front""","Ukraine"
"Electoral Block of Socialist Party of Ukraine",,,,"Ukraine"
"Europe Party (Volunteered)",,,,"Ukraine"
"European solidarity",4778,"BPP","European Solidarity / Petro Poroshenko Bloc","Ukraine"
"Freedom Party",3267,"Fre","All Ukrainian Union ""Freedom"" / Svoboda","Ukraine"
"Front for Change",,,,"Ukraine"
"Grazhdanskij Kongress Ukrainy (GKU)",,,,"Ukraine"
"Green Party",2226,"PZU","Party of Greens of Ukraine","Ukraine"
"Green Peace Party of Ukraine",,,,"Ukraine"
"Green party",2226,"PZU","Party of Greens of Ukraine","Ukraine"
"Inter-Regional Block of Reforms",2227,"MBR","Interregional Reform Bloc","Ukraine"
"Julia Timoshenkos Block",2228,"BYuT","Yulia Tymoshenko Bloc","Ukraine"
"Khrystiyansko-Demokratychna Partiya Ukrainy (KhDPU/UKhDP) - Christian Democratic Party of Ukraine",2218,"KhDPU","Christian Democratic Party of Ukraine","Ukraine"
"Komunistychna Partiya Ukrainy (KPU) - Communist Party of Ukraine",6985,"KPU","Communist Party of Ukraine","Ukraine"
"Kongres ukrainskich nacionalistiv (KUN)- Congress of Ukrainian Nationalists",2221,"KUN","Congress of Ukrainian Nationalists","Ukraine"
"Konstitucijno-demokratina Partija Ukraini",2535,"Viche","Constitutional Democratic Party — Viche Party","Ukraine"
"Labour Party of Ukraine",2229,"PT","Labour Party","Ukraine"
"Liberal Democratic Party",3158,"LDPU","Liberal Democratic Party of Ukraine","Ukraine"
"Liberal Party of Ukraine",8253,"LPU","Liberal Party of Ukraine","Ukraine"
"Liberalna Partiya Ukrainy (LPU) - Liberal Party of Ukraine",8253,"LPU","Liberal Party of Ukraine","Ukraine"
"Liberalno-Demokratychna Partiya Ukrainy (LDPU)",3158,"LDPU","Liberal Democratic Party of Ukraine","Ukraine"
"Lytvyn Bloc",2230,"LB","Lytvyn Bloc","Ukraine"
"Lytvyn Block",2230,"LB","Lytvyn Bloc","Ukraine"
"Lytvyn's block / People's party",,,,"Ukraine"
"Lytvyns block/ Peoples Party",,,,"Ukraine"
"Mizhrehionalnyi Blok Reformiv (MBR)",2227,"MBR","Interregional Reform Bloc","Ukraine"
"Movement of New Forces",,,,"Ukraine"
"N. Vitrenkots Block",,,,"Ukraine"
"Narodnij Ruch Ukraini (RUCH)",2207,"Rukh","People's Movement of Ukraine","Ukraine"
"Narodno-demokratina Partija Ukraini - Peoples Democratic Party of Ukraine",2206,"NDPU","People's Democratic Party of Ukraine","Ukraine"
"Obednannja Nova Ukraina",,,,"Ukraine"
"Oleh Liashko's Radical party",4774,"RP","Radical Party of Oleh Lyashko","Ukraine"
"Opposition Bloc",4779,"OB","Opposition Bloc","Ukraine"
"Opposition Block",4779,"OB","Opposition Bloc","Ukraine"
"Opposition Platform - For Life",7922,"OPFL","Opposition Platform — For Life","Ukraine"
"Oppositional bloc 'NOT THIS WAY'",,,,"Ukraine"
"Our Ukraine",8366,"OU","Our Ukraine","Ukraine"
"Our Ukraine / People's Self-Defence / People's Movement of UA",,,,"Ukraine"
"Our Ukraine /Peoples Self-Defence /Peoples Movement of Ukraine",,,,"Ukraine"
"Our Ukraine Bloc",8366,"OU","Our Ukraine","Ukraine"
"Our Ukraine Bloc - Narodnaya Samooborona",,,,"Ukraine"
"PSPU (Volunteered)",2208,"PSPU","Progressive Socialist Party of the Ukraine","Ukraine"
"Partiia «Opozytsiinyi blok»",4779,"OB","Opposition Bloc","Ukraine"
"Partija slovjanskoednosti Ukraini",,,,"Ukraine"
"Partiya Ekonomicheskogo Vozrozhdeniya Kryma (PEVK)",2233,"PEVK","Party of Economic Revival of Crimea","Ukraine"
"Partiya Truda Ukrainy (PTU)",6072,"PP","Party of Labor","Ukraine"
"Partiya Zelenykh Ukrainy (PZU)",2226,"PZU","Party of Greens of Ukraine","Ukraine"
"Party ""Soyuz""",,,,"Ukraine"
"Party 'New Generation of Ukraine'",,,,"Ukraine"
"Party 'PUNCH' of Vitaly Klychko",5825,"UDAR-VK","Ukrainian Democratic Alliance for Reform","Ukraine"
"Party 'Ukrainian National Assembly'",2213,"UNA","Ukrainian National Assembly","Ukraine"
"Party 'Veche'",2535,"Viche","Constitutional Democratic Party — Viche Party","Ukraine"
"Party of Fatherland's Defenders",,,,"Ukraine"
"Party of Greens of Ukraine",2226,"PZU","Party of Greens of Ukraine","Ukraine"
"Party of Muslims of Ukraine",,,,"Ukraine"
"Party of National-Economic Development",,,,"Ukraine"
"Party of Regions",2234,"PR","Party of Regions","Ukraine"
"Party of Rehabilitation of Invalids of Ukraine",,,,"Ukraine"
"Party of Shariy",,,,"Ukraine"
"Party of Slavonic Unity of Ukraine",,,,"Ukraine"
"Party of regions",2234,"PR","Party of Regions","Ukraine"
"Party «Holos»",7923,"H","Voice","Ukraine"
"Party «Hroisman's Ukrainian Strategy»",,,,"Ukraine"
"Party «Opozytsiina platforma – Za zhyttia»",7922,"OPFL","Opposition Platform — For Life","Ukraine"
"Party «Sluha narodu»",7921,"SN","Servant of the People","Ukraine"
"Party «Syla i chest»",,,,"Ukraine"
"Party «Yevropeiska solidarnist»",4778,"BPP","European Solidarity / Petro Poroshenko Bloc","Ukraine"
"Patriot of Ukraine",,,,"Ukraine"
"Peasant Party of Ukraine",2205,"SelPU","Peasant Party of Ukraine","Ukraine"
"Peasants Party of Ukraine",2205,"SelPU","Peasant Party of Ukraine","Ukraine"
"People's Front (Yatsenyuk, Turchinov)",4773,"NF","People's Front","Ukraine"
"People's Ruks of Ukraine",2207,"Rukh","People's Movement of Ukraine","Ukraine"
"People's Self-Defense Bloc",,,,"Ukraine"
"People's party of Ukraine",,,,"Ukraine"
"People's-Democratic Party",2206,"NDPU","People's Democratic Party of Ukraine","Ukraine"
"People`s Movement of Ukraine(Kostenko)",,,,"Ukraine"
"People`s democratic Party of Ukraine",2206,"NDPU","People's Democratic Party of Ukraine","Ukraine"
"Peoples Movement of Ukraine(Udovenko)",,,,"Ukraine"
"Peoples' bloc of Lytvyn",2230,"LB","Lytvyn Bloc","Ukraine"
"Political party 'Civil position' (A.Grytsenko)",4780,"GP","Civic Position (Anatolii Grytsenko)","Ukraine"
"Political party 'Front of changes' (A.Yatsenuk)",,,,"Ukraine"
"Political party 'Our Ukraine' (V.Yuschenko)",8366,"OU","Our Ukraine","Ukraine"
"Political pary 'Power Ukraine' (S.Tygypko)",3178,"SU","Strong Ukraine","Ukraine"
"Pora PRP",,,,"Ukraine"
"Praviy Sector (Volunteered)",4775,"PS","Right Sector","Ukraine"
"Pravyi Sector (Yarosh)",4775,"PS","Right Sector","Ukraine"
"Progressive Socialist Party",2208,"PSPU","Progressive Socialist Party of the Ukraine","Ukraine"
"Progressive Socialist Party of Ukraine",2208,"PSPU","Progressive Socialist Party of the Ukraine","Ukraine"
"Progressive Socialist party of Ukraine",2208,"PSPU","Progressive Socialist Party of the Ukraine","Ukraine"
"Progressive socialist party of Ukraine",2208,"PSPU","Progressive Socialist Party of the Ukraine","Ukraine"
"Progressive socialistic party of Ukraine",2208,"PSPU","Progressive Socialist Party of the Ukraine","Ukraine"
"Radical Party of Oleh Lyashko",4774,"RP","Radical Party of Oleh Lyashko","Ukraine"
"Radical party (Lyashko)",4774,"RP","Radical Party of Oleh Lyashko","Ukraine"
"Radikal Party (Volunteered)",4774,"RP","Radical Party of Oleh Lyashko","Ukraine"
"Reforms and Order",5548,"PRP","Party Reform and Order","Ukraine"
"Region Revival of Ukraine",,,,"Ukraine"
"Regions Party",2234,"PR","Party of Regions","Ukraine"
"Republican Christian Party",,,,"Ukraine"
"Rodina (Volunteered)",,,,"Ukraine"
"Russian Unity",,,,"Ukraine"
"Samopomosh",4776,"SP","Self Reliance Party","Ukraine"
"Selianska Partiya Ukrainy (SelPu)",2205,"SelPU","Peasant Party of Ukraine","Ukraine"
"Servant of the people",7921,"SN","Servant of the People","Ukraine"
"Shariy's Party",,,,"Ukraine"
"Social-Democratic Party",8270,"SDPU","Social Democratic Party of Ukraine","Ukraine"
"Social-Democratic Party of Ukraine (united)",2210,"SDPU(O)","Social Democratic Party of Ukraine (United)","Ukraine"
"Social-National Party",,,,"Ukraine"
"Social-democratic Party of Ukraine",8270,"SDPU","Social Democratic Party of Ukraine","Ukraine"
"Socialist Party of Ukraine",2211,"SPU","Socialist Party of the Ukraine","Ukraine"
"Socialist party of Ukraine",2211,"SPU","Socialist Party of the Ukraine","Ukraine"
"Socialistic Democratic Party (United)",2210,"SDPU(O)","Social Democratic Party of Ukraine (United)","Ukraine"
"Socialistic democratic Party (united)",2210,"SDPU(O)","Social Democratic Party of Ukraine (United)","Ukraine"
"Socialistic democratic Unity",,,,"Ukraine"
"Socialistic national party of Ukraine",,,,"Ukraine"
"Socialistic party (Rud'kovskiy)",2211,"SPU","Socialist Party of the Ukraine","Ukraine"
"Socialistic party of Ukraine",2211,"SPU","Socialist Party of the Ukraine","Ukraine"
"Solidarnost (Volunteered)",,,,"Ukraine"
"Solidarnost-BPP (Poroshenko)",4778,"BPP","European Solidarity / Petro Poroshenko Bloc","Ukraine"
"Sotsial-Demokratychna Partiya Ukrainy (SDPU)",8270,"SDPU","Social Democratic Party of Ukraine","Ukraine"
"Sotsialtstychna Partiya Ukrainy (SocPU) - Socialistic Party of Ukraine",2211,"SPU","Socialist Party of the Ukraine","Ukraine"
"Strength and Honor",,,,"Ukraine"
"Strong Ukraine",3178,"SU","Strong Ukraine","Ukraine"
"The ""People's Force"" Syla Lyudey Party",,,,"Ukraine"
"The Bloc of Vladimir Litvin",2230,"LB","Lytvyn Bloc","Ukraine"
"The Bloc of Yulia Tymoshenko",2228,"BYuT","Yulia Tymoshenko Bloc","Ukraine"
"The Communist Party of Ukraine",6985,"KPU","Communist Party of Ukraine","Ukraine"
"The Green Party of Ukraine",2226,"PZU","Party of Greens of Ukraine","Ukraine"
"The Party of Regions",2234,"PR","Party of Regions","Ukraine"
"Trust the deeds",,,,"Ukraine"
"UDAR (Ukrainian Democratic Alliance for Reform) of Vitali Klitschko",5825,"UDAR-VK","Ukrainian Democratic Alliance for Reform","Ukraine"
"UDAR Party",5825,"UDAR-VK","Ukrainian Democratic Alliance for Reform","Ukraine"
"UNA-UNSO",,,,"Ukraine"
"Ukrainian Christian-Democratic",2218,"KhDPU","Christian Democratic Party of Ukraine","Ukraine"
"Ukrainian Democratic Alliance for Reform",5825,"UDAR-VK","Ukrainian Democratic Alliance for Reform","Ukraine"
"Ukrainian Party of Justice",,,,"Ukraine"
"Ukrainian Peoples' bloc of Kostenko and Plyusch",,,,"Ukraine"
"Ukrainian Political Party 'Christian Movement'",,,,"Ukraine"
"Ukrainian Republican Party",2214,"URP","Ukrainian Republican Party","Ukraine"
"Ukrainian Sea Party",,,,"Ukraine"
"Ukrainian Strategy Party",,,,"Ukraine"
"Ukrainian republican party",2214,"URP","Ukrainian Republican Party","Ukraine"
"Ukrainska Konservatyvna Republikanska Partiya (UKRP)",2212,"UKRP","Ukrainian Conservative Republican Party","Ukraine"
"Ukrainska Natsionalna Assembleia (UNA)",2213,"UNA","Ukrainian National Assembly","Ukraine"
"Ukrainska Republikanska Partiya (URP) - Ukrainian Republic Party",2214,"URP","Ukrainian Republican Party","Ukraine"
"Ukrainska Selianska Demokratychna Partiya (USDP)",,,,"Ukraine"
"Ukrainska partija ljubiteliv piva",,,,"Ukraine"
"Union",,,,"Ukraine"
"Union ""Self Reliance""",4776,"SP","Self Reliance Party","Ukraine"
"United Centre party",,,,"Ukraine"
"United Gromada",,,,"Ukraine"
"Viche",2535,"Viche","Constitutional Democratic Party — Viche Party","Ukraine"
"Voice",7923,"H","Voice","Ukraine"
"Vpered, Ukrayino! (Forward Ukraine)",2225,"VU","Forward, Ukraine!","Ukraine"
"Vseukrainske politicne obednannja Derzavnakij kongres",,,,"Ukraine"
"Yulia Tymoshenko Bloc",2228,"BYuT","Yulia Tymoshenko Bloc","Ukraine"
"Yulia Tymoshenko Bloc / All-Ukrainian Union Fatherland",,,,"Ukraine"
"Alliance",1477,"All","Alliance Party of Northern Ireland","United Kingdom"
"Alliance (Liberal/ Social Democratic Alliance)",1388,"LD","Liberal Democrats","United Kingdom"
"Alliance (Northern Ireland)",1477,"All","Alliance Party of Northern Ireland","United Kingdom"
"Alliance <Mainland>",1388,"LD","Liberal Democrats","United Kingdom"
"Alliance Party",1477,"All","Alliance Party of Northern Ireland","United Kingdom"
"Alliance Party (nir)",1477,"All","Alliance Party of Northern Ireland","United Kingdom"
"Aontu",,,,"United Kingdom"
"Brexit Party",7364,"BP","Brexit Party","United Kingdom"
"British National Party",855,"BNP","British National Party","United Kingdom"
"Camp Equal Citizenship",,,,"United Kingdom"
"Communist Party",116,"CPGB","Communist Party of Great Britain","United Kingdom"
"Conservative",1567,"Con","Conservatives","United Kingdom"
"Conservative - CONS",1567,"Con","Conservatives","United Kingdom"
"Conservative Party",1567,"Con","Conservatives","United Kingdom"
"Conservative Party - CONS",1567,"Con","Conservatives","United Kingdom"
"Conservative Party CON",1567,"Con","Conservatives","United Kingdom"
"Conservative and Unionist Party",1567,"Con","Conservatives","United Kingdom"
"DUP",335,"DUP","Democratic Unionist Party","United Kingdom"
"Dem. Union",335,"DUP","Democratic Unionist Party","United Kingdom"
"Dem.Unionist Party",335,"DUP","Democratic Unionist Party","United Kingdom"
"Democr,SLD,Liberal",,,,"United Kingdom"
"Democrat,SLD,Liberal",,,,"United Kingdom"
"Democratic Unionist P",335,"DUP","Democratic Unionist Party","United Kingdom"
"Democratic Unionist Party",335,"DUP","Democratic Unionist Party","United Kingdom"
"Democratic Unionist Party (DUP)",335,"DUP","Democratic Unionist Party","United Kingdom"
"Democratic Unionist Party (nir)",335,"DUP","Democratic Unionist Party","United Kingdom"
"Democratic Unionist Party - DUP",335,"DUP","Democratic Unionist Party","United Kingdom"
"Democratic Unionist Party-DUP",335,"DUP","Democratic Unionist Party","United Kingdom"
"Green Party",1794,"GP","Green Party of England and Wales","United Kingdom"
"Green Party (nir)",8240,"GP-NI","Green Party in Northern Ireland","United Kingdom"
"Green Party GRN",1794,"GP","Green Party of England and Wales","United Kingdom"
"Green Pty,greens",1794,"GP","Green Party of England and Wales","United Kingdom"
"Green party",1794,"GP","Green Party of England and Wales","United Kingdom"
"Independence Party",601,"UKIP","United Kingdom Independence Party","United Kingdom"
"Labor Party",1516,"Lab","Labour","United Kingdom"
"Labour",1516,"Lab","Labour","United Kingdom"
"Labour - LAB",1516,"Lab","Labour","United Kingdom"
"Labour Party",1516,"Lab","Labour","United Kingdom"
"Labour Party - LAB",1516,"Lab","Labour","United Kingdom"
"Labour Party LAB",1516,"Lab","Labour","United Kingdom"
"Labour Party in Northern Ireland",8757,"NILP","Northern Ireland Labour Party","United Kingdom"
"Liberal Alliance",1388,"LD","Liberal Democrats","United Kingdom"
"Liberal Democrat",1388,"LD","Liberal Democrats","United Kingdom"
"Liberal Democrat Party LD",1388,"LD","Liberal Democrats","United Kingdom"
"Liberal Democrats",1388,"LD","Liberal Democrats","United Kingdom"
"Liberal Democrats - SLD",1388,"LD","Liberal Democrats","United Kingdom"
"Liberal Democrats, SLD",1388,"LD","Liberal Democrats","United Kingdom"
"Liberal Democrats,LD",1388,"LD","Liberal Democrats","United Kingdom"
"Liberal Democrats,SLD",1388,"LD","Liberal Democrats","United Kingdom"
"N.I. Conservative Party",1567,"Con","Conservatives","United Kingdom"
"NI Unionist Party",1366,"UUP","Ulster Unionist Party","United Kingdom"
"NIRL:SDLP",762,"SDLP","Social Democratic and Labour Party","United Kingdom"
"NIalliance",1477,"All","Alliance Party of Northern Ireland","United Kingdom"
"Nationalist",1623,"N","Nationalist Party","United Kingdom"
"Northern Ireland Liberal Democrats",1388,"LD","Liberal Democrats","United Kingdom"
"Northern Ireland Unionist Party",1366,"UUP","Ulster Unionist Party","United Kingdom"
"Off. Union.",1366,"UUP","Ulster Unionist Party","United Kingdom"
"Off.,Ulster Union P",1366,"UUP","Ulster Unionist Party","United Kingdom"
"Official/Ulster Unionist Party (OUP)",1366,"UUP","Ulster Unionist Party","United Kingdom"
"Other Party: UKIP, BNP/NF, Scottish Socialist/Respect/Socialist",,,,"United Kingdom"
"PUP",8758,"PUP","Progressive Unionist Party","United Kingdom"
"People Before Profit",,,,"United Kingdom"
"Plaid Cymru",1002,"Plaid","Plaid Cymru — the Party of Wales","United Kingdom"
"Plaid Cymru - PC",1002,"Plaid","Plaid Cymru — the Party of Wales","United Kingdom"
"Plaid Cymru PC",1002,"Plaid","Plaid Cymru — the Party of Wales","United Kingdom"
"Progressive Unionist",8758,"PUP","Progressive Unionist Party","United Kingdom"
"Progressive Unionist P",8758,"PUP","Progressive Unionist Party","United Kingdom"
"Progressive Unionist Party (PUP)",8758,"PUP","Progressive Unionist Party","United Kingdom"
"Progressive Unionist Party - PUP",8758,"PUP","Progressive Unionist Party","United Kingdom"
"Referendum Party",825,"RP","Referendum Party","United Kingdom"
"Reform UK",,,,"United Kingdom"
"Reform UK (The Brexit Party)",7364,"BP","Brexit Party","United Kingdom"
"SDLP",762,"SDLP","Social Democratic and Labour Party","United Kingdom"
"SDP (Social Democrat, SLD, Liberal, Alliance <Mainland>",,,,"United Kingdom"
"SDP/ Social Democrat Party",957,"SDP","Social Democratic Party","United Kingdom"
"SNP (Scot National)",986,"SNP","Scottish National Party","United Kingdom"
"SNP/ Scottish Nationalist Party",986,"SNP","Scottish National Party","United Kingdom"
"SNP/Scottish Nationalist Party",986,"SNP","Scottish National Party","United Kingdom"
"Scottish National Party",986,"SNP","Scottish National Party","United Kingdom"
"Scottish National Party (SNP)",986,"SNP","Scottish National Party","United Kingdom"
"Scottish National Party - SNP",986,"SNP","Scottish National Party","United Kingdom"
"Scottish National Party SNP",986,"SNP","Scottish National Party","United Kingdom"
"Scottish Nationalists",986,"SNP","Scottish National Party","United Kingdom"
"Sinn Fein",963,"SF","Sinn Fein","United Kingdom"
"Sinn Fein (nir)",963,"SF","Sinn Fein","United Kingdom"
"Sinn Féin (nir)",963,"SF","Sinn Fein","United Kingdom"
"Social Democrat",957,"SDP","Social Democratic Party","United Kingdom"
"Social Democratic & Labour Party (SDLP)",762,"SDLP","Social Democratic and Labour Party","United Kingdom"
"Social Democratic Party (SDP)",957,"SDP","Social Democratic Party","United Kingdom"
"Social Democratic Party - SDP",957,"SDP","Social Democratic Party","United Kingdom"
"Social Democratic and Labour Party",762,"SDLP","Social Democratic and Labour Party","United Kingdom"
"Social Democratic and Labour Party (nir)",762,"SDLP","Social Democratic and Labour Party","United Kingdom"
"Social Democratic and Labour Party - SDLP",762,"SDLP","Social Democratic and Labour Party","United Kingdom"
"Social Democratic and Labour Party-SDLP",762,"SDLP","Social Democratic and Labour Party","United Kingdom"
"Social Democratic+Labour Party,SDLP",762,"SDLP","Social Democratic and Labour Party","United Kingdom"
"Social democratic and Labour Party",762,"SDLP","Social Democratic and Labour Party","United Kingdom"
"The Brexit Party",7364,"BP","Brexit Party","United Kingdom"
"Traditional Unionist (nir)",,,,"United Kingdom"
"Traditional Unionist Party (nir)",,,,"United Kingdom"
"Traditional Unionist Voice",,,,"United Kingdom"
"UDP",,,,"United Kingdom"
"UK Independence Party",601,"UKIP","United Kingdom Independence Party","United Kingdom"
"UK Independence Party (UKIP)",601,"UKIP","United Kingdom Independence Party","United Kingdom"
"UK Unionist",8263,"UKUP","UK Unionist Party","United Kingdom"
"UK Unionist Party",8263,"UKUP","UK Unionist Party","United Kingdom"
"Uk Independence Party",601,"UKIP","United Kingdom Independence Party","United Kingdom"
"Ulster Democratic Party",,,,"United Kingdom"
"Ulster Democratic Party (UDP)",,,,"United Kingdom"
"Ulster Democratic Party - UUP",,,,"United Kingdom"
"Ulster Union Party",1366,"UUP","Ulster Unionist Party","United Kingdom"
"Ulster Unionist",1366,"UUP","Ulster Unionist Party","United Kingdom"
"Ulster Unionist Party",1366,"UUP","Ulster Unionist Party","United Kingdom"
"Ulster Unionist Party (UUP)",1366,"UUP","Ulster Unionist Party","United Kingdom"
"Ulster Unionist Party (nir)",1366,"UUP","Ulster Unionist Party","United Kingdom"
"Ulster Unionist Party - UUP",1366,"UUP","Ulster Unionist Party","United Kingdom"
"Ulster Unionist Party-UUP",1366,"UUP","Ulster Unionist Party","United Kingdom"
"United Kingdom Independence Party",601,"UKIP","United Kingdom Independence Party","United Kingdom"
"Women's Coalition (nir)",8272,"NIWC","Northern Ireland Women's Coalition","United Kingdom"
"Womens Coalition",8272,"NIWC","Northern Ireland Women's Coalition","United Kingdom"
"Womens coalition",8272,"NIWC","Northern Ireland Women's Coalition","United Kingdom"
"Women´s Coalition",8272,"NIWC","Northern Ireland Women's Coalition","United Kingdom"
"Workers Party",8360,"PO","Workers' Party of Ireland","United Kingdom"
"Workers party",8360,"PO","Workers' Party of Ireland","United Kingdom"
"labour - LAB",1516,"Lab","Labour","United Kingdom"
"sdlp",762,"SDLP","Social Democratic and Labour Party","United Kingdom"
"snp",986,"SNP","Scottish National Party","United Kingdom"
"ulster unionist",1366,"UUP","Ulster Unionist Party","United Kingdom"
"Democrat",432,"Dem","Democratic Party","United States"
"Democrat (Obama)",432,"Dem","Democratic Party","United States"
"Democratic Party",432,"Dem","Democratic Party","United States"
"Green Party of the United States",,,,"United States"
"Libertarian",2291,"LP","Libertarian Party","United States"
"Reform Party",3557,"RPUSA","Reform Party USA","United States"
"Republican",809,"Rep","Republican Party","United States"
"Republican (Romney)",809,"Rep","Republican Party","United States"
"Republican Party",809,"Rep","Republican Party","United States"
"Broad Front",1658,"FA/EP","Broad Front / Progressive Encounter","Uruguay"
"Colorado Party",1419,"PC","Colorado Party","Uruguay"
"Digital Party",,,,"Uruguay"
"Frente Amplio",1658,"FA/EP","Broad Front / Progressive Encounter","Uruguay"
"Green Animalist Party",,,,"Uruguay"
"Independent Party",518,"PI","Independent Party","Uruguay"
"Intransigent Radical Ecology Party",9284,"PERI","Intransigent Radical Ecologist Party","Uruguay"
"Liberal Party",,,,"Uruguay"
"National Party",118,"PN","National Party","Uruguay"
"Nuevo Espacio",3671,"NE","New Space","Uruguay"
"Open Cabildo",8123,"CA","Open Cabildo","Uruguay"
"Partido Colorado",1419,"PC","Colorado Party","Uruguay"
"Partido Independiente",518,"PI","Independent Party","Uruguay"
"Partido Nacional",118,"PN","National Party","Uruguay"
"Party of the People",9285,"PG","Party of the People","Uruguay"
"People's Party",9285,"PG","Party of the People","Uruguay"
"Popular Assembly",,,,"Uruguay"
"Popular Unity",8743,"UP","Popular Unity","Uruguay"
"Red Party",1419,"PC","Colorado Party","Uruguay"
"Red Party, Partido Colorado",,,,"Uruguay"
"The Digital Party",,,,"Uruguay"
"The Ecologist Radical Intransigent Party",9284,"PERI","Intransigent Radical Ecologist Party","Uruguay"
"The Green Animalist Party",,,,"Uruguay"
"UY: Asamblea Popular",,,,"Uruguay"
"UY: Cabildo Abierto",8123,"CA","Open Cabildo","Uruguay"
"UY: Coalicion Multicolor",,,,"Uruguay"
"UY: Encuentro Progresista-Frente Amplio",1658,"FA/EP","Broad Front / Progressive Encounter","Uruguay"
"UY: Frente Amplio (FA)",1658,"FA/EP","Broad Front / Progressive Encounter","Uruguay"
"UY: Nuevo Espacio",3671,"NE","New Space","Uruguay"
"UY: Partido Colorado (PC)",1419,"PC","Colorado Party","Uruguay"
"UY: Partido De La Gente",9285,"PG","Party of the People","Uruguay"
"UY: Partido Digital",,,,"Uruguay"
"UY: Partido Ecologista Radical Intransigente (PERI)",9284,"PERI","Intransigent Radical Ecologist Party","Uruguay"
"UY: Partido Independiente (PI)",518,"PI","Independent Party","Uruguay"
"UY: Partido Nacional (PN)",118,"PN","National Party","Uruguay"
"UY: Partido Verde Animalista",,,,"Uruguay"
"UY: Partido de los Trabajadores",,,,"Uruguay"
"UY: Union popular",4794,"PU","Popular Union","Uruguay"
"UY: Unión popular",4794,"PU","Popular Union","Uruguay"
"Wide Front Party",1658,"FA/EP","Broad Front / Progressive Encounter","Uruguay"
"Wide Front Party, Frente Amplio",,,,"Uruguay"
"Wide front Party",1658,"FA/EP","Broad Front / Progressive Encounter","Uruguay"
"Worker's Party",,,,"Uruguay"
"Democratic Party Milliy Tiklanish",5102,"OMTDP","Uzbekistan National Revival Democratic Party","Uzbekistan"
"Ecological Party of Uzbekistan",7320,"EMU","Ecological Movement of Uzbekistan","Uzbekistan"
"Liberal Democratic Party of Uzbekistan",5099,"OLDP","Uzbekistan Liberal Democratic Party","Uzbekistan"
"People's Democratic Party of Uzbekistan",5100,"OXDP","People's Democratic Party of Uzbekistan","Uzbekistan"
"Social Democratic Party ""Adolat",5101,"ASDP","Justice Social Democratic Party","Uzbekistan"
"A New Era",849,"UNT","A New Era","Venezuela"
"A New Era - Un Nuevo Tiempo (UNT)",849,"UNT","A New Era","Venezuela"
"A New Time - UNT (Social Democrat)",849,"UNT","A New Era","Venezuela"
"A New Time - UNT (Social-Democrat)",849,"UNT","A New Era","Venezuela"
"AD",862,"AD","Democratic Action","Venezuela"
"AD (Soc-Democr)",862,"AD","Democratic Action","Venezuela"
"AD Social Democrats",862,"AD","Democratic Action","Venezuela"
"ALIANZA BRAVO PUEBLO (Soc-Democr)",7982,"ABP","Fearless People's Alliance","Venezuela"
"Accion Democratica: AD",862,"AD","Democratic Action","Venezuela"
"Acci¢n Democr tica",862,"AD","Democratic Action","Venezuela"
"Acción Democrática",862,"AD","Democratic Action","Venezuela"
"Alianza al Bravo Pueblo",7982,"ABP","Fearless People's Alliance","Venezuela"
"Avanzada Progresista",7979,"AP","Progressive Advance","Venezuela"
"CAUSA R (Left)",4803,"LCR","Radical Cause","Venezuela"
"COPEI",4759,"COPEI","Political Electoral Independent Organization Committee / Social Christian Party / Green Party","Venezuela"
"COPEI (Cons)",4759,"COPEI","Political Electoral Independent Organization Committee / Social Christian Party / Green Party","Venezuela"
"COPEI - COPEI (COPEI)",4759,"COPEI","Political Electoral Independent Organization Committee / Social Christian Party / Green Party","Venezuela"
"Causa R (Left)",4803,"LCR","Radical Cause","Venezuela"
"Causa R Left",4803,"LCR","Radical Cause","Venezuela"
"Chavista (Left)",,,,"Venezuela"
"Chavista Left",,,,"Venezuela"
"Clear Accounts",7978,"CC","Clear Accounts","Venezuela"
"Communist Party of Venezuela",1483,"PCV","Communist Party of Venezuela","Venezuela"
"Convergencia",4804,"CN","National Convergence","Venezuela"
"Convergencia (Cons)",4804,"CN","National Convergence","Venezuela"
"Convergencia Cons",4804,"CN","National Convergence","Venezuela"
"Copei (Cons)",4759,"COPEI","Political Electoral Independent Organization Committee / Social Christian Party / Green Party","Venezuela"
"Copei Conservatives",4759,"COPEI","Political Electoral Independent Organization Committee / Social Christian Party / Green Party","Venezuela"
"Democratic Action",862,"AD","Democratic Action","Venezuela"
"Democratic Action - AD (Social Democrat)",862,"AD","Democratic Action","Venezuela"
"Democratic Action - AD (Social-Democrat)",862,"AD","Democratic Action","Venezuela"
"Democratic Action - Accion Democratica (AD)",862,"AD","Democratic Action","Venezuela"
"Electores de Miranda",,,,"Venezuela"
"Encuentro Nacional",,,,"Venezuela"
"Fatherland for All - Patria para Todos (PPT)",1356,"PPT","Fatherland for All","Venezuela"
"Fearless People's Alliance - Alianza Bravo Pueblo (ABP)",7982,"ABP","Fearless People's Alliance","Venezuela"
"Fifth Republic Movement - MVR (Left)",1754,"MVR","Fifth Republic Movement","Venezuela"
"First Justice - PJ (Liberal)",361,"PJ","Justice First","Venezuela"
"Frente de Trabajadores",,,,"Venezuela"
"Homeland for All - PPT",1356,"PPT","Fatherland for All","Venezuela"
"Homeland for All - PPT (Left)",1356,"PPT","Fatherland for All","Venezuela"
"Justice First",361,"PJ","Justice First","Venezuela"
"Justice First - Primero Justicia (PJ)",361,"PJ","Justice First","Venezuela"
"La Causa R",4803,"LCR","Radical Cause","Venezuela"
"MAS",646,"MAS","Movement toward Socialism","Venezuela"
"MAS (Center left)",646,"MAS","Movement toward Socialism","Venezuela"
"MAS Center left",646,"MAS","Movement toward Socialism","Venezuela"
"MESA UNIDAD  MUD",5095,"MUD","Democratic Unity Roundtable","Venezuela"
"MUD",5095,"MUD","Democratic Unity Roundtable","Venezuela"
"MUD (Mesa de Unidad Democr tica)",5095,"MUD","Democratic Unity Roundtable","Venezuela"
"MUD (Mesa de Unidad Democratica)",5095,"MUD","Democratic Unity Roundtable","Venezuela"
"MUD (Mesa de la Unidad Democrática)",5095,"MUD","Democratic Unity Roundtable","Venezuela"
"MUD (opposition)",5095,"MUD","Democratic Unity Roundtable","Venezuela"
"MVR",1754,"MVR","Fifth Republic Movement","Venezuela"
"MVR (Left)",1754,"MVR","Fifth Republic Movement","Venezuela"
"MVR Left",1754,"MVR","Fifth Republic Movement","Venezuela"
"Movement Toward Socialism - MAS (Center left)",646,"MAS","Movement toward Socialism","Venezuela"
"Movement for Socialism - Movimiento al Socialismo (MAS)",646,"MAS","Movement toward Socialism","Venezuela"
"Movimiento Primero Justicia",361,"PJ","Justice First","Venezuela"
"NUVIPA",,,,"Venezuela"
"Neighborhood Force - Fuerza Vecinal (FV)",,,,"Venezuela"
"PCV",1483,"PCV","Communist Party of Venezuela","Venezuela"
"PODEMOS",413,"PODEMOS","For Social Democracy","Venezuela"
"PODEMOS (Left)",413,"PODEMOS","For Social Democracy","Venezuela"
"PPT",1356,"PPT","Fatherland for All","Venezuela"
"PPT (Center left)",1356,"PPT","Fatherland for All","Venezuela"
"PPT Center left",1356,"PPT","Fatherland for All","Venezuela"
"PRIMERO JUSTICIA (Liberal)",361,"PJ","Justice First","Venezuela"
"PROYECTO VENEZUELA (Liberal)",4802,"PRVZL","Venezuela Project","Venezuela"
"PSUV",5094,"PSUV","United Socialist Party of Venezuela","Venezuela"
"PSUV (Left)",5094,"PSUV","United Socialist Party of Venezuela","Venezuela"
"PSUV (government)",5094,"PSUV","United Socialist Party of Venezuela","Venezuela"
"PUSV (Left)",5094,"PSUV","United Socialist Party of Venezuela","Venezuela"
"Patria para todos",1356,"PPT","Fatherland for All","Venezuela"
"Personalista",,,,"Venezuela"
"Podemos (Left)",413,"PODEMOS","For Social Democracy","Venezuela"
"Popular Will",7976,"VP","Popular Will","Venezuela"
"Popular Will - VP (Left)",7976,"VP","Popular Will","Venezuela"
"Popular Will - Voluntad Popular (VP)",7976,"VP","Popular Will","Venezuela"
"Primero Justicia",361,"PJ","Justice First","Venezuela"
"Primero Justicia (Liberal)",361,"PJ","Justice First","Venezuela"
"Progressive Advance",7979,"AP","Progressive Advance","Venezuela"
"Progressive Advance - Avanzada Progresista (AP)",7979,"AP","Progressive Advance","Venezuela"
"Project VE - Proyecto VE (PV)",4802,"PRVZL","Venezuela Project","Venezuela"
"Project Venezuela",4802,"PRVZL","Venezuela Project","Venezuela"
"Project Venezuela - PV (Liberal)",4802,"PRVZL","Venezuela Project","Venezuela"
"Proyecto Venezuela",4802,"PRVZL","Venezuela Project","Venezuela"
"Proyecto Venezuela (Liberal)",4802,"PRVZL","Venezuela Project","Venezuela"
"Revolutionary Cause - Causa R (Left)",4803,"LCR","Radical Cause","Venezuela"
"Revolutionary Cause - Cause R (Left)",4803,"LCR","Radical Cause","Venezuela"
"Revolutionary Movement Tupamaro - Movimiento Revolucionario Tupamaro (MRT)",9283,"Tupamaro","Revolutionary Movement Tupamaro","Venezuela"
"Social Christian Party - Copei (Conservative)",4759,"COPEI","Political Electoral Independent Organization Committee / Social Christian Party / Green Party","Venezuela"
"TUPAMARO",9283,"Tupamaro","Revolutionary Movement Tupamaro","Venezuela"
"TUPAMAROS",9283,"Tupamaro","Revolutionary Movement Tupamaro","Venezuela"
"TUPAMAROS (Left)",9283,"Tupamaro","Revolutionary Movement Tupamaro","Venezuela"
"UN NUEVO TIEMPO (Soc-Democr)",849,"UNT","A New Era","Venezuela"
"Un Nuevo Tiempo",849,"UNT","A New Era","Venezuela"
"Un Nuevo Tiempo (Liberal)",849,"UNT","A New Era","Venezuela"
"Un nuevo tiempo",849,"UNT","A New Era","Venezuela"
"United Socialist Party of VE - Partido Socialista Unido de VE (PSUV)",5094,"PSUV","United Socialist Party of Venezuela","Venezuela"
"United Socialist Party of Venezuela",5094,"PSUV","United Socialist Party of Venezuela","Venezuela"
"United Socialist Party of Venezuela - PSUV",5094,"PSUV","United Socialist Party of Venezuela","Venezuela"
"United Socialist Party of Venezuela - PSUV (Left)",5094,"PSUV","United Socialist Party of Venezuela","Venezuela"
"VE: Accion Democratica (AD)",862,"AD","Democratic Action","Venezuela"
"VE: Acción Democrática (AD)",862,"AD","Democratic Action","Venezuela"
"VE: Alianza Bravo Pueblo (ABP)",7982,"ABP","Fearless People's Alliance","Venezuela"
"VE: Alianza Democrática",,,,"Venezuela"
"VE: Alianza del Lapiz (LAPIZ)",,,,"Venezuela"
"VE: Alianza para el Cambio (APC)",,,,"Venezuela"
"VE: Apertura a la Participación Nacional",8127,"APN","Opening to National Participation","Venezuela"
"VE: Avanzada Progresista",7979,"AP","Progressive Advance","Venezuela"
"VE: Avanzada Progresista (AP)",7979,"AP","Progressive Advance","Venezuela"
"VE: Cambiemos Movimiento Ciudadano (CMC)",,,,"Venezuela"
"VE: Comite de Organizacion Politica Electoral Independiente (COPEI)",4759,"COPEI","Political Electoral Independent Organization Committee / Social Christian Party / Green Party","Venezuela"
"VE: Comite de Organización Política Electoral Independ (COPE",4759,"COPEI","Political Electoral Independent Organization Committee / Social Christian Party / Green Party","Venezuela"
"VE: Comite de Organización Política Electoral Independiente",4759,"COPEI","Political Electoral Independent Organization Committee / Social Christian Party / Green Party","Venezuela"
"VE: Comite de Organización Política Electoral Independiente (COPEI)",4759,"COPEI","Political Electoral Independent Organization Committee / Social Christian Party / Green Party","Venezuela"
"VE: Compromiso Pais (COMPA)",,,,"Venezuela"
"VE: Convergencia",4804,"CN","National Convergence","Venezuela"
"VE: Esperanza por El Cambio (EL CAMBIO)",9282,"EC","Hope for Change","Venezuela"
"VE: Frente Amplio Venezuela (FAVL)",,,,"Venezuela"
"VE: Fuerza Vecinal (FV)",,,,"Venezuela"
"VE: Gran Polo Patriótico Simón Bolívar (GPPSB)",,,,"Venezuela"
"VE: Independientes por el Progreso GENTE (IPP)",,,,"Venezuela"
"VE: Integración y Renovación Nueva Esperanza (IRENE)",,,,"Venezuela"
"VE: La Causa Radical (LCR)",4803,"LCR","Radical Cause","Venezuela"
"VE: MUD/ Unidad/ partidos de la unidad",5095,"MUD","Democratic Unity Roundtable","Venezuela"
"VE: Mesa de la Unidad Democratica (MUD)/ Unidad/ partidos de la unidad",5095,"MUD","Democratic Unity Roundtable","Venezuela"
"VE: Mesa de la Unidad Democrática (MUD)/ Unidad/ partidos de",5095,"MUD","Democratic Unity Roundtable","Venezuela"
"VE: Movimiento Bolivariano Revolucionario (MBR)-200",,,,"Venezuela"
"VE: Movimiento Electoral del Pueblo (MEP)",4805,"MEP","People's Electoral Movement","Venezuela"
"VE: Movimiento V República (MVR)",1754,"MVR","Fifth Republic Movement","Venezuela"
"VE: Movimiento al Socialismo (MAS)",646,"MAS","Movement toward Socialism","Venezuela"
"VE: Nueva Vision para mi Pais (NUVIPA)",,,,"Venezuela"
"VE: PIEDRA",,,,"Venezuela"
"VE: Partido Comunista de Venezuela (PCV)",1483,"PCV","Communist Party of Venezuela","Venezuela"
"VE: Partido Socialista Unido de Venezuela (PSUV)",5094,"PSUV","United Socialist Party of Venezuela","Venezuela"
"VE: Partido de la Oposición",,,,"Venezuela"
"VE: Patria Para Todos (PPT)",1356,"PPT","Fatherland for All","Venezuela"
"VE: Piensa en Democracia (PIEDRA)",,,,"Venezuela"
"VE: Por la Democracia Social (PODEMOS)",413,"PODEMOS","For Social Democracy","Venezuela"
"VE: Primero Justicia (PJ)",361,"PJ","Justice First","Venezuela"
"VE: Primero Venezuela (PV)",,,,"Venezuela"
"VE: Proyecto Venezuela (PV)",4802,"PRVZL","Venezuela Project","Venezuela"
"VE: Soluciones para Venezuela (SPV)",,,,"Venezuela"
"VE: Somos Venezuela (SV)",,,,"Venezuela"
"VE: Tupamaro",9283,"Tupamaro","Revolutionary Movement Tupamaro","Venezuela"
"VE: Tupamaro (TUPAMARO)",9283,"Tupamaro","Revolutionary Movement Tupamaro","Venezuela"
"VE: Un Nuevo Tiempo (UNT)",849,"UNT","A New Era","Venezuela"
"VE: Un Solo Pueblo (USP)",,,,"Venezuela"
"VE: Unión Popular Venezolana (UPV)",,,,"Venezuela"
"VE: Vente Venezuela (VENTE)",,,,"Venezuela"
"VE: Voluntad Popular",7976,"VP","Popular Will","Venezuela"
"VE: Voluntad Popular (VP)",7976,"VP","Popular Will","Venezuela"
"VOLUNTAD POPULAR (Liberal)",7976,"VP","Popular Will","Venezuela"
"Voluntad Popular",7976,"VP","Popular Will","Venezuela"
"We Can - PODEMOS",413,"PODEMOS","For Social Democracy","Venezuela"
"We Can - PODEMOS (Left)",413,"PODEMOS","For Social Democracy","Venezuela"
"We can - Podemos (Left)",413,"PODEMOS","For Social Democracy","Venezuela"
"Al-Islah",4163,"Islah","Yemeni Congregation for Reform","Yemen"
"Ansar Allah (Houthis)",,,,"Yemen"
"Arab Ba'ath Party",8928,"ASBP-Y","Arab Socialist Ba'ath Party – Yemen Region","Yemen"
"Arrashad Union Party",,,,"Yemen"
"Coalition Joint Meeting (Islah, YSP, ...)",,,,"Yemen"
"Democratic Ba'ath Party",,,,"Yemen"
"Democratic Nasserist",,,,"Yemen"
"Faithful Youth Party",,,,"Yemen"
"General People's Congress",4162,"GPC","General People's Congress","Yemen"
"General People's Congress (GPC)",4162,"GPC","General People's Congress","Yemen"
"General People´s Congress",4162,"GPC","General People's Congress","Yemen"
"Houthis (Ansar Allah)",,,,"Yemen"
"Iraqi National Ba'ath Party",,,,"Yemen"
"Justice and Construction",,,,"Yemen"
"Justice and Development Party",,,,"Yemen"
"Justice and Freedom Party",,,,"Yemen"
"Naciri",4328,"NUPO","Nasserist Unionist People's Organisation","Yemen"
"Nasserist Unionist People's Organisation",4328,"NUPO","Nasserist Unionist People's Organisation","Yemen"
"Nasserist Unionist People´s Organization",4328,"NUPO","Nasserist Unionist People's Organisation","Yemen"
"National Solidarity Party",,,,"Yemen"
"Party of Right",,,,"Yemen"
"Popular Forces Union",,,,"Yemen"
"Rashad Salafi",,,,"Yemen"
"Resurrection",,,,"Yemen"
"Salafi Rashad Union Party",,,,"Yemen"
"Social Green Party",,,,"Yemen"
"Socialist",4164,"YSP","Yemeni Socialist Party","Yemen"
"Southern Movement",,,,"Yemen"
"Umma Party",,,,"Yemen"
"Workers' Party",,,,"Yemen"
"Yemeni Construction and Development Party",,,,"Yemen"
"Yemeni Rally for Reform",4163,"Islah","Yemeni Congregation for Reform","Yemen"
"Yemeni Socialist Party",4164,"YSP","Yemeni Socialist Party","Yemen"
"al-Haqq Party",,,,"Yemen"
"al-Islah",4163,"Islah","Yemeni Congregation for Reform","Yemen"
"APC - All Peoples Congress Party",,,,"Zambia"
"Agenda for Zambia (AZ)",,,,"Zambia"
"Alliance for Democracy & Development (ADD)",,,,"Zambia"
"Alliance for Democracy and Development (ADD)",,,,"Zambia"
"Congress of Democrats",,,,"Zambia"
"Democratic Party (DP)",7290,"DP","Dominion Party","Zambia"
"Democratic Party or  DP",7290,"DP","Dominion Party","Zambia"
"FDD",2332,"FDD","Forum for Democracy and Development","Zambia"
"Forum for Democracy & Development (FDD)",2332,"FDD","Forum for Democracy and Development","Zambia"
"Forum for Democracy & Developments  (FDD)",2332,"FDD","Forum for Democracy and Development","Zambia"
"Forum for Democracy (FDD)",2332,"FDD","Forum for Democracy and Development","Zambia"
"Forum for Democracy and Development",2332,"FDD","Forum for Democracy and Development","Zambia"
"Forum for Democrasy and Development (FDD)",2332,"FDD","Forum for Democracy and Development","Zambia"
"Green Party",,,,"Zambia"
"Green Party (GP)",,,,"Zambia"
"HP Heritage party",3685,"HP","Heritage Party","Zambia"
"Heritage Party",3685,"HP","Heritage Party","Zambia"
"Heritage Party (HP)",3685,"HP","Heritage Party","Zambia"
"Heritage party (HP)",3685,"HP","Heritage Party","Zambia"
"MD (Movement for Multi Party Democracy)",2333,"MMD","Movement for Multi-party Democracy","Zambia"
"MMD",2333,"MMD","Movement for Multi-party Democracy","Zambia"
"Movement for Multi-party Democracy (MMD)",2333,"MMD","Movement for Multi-party Democracy","Zambia"
"Movement for Multiparty Democracy (MMD)",2333,"MMD","Movement for Multi-party Democracy","Zambia"
"Movement for Multiparty Democracy or MMD",2333,"MMD","Movement for Multi-party Democracy","Zambia"
"NP",4126,"NP","National Party","Zambia"
"National Democratic Congress (NDC)",,,,"Zambia"
"National Democratic Congress or  NDC",,,,"Zambia"
"National Movement for Progress (NMP)",,,,"Zambia"
"National Party (NP)",4126,"NP","National Party","Zambia"
"National Restoration Party  (NAREP)",,,,"Zambia"
"National Restoration Party (NAREP)",,,,"Zambia"
"National Restoration Party or  NAREP",,,,"Zambia"
"PF",2302,"PF","Patriotic Front","Zambia"
"PF (Patriotic Front)",2302,"PF","Patriotic Front","Zambia"
"Patriotic Front (PF)",2302,"PF","Patriotic Front","Zambia"
"Patriotic Front or  PF",2302,"PF","Patriotic Front","Zambia"
"Patriots for Economic Progress (PeP)",,,,"Zambia"
"Patriots for Economic Progress or  PeP",,,,"Zambia"
"People's Alliance for Change or PAC",,,,"Zambia"
"Peoples Party (PP)",,,,"Zambia"
"Socialist Party of Zambia",,,,"Zambia"
"UDA (United Democratic Alliance)",7187,"UDA","United Democratic Alliance","Zambia"
"UNIP",2334,"UNIP","United National Independence Party","Zambia"
"UPND",2335,"UPND","United Party for National Development","Zambia"
"United Liberal Party",4127,"ULP","United Liberal Party","Zambia"
"United National Independence Party (UNIP)",2334,"UNIP","United National Independence Party","Zambia"
"United National Independence Party or  UNIP",2334,"UNIP","United National Independence Party","Zambia"
"United National Independent Party (UNIP)",2334,"UNIP","United National Independence Party","Zambia"
"United Party for National Development  or UPND",2335,"UPND","United Party for National Development","Zambia"
"United Party for National Development (UPND)",2335,"UPND","United Party for National Development","Zambia"
"United People's Party or UPP",,,,"Zambia"
"United Peoples Party (UPP)",,,,"Zambia"
"Workers Revolutionary Party",,,,"Zambia"
"ZRP",4124,"ZRP","Zambia Republican Party","Zambia"
"Zambia Alliance for Progress (ZAP)",,,,"Zambia"
"Zambia Democratic Congress (ZDC)",4125,"ZDC","Zambia Democratic Congress","Zambia"
"Zambians for Empowerment & Development (ZED)",,,,"Zambia"
"1980 Freedom Movement Zimbabwe",,,,"Zimbabwe"
"Alliance for People's Agenda",,,,"Zimbabwe"
"Bethel Christian Party",,,,"Zimbabwe"
"Build Zimbabwe Alliance",,,,"Zimbabwe"
"Citizens Coalition for Change - CCC] - Chamisa",,,,"Zimbabwe"
"Coalition of Democrats",,,,"Zimbabwe"
"Conservative Alliance of Zimbabwe",5345,"RF/CAZ","Rhodesian Front / Conservative Alliance of Zimbabwe","Zimbabwe"
"Democratic Opposition Party",,,,"Zimbabwe"
"Democratic Party",7286,"DP","Dominion Party","Zimbabwe"
"FreeZim Congress",,,,"Zimbabwe"
"Front for Popular Democracy",,,,"Zimbabwe"
"Labour Party",,,,"Zimbabwe"
"Liberty Party",,,,"Zimbabwe"
"MDC",3558,"MDC","Movement for Democratic Change","Zimbabwe"
"MDC Renewal Team [Tendai Biti]",,,,"Zimbabwe"
"MDC Renewal Team/People's Democratic Party [Tendai Biti]",7986,"PDP","People's Democratic Party","Zimbabwe"
"Mavambo.Kusile.Dawn (MKD)",,,,"Zimbabwe"
"Mavambo.Kusile.Dawn [MKD]",,,,"Zimbabwe"
"Mavambo.Kusile.Dawn [MKD] – Simba Makoni",,,,"Zimbabwe"
"Mavambo.Kusile.Dawn. (MKD)",,,,"Zimbabwe"
"Mavambo/Kusile/Dawn",,,,"Zimbabwe"
"Movement for Democratic Change",3558,"MDC","Movement for Democratic Change","Zimbabwe"
"Movement for Democratic Change  (MDC-T) -  Mwonzora",3559,"MDC—T","Movement for Democratic Change—Tsvangirai","Zimbabwe"
"Movement for Democratic Change (MDC) - Chamisa",3558,"MDC","Movement for Democratic Change","Zimbabwe"
"Movement for Democratic Change - MDC-T - Khupe",3559,"MDC—T","Movement for Democratic Change—Tsvangirai","Zimbabwe"
"Movement for Democratic Change - Mutambara (MDC-M)",,,,"Zimbabwe"
"Movement for Democratic Change – Mutambara [MDC-M]",,,,"Zimbabwe"
"Movement for Democratic Change – Ncub",3560,"MDC—N","Movement for Democratic Change—Ncube","Zimbabwe"
"Movement for Democratic Change – Tsvangirai",3559,"MDC—T","Movement for Democratic Change—Tsvangirai","Zimbabwe"
"Movement for Democratic Change-Mutambara (MDC-M)",,,,"Zimbabwe"
"Movement for Democratic Change-Mutambara [MDC-M]",,,,"Zimbabwe"
"Movement for Democratic Change-Ncube (MDC-N)",3560,"MDC—N","Movement for Democratic Change—Ncube","Zimbabwe"
"Movement for Democratic Change-Ncube [MDC-N]",3560,"MDC—N","Movement for Democratic Change—Ncube","Zimbabwe"
"Movement for Democratic Change-Tsvangarai (MDC-T)",3559,"MDC—T","Movement for Democratic Change—Tsvangirai","Zimbabwe"
"Movement for Democratic Change-Tsvangirai [MDC-T]",3559,"MDC—T","Movement for Democratic Change—Tsvangirai","Zimbabwe"
"Movement for democratic Change-Tsvangirai (MDC-T)",3559,"MDC—T","Movement for Democratic Change—Tsvangirai","Zimbabwe"
"National Alliance for Good Governance",,,,"Zimbabwe"
"National Alliance of Patriotic and Democratic Republicans",,,,"Zimbabwe"
"National Constitutional Assembly",,,,"Zimbabwe"
"National Patriotic Front",,,,"Zimbabwe"
"National Patriotic Front (NPF)",,,,"Zimbabwe"
"National People's Party (NPP) – Joice Mujuru",6617,"NPP","National First Party / National People's Party","Zimbabwe"
"New Patriotic Front",,,,"Zimbabwe"
"People's Progressive Party",,,,"Zimbabwe"
"Rebuilding Zimbabwe Party",,,,"Zimbabwe"
"Republican Party",,,,"Zimbabwe"
"Transparency Front",,,,"Zimbabwe"
"United Democracy Movement",,,,"Zimbabwe"
"United Democratic Alliance",,,,"Zimbabwe"
"United Democratic Front",,,,"Zimbabwe"
"United Parties",,,,"Zimbabwe"
"ZANU NDONGA",6032,"ZANU-N","Zimbabwe African National Union-Ndongo","Zimbabwe"
"ZANU PF",3305,"ZANU — PF","Zimbabwe African National Union — Patriotic Front","Zimbabwe"
"ZANU-PF",3305,"ZANU — PF","Zimbabwe African National Union — Patriotic Front","Zimbabwe"
"ZAPU 2000",5344,"ZAPU","Zimbabwe African People's Union","Zimbabwe"
"ZIYA",,,,"Zimbabwe"
"Zanu Ndonga",6032,"ZANU-N","Zimbabwe African National Union-Ndongo","Zimbabwe"
"Zimbabwe Africa People's Union-Dabengwa [ZANU-Dabengwa]",5344,"ZAPU","Zimbabwe African People's Union","Zimbabwe"
"Zimbabwe African National Union - Patriotic Front (ZANU-PF)",3305,"ZANU — PF","Zimbabwe African National Union — Patriotic Front","Zimbabwe"
"Zimbabwe African National Union – Patriotic Front",3305,"ZANU — PF","Zimbabwe African National Union — Patriotic Front","Zimbabwe"
"Zimbabwe African National Union- Patriotic Front [ZANU-PF]",3305,"ZANU — PF","Zimbabwe African National Union — Patriotic Front","Zimbabwe"
"Zimbabwe African National Union-Patriotic Front (ZANU-PF)",3305,"ZANU — PF","Zimbabwe African National Union — Patriotic Front","Zimbabwe"
"Zimbabwe African National Union-Patriotic Front [ZANU-PF]",3305,"ZANU — PF","Zimbabwe African National Union — Patriotic Front","Zimbabwe"
"Zimbabwe African Patriotic Union-Dabengwa (ZAPU-Dabengwa)",5344,"ZAPU","Zimbabwe African People's Union","Zimbabwe"
"Zimbabwe African People's Union",5344,"ZAPU","Zimbabwe African People's Union","Zimbabwe"
"Zimbabwe African People's Union  (ZAPU)",5344,"ZAPU","Zimbabwe African People's Union","Zimbabwe"
"Zimbabwe African People's Union (ZAPU)",5344,"ZAPU","Zimbabwe African People's Union","Zimbabwe"
"Zimbabwe African People's Union –Dabengwa [ZAPU-Dabengwa ]",5344,"ZAPU","Zimbabwe African People's Union","Zimbabwe"
"Zimbabwe African Peoples Union",5344,"ZAPU","Zimbabwe African People's Union","Zimbabwe"
"Zimbabwe African national Union-Patriotic Front (ZANU-PF)",3305,"ZANU — PF","Zimbabwe African National Union — Patriotic Front","Zimbabwe"
"Zimbabwe African peoples Union Federal Party",,,,"Zimbabwe"
"Zimbabwe Integrated Party",,,,"Zimbabwe"
"Zimbabwe Partnership for Prosperity",,,,"Zimbabwe"
"Zimbabwe Party",,,,"Zimbabwe"
"Zimbabwe People First [ZPF] – Joice Mujuru",7988,"ZPF","Zimbabwe People First","Zimbabwe"
"Zimbabwe People's Democratic Party",7986,"PDP","People's Democratic Party","Zimbabwe"
"Zimbabwe Union of Democrats",,,,"Zimbabwe"
"Zimbabwe Unity Movement",6239,"ZUM","Zimbabwe Unity Movement","Zimbabwe"
